Workbook
Name ____________DAD11: #REF!
Name _________DAD11: #REF!
Name _________DAD11: #REF!
Name _________DAD11: #REF!
Name _________DAD11: #REF!
Name _________DAD11: #REF!
Name _________DAD11: #REF!
Name _________DAD11: #REF!
Name _________DAD11: #REF!
Name ________DAD11: #REF!
Name _____DAD11: #REF!
Name ____DAD11: #REF!
Name ___DAD11: #REF!
Name __DAD11: #REF!
Name _DAD11: #REF!
Name a: #REF!
Name a: #REF!
Name a: #REF!
Name a: #REF!
Name a: #REF!
Name a: #REF!
Name a: #REF!
Name a: #REF!
Name AA: #REF!
Name AA: #REF!
Name AA: #REF!
Name AA: #REF!
Name AA: #REF!
Name AA: #REF!
Name AA: #REF!
Name AA: #REF!
Name aaa: #REF!
Name aaa: #REF!
Name aaa: #REF!
Name aaa: #REF!
Name aaa: #REF!
Name aaa: #REF!
Name aaa: #REF!
Name aaa: #REF!
Name ADNAN: '[1]Main 1'!$M$68
Name B: #REF!
Name B: #REF!
Name B: #REF!
Name B: #REF!
Name B: #REF!
Name B: #REF!
Name B: #REF!
Name B: #REF!
Name ccc: #REF!
Name ccc: #REF!
Name ccc: #REF!
Name ccc: #REF!
Name ccc: #REF!
Name ccc: #REF!
Name ccc: #REF!
Name ccc: #REF!
Name ccc: #REF!
Name ccc: #REF!
Name ccc: #REF!
Name ccc: #REF!

Sheet Title
A1: HITACHI | H1: CT / VT | O1: Contract No. | R1: N-19957.1-DF5W
H2: ADEQUACY CHECK | O2: Date | R2: 46106
H3: LT14 - LEWIS 400/132kV SUBSTATION | O3: Document No. | R3: -
O4: Revision No. | R4: A
A5: Prep. By | C5: AP | D5: Checked By | G5: RB | H5: Title Sheet | O5: Contractor | R5: HITACHI
E17: =H3 -> LT14 - LEWIS 400/132kV SUBSTATION
E19: CT/VT ADEQUACY CHECK
L21: CT & VT CALCULATIONS
M33: Hitachi
M34: Substation Automation Systems
M36: Date: | P36: =R2 -> 46106
M37: Prepared by: | P37: Arulprakasam K
M38: Checked by: | P38: Ramesh Babu
M39: Approved by: | P39: Rudresh N

Sheet INDEX
A1: HITACHI | H1: =Title!H1 -> CT / VT | O1: =Title!O1 -> Contract No. | R1: =Title!R1 -> N-19957.1-DF5W
H2: =Title!H2 -> ADEQUACY CHECK | O2: =Title!O2 -> Date | R2: =Title!R2 -> 46106
H3: =Title!H3 -> LT14 - LEWIS 400/132kV SUBSTATION | O3: =Title!O3 -> Document No. | R3: =Title!R3 -> -
O4: =Title!O4 -> Revision No. | R4: =Title!R4 -> A
A5: =Title!A5 -> Prep. By | C5: =Title!C5 -> AP | D5: =Title!D5 -> Checked By | G5: =Title!G5 -> RB | H5: Index | O5: =Title!O5 -> Contractor | R5: =Title!R5 -> HITACHI
C8: INDEX
R10: Pg:No
C11: 1 | D11: NOTES | N11: Page 4 of 25 | R11: 3
C12: 2 | D12: SUMMARY SHEET | N12: Page 5 of 25 | R12: 4 | Y12: CT / VT Data Summary
C13: 3 | D13: CT/VT BURDEN DETAILS | Q13: - | R13: 11
C14: 4 | D14: CT ADEQUACY CHECK | R14: 13
C15: 5 | D15: PARAMETERS AND FAULT CALCULATIONS | Q15: - | R15: 14 | Y15: Parameters & Fault Calculations
C16: 6 | D16: BUS SECTION COUPLER | R16: 18
C17: 7 | D17: TRANSFORMER FEEDER | R17: 30
C18: 8 | D18: LINE PROTECTION 400KV FEEDERS | R18: 40
C19: 9 | D19: LINE PROTECTION HVDC FEEDERS | R19: 59
C20: 10 | D20: VT ADEQUACY CHECK | R20: 78
C21: 11 | D21: HVDC FEEDER VT | R21: 79
C22: 12 | D22: FEEDER VT | R22: 84
C23: 13 | D23: SGT 1,2 &3 VT | R23: 89
AD30: Supporting Documents
C31: ANNEXURE-A | G31: Over All SLD | R31: 92 | AD31: Annexure- A | AG31: Relays Burden
C32: ANNEXURE-B | G32: Input requirements list | R32: 94 | AD32: Annexure- B | AG32: CT requirements of RET670
C33: ANNEXURE-C | G33: CT requirements of RED670 | R33: 99 | AD33: Annexure- C | AG33: CT requirements of RET615
C34: ANNEXURE-D | G34: CT requirements of REF650 | R34: 109 | AD34: Annexure- D | AG34: CT requirements of REF615
C35: ANNEXURE-E | G35: CT requirements of REC670 | R35: 119 | AD35: Annexure- E | AG35: ESI Standard 48-3
C36: ANNEXURE-F | G36: CT requirements of REB500 | R36: 123
C37: ANNEXURE-G | G37: CT requirements of P545 | R37: 127 | AD37: Annexure- E | AG37: ESI Standard 48-3
C38: ANNEXURE-H | G38: CT requirements of 7SL86 | R38: 249 | AD38: Annexure- F | AG38: 220kV SS-516 SLD
C39: ANNEXURE-I | G39: CT requirements of SEL487E | R39: 255
C40: ANNEXURE-H | G40: CT requirements of IDM+X | R40: 137
C41: ANNEXURE-I | G41: CT requirements of P743 | R41: 142
C42: ANNEXURE-J | G42: CT requirements of MFAC | R42: 147

Sheet Notes Or Assumptions
A1: HITACHI | H1: =Title!H1 -> CT / VT | O1: =Title!O1 -> Contract No. | R1: =Title!R1 -> N-19957.1-DF5W
H2: =Title!H2 -> ADEQUACY CHECK | O2: =Title!O2 -> Date | R2: =Title!R2 -> 46106
H3: =Title!H3 -> LT14 - LEWIS 400/132kV SUBSTATION | O3: =Title!O3 -> Document No. | R3: =Title!R3 -> -
O4: =Title!O4 -> Revision No. | R4: =Title!R4 -> A
A5: =Title!A5 -> Prep. By | C5: =Title!C5 -> AP | D5: =Title!D5 -> Checked By | G5: =Title!G5 -> RB | H5: Notes | O5: =Title!O5 -> Contractor | R5: =Title!R5 -> HITACHI
C8: Notes
B10: 1 | C10: The maximum CT lead length from the SWGR CT secondary terminal to relay terminals are considered as 150m
B12: 2 | C12: Size of the CT lead considered as 2.5 Sq. mm for calculation | Z12: 165m Lead Resistance of the current loop from the 33kV Incomer SWGR to 220kV Transformer Protection Panel.
B13: 3 | C13: The maximum VT lead length from the VT secondary terminal to relay terminals are considered as 150m
B14: 4 | C14: Size of the VT lead considered as 2.5 Sq. mm for calculation
B15: 5 | C15: Bus fault level is considered as 63kA for 400kV
B16: 6 | C16: X/R ratio is considered as 50 for 400kV system.
G53: Notes
G54: 1. CT Adequacy Check calculation of Remote End Cable Feeders are part of different submission
G55: 2. The CT sizing calculation is done for two type of relays RED670 and 7SD522 for cable feeders
G56: 3. Class X type CTs are proposed against that of Class TPS type CTs as per SOW
H62: Note:
G63: 1 | H63: This Calculation is Applicable for all the three S/S
G64: 2
H65: MV Max. Bus fault level/Switchgear Rating is assumed as 31.5kA as per Specification S-AAA-GEN-SFL (REV.0-2011) clause 3
H66: MV X/R Ratio is assumed as 15
H67: LV Max. Bus fault level/Switchgear Rating is assumed as 25kA as per Specification S-AAA-GEN-SFL (REV.0-2011) clause 3
H68: LV X/R Ratio is assumed as 15
H69: Power Cable Type is assumed as CU XLPE type .
H70: Positive Sequence Resistance, Positive Sequence Reactance , Zero Sequence Resistance and Zero Sequence Reactance of the power cable are assumed
H71: Route Length of the power cable is assumed as 5km
H72: Minimum 33kV Busbar Fault Current is Assumed as 20kA
H73: 33/11kV Transformer Impedance is Assumed to be 12%

Sheet CT-VT Data landscape
A1: HITACHI | H1: =Title!H1&" "&Title!H2 -> CT / VT ADEQUACY CHECK | T1: =Title!O1 -> Contract No. | W1: =Title!R1 -> N-19957.1-DF5W
T2: =Title!O2 -> Date | W2: =Title!R2 -> 46106
H3: =Title!H3 -> LT14 - LEWIS 400/132kV SUBSTATION | T3: =Title!O3 -> Document No. | W3: =Title!R3 -> -
T4: =Title!O4 -> Revision No. | W4: =Title!R4 -> A
A5: =Title!A5 -> Prep. By | C5: =Title!C5 -> AP | D5: =Title!D5 -> Checked By | G5: =Title!G5 -> RB | H5: Summary Sheet | T5: =Title!O5 -> Contractor | W5: =Title!R5 -> HITACHI
H7: CT parameters (Summary)
A8: 220/132kV Over All Transformer Differential (320MVA) Q08, Q13
A9: (Transformer Differential - 132kV side CT)
A10: CT / Core | D10: Ratio (A) | G10: CT Cable m/mm2 | I10: Class | K10: Rct @ 75OC (Ω) | M10: Rated Vk (V) | O10: Im @ Vk (mA) | Q10: Connected Devices | S10: CT Suitability | W10: Required Vk (V)
A11: ='[2]RET670_650-PX (LV)'!A398 -> BC1 | B11: ='[2]RET670_650-PX (LV)'!B398 -> Core1 | D11: ='[2]RET670_650-PX (LV)'!D398 -> 1500 | F11: ='[2]RET670_650-PX (LV)'!F398 -> 1 | G11: ='[2]RET670_650-PX (LV)'!G398 -> 50 | H11: ='[2]RET670_650-PX (LV)'!H398 -> 2.5 | I11: ='[2]RET670_650-PX (LV)'!I398 -> PX | K11: ='[2]RET670_650-PX (LV)'!K398 -> 3 | M11: ='[2]RET670_650-PX (LV)'!M398 -> 1500 | O11: ='[2]RET670_650-PX (LV)'!O398 -> 37.76 | Q11: ='[2]RET670_650-PX (LV)'!Q398 -> RET670 | S11: ='[2]RET670_650-PX (LV)'!S398 -> Suitably Dimensioned | W11: ='[2]RET670_650-PX (LV)'!H100 -> 94.143205
D12: ='[2]RET670_650-PX (LV)'!D399 -> - | K12: ='[2]RET670_650-PX (LV)'!K399 -> - | M12: ='[2]RET670_650-PX (LV)'!M399 -> - | O12: ='[2]RET670_650-PX (LV)'!O399 -> - | S12: - | W12: -
D13: ='[2]RET670_650-PX (LV)'!D400 -> - | K13: ='[2]RET670_650-PX (LV)'!K400 -> - | M13: ='[2]RET670_650-PX (LV)'!M400 -> - | O13: ='[2]RET670_650-PX (LV)'!O400 -> - | S13: ='[2]RET670_650-PX (LV)'!S400 -> - | W13: -
A14: (Transformer Differential - 220kV side CT)
A15: CT / Core | D15: Ratio (A) | G15: CT Cable m/mm2 | I15: Class | K15: Rct @ 75OC (Ω) | M15: Rated Vk (V) | O15: Im @ Vk (mA) | Q15: Connected Devices | S15: CT Suitability | W15: Required Vk (V)
A16: ='[2]RET670_650-PX (HV-T12) '!A398 -> T12 | B16: ='[2]RET670_650-PX (HV-T12) '!B398 -> Core1 | D16: ='[2]RET670_650-PX (HV-T12) '!D398 -> 1200 | F16: ='[2]RET670_650-PX (HV-T12) '!F398 -> 1 | G16: ='[2]RET670_650-PX (HV-T12) '!G398 -> 50 | H16: ='[2]RET670_650-PX (HV-T12) '!H398 -> 2.5 | I16: ='[2]RET670_650-PX (HV-T12) '!I398 -> PX | K16: ='[2]RET670_650-PX (HV-T12) '!K398 -> 5 | M16: ='[2]RET670_650-PX (HV-T12) '!M398 -> 1000 | O16: ='[2]RET670_650-PX (HV-T12) '!O398 -> 30 | Q16: ='[2]RET670_650-PX (HV-T12) '!Q398 -> RET670 | S16: ='[2]RET670_650-PX (HV-T12) '!S398 -> Suitably Dimensioned | W16: ='[2]RET670_650-PX (HV-T12) '!H100 -> 177.39685
D17: ='[2]RET670_650-PX (HV-T12) '!D399 -> - | K17: ='[2]RET670_650-PX (HV-T12) '!K399 -> - | M17: ='[2]RET670_650-PX (HV-T12) '!M399 -> - | O17: ='[2]RET670_650-PX (HV-T12) '!O399 -> - | S17: ='[2]RET670_650-PX (HV-T12) '!S399 -> - | W17: -
D18: ='[2]RET670_650-PX (HV-T12) '!D400 -> - | K18: ='[2]RET670_650-PX (HV-T12) '!K400 -> - | M18: ='[2]RET670_650-PX (HV-T12) '!M400 -> - | O18: ='[2]RET670_650-PX (HV-T12) '!O400 -> - | S18: ='[2]RET670_650-PX (HV-T12) '!S400 -> - | W18: -
A19: (OCEF Protection)
A20: CT / Core | D20: Ratio (A) | G20: CT Cable m/mm2 | I20: Class | K20: Rct @ 75OC (Ω) | M20: Rated Vk (V) | O20: Im @ Vk (mA) | Q20: Connected Devices | S20: CT Suitability | W20: Required Vk (V)
A21: ='[2]REF615 OC-5P (5)'!A141 -> BC1 | B21: ='[2]REF615 OC-5P (5)'!B141 -> Core3 | D21: ='[2]REF615 OC-5P (5)'!D141 -> 1500 | F21: ='[2]REF615 OC-5P (5)'!F141 -> 1 | G21: ='[2]REF615 OC-5P (5)'!G141 -> 50 | H21: ='[2]REF615 OC-5P (5)'!H141 -> 2.5 | I21: ='[2]REF615 OC-5P (5)'!I141 -> 5P | K21: ='[2]REF615 OC-5P (5)'!K141 -> 4 | M21: ='[2]REF615 OC-5P (5)'!M141 -> 30 | O21: ='[2]REF615 OC-5P (5)'!O141 -> - | Q21: ='[2]REF615 OC-5P (5)'!Q141 -> REF615+REF615 | S21: ='[2]REF615 OC-5P (5)'!S141 -> Suitably Dimensioned | W21: ='[2]REF615 OC-5P (5)'!G40 -> 26.666667
D22: ='[2]REF615 OC-5P (5)'!D142 -> - | K22: ='[2]REF615 OC-5P (5)'!K142 -> - | M22: ='[2]REF615 OC-5P (5)'!M142 -> - | O22: ='[2]REF615 OC-5P (5)'!O142 -> - | S22: ='[2]REF615 OC-5P (5)'!S142 -> - | W22: -
D23: ='[2]REF615 OC-5P (5)'!D143 -> - | K23: ='[2]REF615 OC-5P (5)'!K143 -> - | M23: ='[2]REF615 OC-5P (5)'!M143 -> - | O23: ='[2]REF615 OC-5P (5)'!O143 -> - | S23: ='[2]REF615 OC-5P (5)'!S143 -> - | W23: -
A24: (Low Imp. Busbar - 132kV side CT)
A25: CT / Core | D25: Ratio (A) | G25: CT Cable m/mm2 | I25: Class | K25: Rct @ 75OC (Ω) | M25: Rated Vk (V) | O25: Im @ Vk (mA) | Q25: Connected Devices | S25: CT Suitability | W25: Required Vk (V)
A26: ='[2]REB500-PX (5)'!A260 -> BC1 | B26: ='[2]REB500-PX (5)'!B260 -> Core5 | D26: ='[2]REB500-PX (5)'!D260 -> 3150 | F26: ='[2]REB500-PX (5)'!F260 -> 1 | G26: ='[2]REB500-PX (5)'!G260 -> 100 | H26: ='[2]REB500-PX (5)'!H260 -> 4 | I26: ='[2]REB500-PX (5)'!I260 -> PX | K26: ='[2]REB500-PX (5)'!K260 -> 10 | M26: ='[2]REB500-PX (5)'!M260 -> 3150 | O26: ='[2]REB500-PX (5)'!O260 -> 210.8 | Q26: ='[2]REB500-PX (5)'!Q260 -> REB500 | S26: ='[2]REB500-PX (5)'!S260 -> Suitably Dimensioned | W26: ='[2]REB500-PX (5)'!G148 -> 10
D27: ='[2]REB500-PX (5)'!D261 -> 1500 | K27: ='[2]REB500-PX (5)'!K261 -> 5 | M27: ='[2]REB500-PX (5)'!M261 -> 1000 | O27: ='[2]REB500-PX (5)'!O261 -> 147.73 | S27: ='[2]REB500-PX (5)'!S261 -> Suitably Dimensioned | W27: -
D28: ='[2]REB500-PX (5)'!D262 -> - | K28: ='[2]REB500-PX (5)'!K262 -> - | M28: ='[2]REB500-PX (5)'!M262 -> - | O28: ='[2]REB500-PX (5)'!O262 -> - | S28: ='[2]REB500-PX (5)'!S262 -> - | W28: -
A33: (Hi Imp. REF - 132kV Side CT)
A34: CT / Core | D34: Ratio (A) | G34: CT Cable m/mm2 | I34: Class | K34: Rct @ 75OC (Ω) | M34: Rated Vk (V) | O34: Im @ Vk (mA) | Q34: Connected Devices | S34: CT Suitability | W34: Required Vk (V)
A35: ='[2]RET615_Trafo LV REF (High)'!A91 -> BC1 | B35: ='[2]RET615_Trafo LV REF (High)'!B91 -> Core2 | D35: ='[2]RET615_Trafo LV REF (High)'!D91 -> 1500 | F35: ='[2]RET615_Trafo LV REF (High)'!F91 -> 1 | G35: ='[2]RET615_Trafo LV REF (High)'!G91 -> 50 | H35: ='[2]RET615_Trafo LV REF (High)'!H91 -> 2.5 | I35: ='[2]RET615_Trafo LV REF (High)'!I91 -> PX | K35: ='[2]RET615_Trafo LV REF (High)'!K91 -> 3 | M35: ='[2]RET615_Trafo LV REF (High)'!M91 -> 1500 | O35: ='[2]RET615_Trafo LV REF (High)'!O91 -> 74.39 | Q35: ='[2]RET615_Trafo LV REF (High)'!Q91 -> RET615 | S35: ='[2]RET615_Trafo LV REF (High)'!S91 -> Suitably Dimensioned | W35: ='[2]RET615_Trafo LV REF (High)'!G78 -> 308.19171
D36: ='[2]RET615_Trafo LV REF (High)'!D92 -> - | K36: ='[2]RET615_Trafo LV REF (High)'!K92 -> - | M36: ='[2]RET615_Trafo LV REF (High)'!M92 -> - | O36: ='[2]RET615_Trafo LV REF (High)'!O92 -> - | S36: ='[2]RET615_Trafo LV REF (High)'!S92 -> -
D37: ='[2]RET615_Trafo LV REF (High)'!D93 -> - | K37: ='[2]RET615_Trafo LV REF (High)'!K93 -> - | M37: ='[2]RET615_Trafo LV REF (High)'!M93 -> - | O37: ='[2]RET615_Trafo LV REF (High)'!O93 -> - | S37: ='[2]RET615_Trafo LV REF (High)'!S93 -> -
A38: ='[2]RET615_Trafo LV REF (High)'!A94 -> T2N | B38: ='[2]RET615_Trafo LV REF (High)'!B94 -> Core1 | D38: ='[2]RET615_Trafo LV REF (High)'!D94 -> 1500 | F38: ='[2]RET615_Trafo LV REF (High)'!F94 -> 1 | G38: ='[2]RET615_Trafo LV REF (High)'!G94 -> 50 | H38: ='[2]RET615_Trafo LV REF (High)'!H94 -> 2.5 | I38: ='[2]RET615_Trafo LV REF (High)'!I94 -> PX | K38: ='[2]RET615_Trafo LV REF (High)'!K94 -> 10 | M38: ='[2]RET615_Trafo LV REF (High)'!M94 -> 1500 | O38: ='[2]RET615_Trafo LV REF (High)'!O94 -> 100 | Q38: ='[2]RET615_Trafo LV REF (High)'!Q94 -> RET615 | S38: ='[2]RET615_Trafo LV REF (High)'!S94 -> Suitably Dimensioned | W38: ='[2]RET615_Trafo LV REF (High)'!G78 -> 308.19171
D39: ='[2]RET615_Trafo LV REF (High)'!D95 -> - | K39: ='[2]RET615_Trafo LV REF (High)'!K95 -> - | M39: ='[2]RET615_Trafo LV REF (High)'!M95 -> - | O39: ='[2]RET615_Trafo LV REF (High)'!O95 -> - | S39: ='[2]RET615_Trafo LV REF (High)'!S95 -> -
D40: ='[2]RET615_Trafo LV REF (High)'!D96 -> - | K40: ='[2]RET615_Trafo LV REF (High)'!K96 -> - | M40: ='[2]RET615_Trafo LV REF (High)'!M96 -> - | O40: ='[2]RET615_Trafo LV REF (High)'!O96 -> - | S40: ='[2]RET615_Trafo LV REF (High)'!S96 -> -
A41: ='[2]RET615_Trafo LV REF (High)'!A97 -> 0 | B41: ='[2]RET615_Trafo LV REF (High)'!B97 -> 0 | D41: ='[2]RET615_Trafo LV REF (High)'!D97 -> 1500 | F41: ='[2]RET615_Trafo LV REF (High)'!F97 -> 1 | G41: ='[2]RET615_Trafo LV REF (High)'!G97 -> 50 | H41: ='[2]RET615_Trafo LV REF (High)'!H97 -> 2.5 | I41: ='[2]RET615_Trafo LV REF (High)'!I97 -> PX | K41: ='[2]RET615_Trafo LV REF (High)'!K97 -> 3 | M41: ='[2]RET615_Trafo LV REF (High)'!M97 -> 1500 | O41: ='[2]RET615_Trafo LV REF (High)'!O97 -> 74.39 | Q41: ='[2]RET615_Trafo LV REF (High)'!Q97 -> RET615 | S41: ='[2]RET615_Trafo LV REF (High)'!S97 -> Suitably Dimensioned | W41: ='[2]RET615_Trafo LV REF (High)'!G78 -> 308.19171
D42: ='[2]RET615_Trafo LV REF (High)'!D98 -> - | K42: ='[2]RET615_Trafo LV REF (High)'!K98 -> - | M42: ='[2]RET615_Trafo LV REF (High)'!M98 -> - | O42: ='[2]RET615_Trafo LV REF (High)'!O98 -> - | S42: ='[2]RET615_Trafo LV REF (High)'!S98 -> -
D43: ='[2]RET615_Trafo LV REF (High)'!D99 -> - | K43: ='[2]RET615_Trafo LV REF (High)'!K99 -> - | M43: ='[2]RET615_Trafo LV REF (High)'!M99 -> - | O43: ='[2]RET615_Trafo LV REF (High)'!O99 -> - | S43: ='[2]RET615_Trafo LV REF (High)'!S99 -> -
A44: (BCU)
A45: CT / Core | D45: Ratio (A) | G45: CT Cable m/mm2 | I45: Class | K45: Rct @ 75OC (Ω) | M45: Rated Burden (VA) | Q45: Connected Devices | S45: CT Suitability
A46: ='[2]BCU-0.2FS (2)'!A137 -> BC1 | B46: ='[2]BCU-0.2FS (2)'!B137 -> Core4 | D46: ='[2]BCU-0.2FS (2)'!D137 -> 1500 | F46: ='[2]BCU-0.2FS (2)'!F137 -> 1 | G46: ='[2]BCU-0.2FS (2)'!H137 -> 50 | H46: ='[2]BCU-0.2FS (2)'!I137 -> 2.5 | I46: ='[2]BCU-0.2FS (2)'!J137 -> 1FS5 | K46: ='[2]BCU-0.2FS (2)'!O137 -> 20 | M46: ='[2]BCU-0.2FS (2)'!O137 -> 20 | O46: - | Q46: ='[2]BCU-0.2FS (2)'!R137 -> REC670 | S46: ='[2]BCU-0.2FS (2)'!U137 -> Not suitable
D47: - | K47: - | M47: - | O47: - | S47: -
D48: - | K48: - | M48: - | O48: - | S48: -
A49: (SBEF Protection - 132kV side CT)
A50: CT / Core | D50: Ratio (A) | G50: CT Cable m/mm2 | I50: Class | K50: Rct @ 75OC (Ω) | M50: Rated Burden (VA) | Q50: Connected Devices | S50: CT Suitability | W50: Required Vk (V)
A51: ='[2]REF615 OC-5P (SBEF)'!A141 -> T2N | B51: ='[2]REF615 OC-5P (SBEF)'!B141 -> Core2 | D51: ='[2]REF615 OC-5P (SBEF)'!D141 -> 1500 | F51: ='[2]REF615 OC-5P (SBEF)'!F141 -> 1 | G51: ='[2]REF615 OC-5P (SBEF)'!G141 -> 50 | H51: ='[2]REF615 OC-5P (SBEF)'!H141 -> 2.5 | I51: ='[2]REF615 OC-5P (SBEF)'!I141 -> 5P | J51: ='[2]REF615 OC-5P (SBEF)'!J141 -> 20 | K51: ='[2]REF615 OC-5P (SBEF)'!K141 -> 4 | M51: ='[2]REF615 OC-5P (SBEF)'!M141 -> 15 | O51: ='[2]REF615 OC-5P (SBEF)'!O141 -> - | Q51: ='[2]REF615 OC-5P (SBEF)'!Q141 -> REF615 | S51: ='[2]REF615 OC-5P (SBEF)'!S141 -> Suitably Dimensioned | W51: ='[2]REF615 OC-5P (SBEF)'!G40 -> 26.666667
D52: ='[2]REF615 OC-5P (SBEF)'!D142 -> - | K52: ='[2]REF615 OC-5P (SBEF)'!K142 -> - | M52: ='[2]REF615 OC-5P (SBEF)'!M142 -> - | O52: ='[2]REF615 OC-5P (SBEF)'!O142 -> - | S52: ='[2]REF615 OC-5P (SBEF)'!S142 -> - | W52: -
D53: ='[2]REF615 OC-5P (SBEF)'!D143 -> - | K53: ='[2]REF615 OC-5P (SBEF)'!K143 -> - | M53: ='[2]REF615 OC-5P (SBEF)'!M143 -> - | O53: ='[2]REF615 OC-5P (SBEF)'!O143 -> - | S53: ='[2]REF615 OC-5P (SBEF)'!S143 -> - | W53: -
A54: Bus section coupler (BC1 - 13, 01,00, 10)
A55: BUP - REF650,BCU - REC670
A56: CT / Core | D56: Ratio (A) | G56: CT Cable m/mm2 | I56: Class | K56: Rct @ 75OC (Ω) | M56: Requried Kssc' | O56: Im @ Vk (mA) | Q56: Connected Devices | S56: CT Suitability | W56: Available Kssc' | Z56: Required Vk (V)
A57: ='BUP BCU(1)'!A97 -> T1 | B57: ='BUP BCU(1)'!B97 -> Core1 | D57: ='BUP BCU(1)'!D97 -> 2500 | F57: ='BUP BCU(1)'!F97 -> 1 | G57: ='CT-VT Burdens'!S19 -> 50 | H57: ='CT-VT Burdens'!S10 -> 6 | I57: ='BUP BCU(1)'!I97 -> 5P20 | K57: ='BUP BCU(1)'!K97 -> 5 | M57: ='BUP BCU(1)'!M97 -> 20 | O57: - | Q57: ='BUP BCU(1)'!Q97 -> REF650 REC670 | S57: ='BUP BCU(1)'!S97 -> Suitably Dimentioned | W57: ='BUP BCU(1)'!O97 -> 127.53337 | Z57: ='RET670_650-PX (HV) (2)'!H110 -> 176.16547
D58: ='RED670_2.2C42-X (2)'!D432 -> - | K58: ='RED670_2.2C42-X (2)'!K432 -> - | M58: ='RED670_2.2C42-X (2)'!M432 -> - | O58: ='RED670_2.2C42-X (2)'!O432 -> - | S58: ='RED670_2.2C42-X (2)'!S432 -> - | W58: - | Z58: ='RET670_650-PX (HV) (2)'!H250 -> #VALUE!
D59: ='RED670_2.2C42-X (2)'!D433 -> - | K59: ='RED670_2.2C42-X (2)'!K433 -> - | M59: ='RED670_2.2C42-X (2)'!M433 -> - | O59: ='RED670_2.2C42-X (2)'!O433 -> - | S59: ='RED670_2.2C42-X (2)'!S433 -> - | W59: -
A60: BBP FU2 - P743
A61: CT / Core | D61: Ratio (A) | G61: CT Cable m/mm2 | I61: Class | K61: Rct @ 75OC (Ω) | M61: Rated Vk (V) | O61: Im @ Vk (mA) | Q61: Connected Devices | S61: CT Suitability | W61: Required Vk (V) | Z61: Required Vk (V)
A62: ='BBP P743(1)'!A270 -> T1 | B62: ='BBP P743(1)'!B270 -> Core2 | D62: ='BBP P743(1)'!D270 -> 2500 | F62: ='BBP P743(1)'!F270 -> 1 | G62: ='CT-VT Burdens'!S19 -> 50 | H62: ='CT-VT Burdens'!S10 -> 6 | I62: ='BBP P743(1)'!I270 -> PX-B | K62: ='BBP P743(1)'!K270 -> 5 | M62: ='BBP P743(1)'!M270 -> 750 | O62: ='BBP P743(1)'!O270 -> 60 | Q62: ='BBP P743(1)'!Q270 -> P743 | S62: ='BBP P743(1)'!S270 -> Suitably Dimentioned | W62: ='BBP P743(1)'!H56 -> 110.97519 | Z62: ='SEL487E-X'!H71 -> 176.67334
D63: ='BUP BCU'!D99 -> - | K63: - | M63: ='BUP BCU'!M99 -> - | O63: ='BUP BCU'!O99 -> - | S63: ='BUP BCU'!S99 -> - | W63: - | Z63: ='SEL487E-X'!H153 -> 194.2823
D64: ='BUP BCU'!D100 -> - | K64: ='BUP BCU'!K100 -> - | M64: ='BUP BCU'!M100 -> - | O64: ='BUP BCU'!O100 -> - | S64: ='BUP BCU'!S100 -> - | W64: -
A65: BBP FU1 - REB500 BU
A66: CT / Core | D66: Ratio (A) | G66: CT Cable m/mm2 | I66: Class | K66: Rct @ 75OC (Ω) | M66: Rated Vk (V) | O66: Im @ Vk (mA) | Q66: Connected Devices | S66: CT Suitability | W66: Required Vk (V) | Z66: Required Vk (V)
A67: ='BBP FU1 - REB500'!A265 -> T1 | B67: ='BBP FU1 - REB500'!B265 -> Core3 | D67: ='BBP FU1 - REB500'!D265 -> 2500 | F67: ='BBP FU1 - REB500'!F265 -> 1 | G67: ='BBP FU1 - REB500'!G265 -> 50 | H67: ='CT-VT Burdens'!S10 -> 6 | I67: ='BBP FU1 - REB500'!I265 -> PX - B | K67: ='BBP FU1 - REB500'!K265 -> 5 | M67: ='BBP FU1 - REB500'!M265 -> 750 | O67: ='BBP FU1 - REB500'!O265 -> 60 | Q67: ='BBP FU1 - REB500'!Q265 -> REB500 | S67: ='BBP FU1 - REB500'!S265 -> Suitable Dimensions | W67: ='BBP FU1 - REB500'!M82 -> 52.50009 | Z67: ='BCU+OC-5P SEL751+7SJ85'!G41 -> 10
D68: - | K68: - | M68: - | O68: ='BCU+OC-5P SEL751+7SJ85'!O139 -> - | S68: - | W68: - | Z68: ='BCU+OC-5P SEL751+7SJ85'!G82 -> 15.75
D69: ='BCU+OC-5P SEL751+7SJ85'!D140 -> - | K69: ='BCU+OC-5P SEL751+7SJ85'!K140 -> - | M69: ='BCU+OC-5P SEL751+7SJ85'!M140 -> - | O69: ='BCU+OC-5P SEL751+7SJ85'!O140 -> - | S69: ='BCU+OC-5P SEL751+7SJ85'!S140 -> - | W69: -
A72: Transformer (BC2 - 11, 07,06)
A73: HVC1 - REF650
A74: CT / Core | D74: Ratio (A) | G74: CT Cable m/mm2 | I74: Class | K74: Rct @ 75OC (Ω) | M74: Required Kssc' | O74: Im @ Vk (mA) | Q74: Connected Devices | S74: CT Suitability | W74: Available Kssc' | Z74: Required Vk (V)
A75: ='HVC1 - REF650'!A266 -> T1 | B75: ='RET670_650-PX (HV) (2)'!B418 -> Core1 | D75: ='HVC1 - REF650'!D266 -> 1250 | F75: ='HVC1 - REF650'!F266 -> 1 | G75: ='CT-VT Burdens'!S19 -> 50 | H75: ='CT-VT Burdens'!S10 -> 6 | I75: ='HVC1 - REF650'!I266 -> PX-B | K75: ='HVC1 - REF650'!K266 -> 5 | M75: ='HVC1 - REF650'!M266 -> 750 | O75: ='HVC1 - REF650'!O266 -> 60 | Q75: ='HVC1 - REF650'!Q266 -> REF650 | S75: ='HVC1 - REF650'!S266 -> Suitably Dimentioned | W75: ='HVC1 - REF650'!D55 -> 126.23808 | Z75: ='[2]REF615 OC-5P_HV_SBEF(8)'!G40 -> 33.333333
D76: - | K76: ='RET670_650-PX (HV) (2)'!K419 -> - | M76: ='RET670_650-PX (HV) (2)'!M419 -> - | O76: ='RET670_650-PX (HV) (2)'!O419 -> - | S76: ='RET670_650-PX (HV) (2)'!S419 -> - | W76: -
D77: - | K77: ='RET670_650-PX (HV) (2)'!K420 -> - | M77: ='RET670_650-PX (HV) (2)'!M420 -> - | O77: ='RET670_650-PX (HV) (2)'!O420 -> - | S77: ='RET670_650-PX (HV) (2)'!S420 -> - | W77: -
A78: HVC2 - MFAC+MVTP
A79: CT / Core | D79: Ratio (A) | G79: CT Cable m/mm2 | I79: Class | K79: Rct @ 75OC (Ω) | M79: Rated Vk (V) | O79: Im @ Vk (mA) | Q79: Connected Devices | S79: CT Suitability | W79: Required Vk (V)
A80: ='MFAC+MVTP'!A51 -> T1 | B80: ='MFAC+MVTP'!B51 -> Core2 | D80: ='MFAC+MVTP'!D51 -> 1250 | F80: ='MFAC+MVTP'!F51 -> 1 | G80: ='CT-VT Burdens'!S19 -> 50 | H80: ='CT-VT Burdens'!S10 -> 6 | I80: ='MFAC+MVTP'!I51 -> PX-B | K80: ='MFAC+MVTP'!K51 -> 5 | M80: ='MFAC+MVTP'!M51 -> 750 | O80: ='MFAC+MVTP'!O51 -> 60 | Q80: ='MFAC+MVTP'!Q51 -> MFAC MVTP | S80: ='MFAC+MVTP'!S51 -> Suitably Dimentioned | W80: ='MFAC+MVTP'!H43 -> 251.87777
D81: ='MFAC+MVTP'!D52 -> - | K81: ='7UT635-X'!K286 -> - | M81: ='7UT635-X'!M286 -> - | O81: ='7UT635-X'!O286 -> - | S81: ='7UT635-X'!S286 -> - | W81: -
D82: ='7UT635-X'!D287 -> - | K82: ='7UT635-X'!K287 -> - | M82: ='7UT635-X'!M287 -> - | O82: ='7UT635-X'!O287 -> - | S82: ='7UT635-X'!S287 -> - | W82: -
A83: HVOC - REF650,HSOC - P141,POW,HV BCU - REC670,DFR - IDM+18,PQ100 - PM7500
A84: CT / Core | D84: Ratio (A) | G84: CT Cable m/mm2 | I84: Class | K84: Rct @ 75OC (Ω) | M84: Requried Kssc' | O84: Im @ Vk (mA) | Q84: Connected Devices | S84: CT Suitability | W84: Available Kssc'
A85: ='BUP BCU(2)'!A95 -> T1 | B85: ='BUP BCU(2)'!B95 -> Core3 | D85: ='BUP BCU(2)'!D95 -> 1250 | F85: ='BUP BCU(2)'!F95 -> 1 | G85: ='CT-VT Burdens'!S19 -> 50 | H85: ='CT-VT Burdens'!S10 -> 6 | I85: ='BUP BCU(2)'!I95 -> 5P20 | K85: ='BUP BCU(2)'!K95 -> 5 | M85: ='BUP BCU(2)'!G59 -> 40 | O85: - | Q85: ='BUP BCU(2)'!Q95 -> REF650 REC670 IDM+18 | S85: ='BUP BCU(1)'!S97 -> Suitably Dimentioned | W85: ='BUP BCU(2)'!D59 -> 125.29625
D86: ='OC+BCPU+FMS-X (2)'!D287 -> - | K86: ='OC+BCPU+FMS-X (2)'!K287 -> - | M86: ='OC+BCPU+FMS-X (2)'!M287 -> - | O86: ='OC+BCPU+FMS-X (2)'!O287 -> - | S86: ='OC+BCPU+FMS-X (2)'!S287 -> - | W86: -
D87: ='OC+BCPU+FMS-X (2)'!D288 -> - | K87: ='OC+BCPU+FMS-X (2)'!K288 -> - | M87: ='OC+BCPU+FMS-X (2)'!M288 -> - | O87: ='OC+BCPU+FMS-X (2)'!O288 -> - | S87: ='OC+BCPU+FMS-X (2)'!S288 -> - | W87: -
A88: BBP FU1 - REB500 BU
A89: CT / Core | D89: Ratio (A) | G89: CT Cable m/mm2 | I89: Class | K89: Rct @ 75OC (Ω) | M89: Rated Vk (V) | O89: Im @ Vk (mA) | Q89: Connected Devices | S89: CT Suitability | W89: Required Vk (V)
A90: ='BBP FU1 - REB500 (2)'!A264 -> T1 | B90: ='BBP FU1 - REB500 (2)'!B264 -> Core4 | D90: ='BBP FU1 - REB500 (2)'!D264 -> 2500 | F90: ='BBP FU1 - REB500 (2)'!F264 -> 1 | G90: ='CT-VT Burdens'!S19 -> 50 | H90: ='CT-VT Burdens'!S10 -> 6 | I90: ='BBP FU1 - REB500 (2)'!I264 -> PX-B | K90: ='BBP FU1 - REB500 (2)'!K264 -> 5 | M90: ='BBP FU1 - REB500 (2)'!M264 -> 750 | O90: ='BBP FU1 - REB500 (2)'!O264 -> 60 | Q90: ='BBP FU1 - REB500 (2)'!Q264 -> REB500 | S90: ='BBP FU1 - REB500 (2)'!S264 -> Suitable Dimensions | W90: ='BBP FU1 - REB500 (2)'!M82 -> 52.50009
D91: ='Main Tariff Meter '!D145 -> - | K91: ='Main Tariff Meter '!K145 -> - | M91: ='Main Tariff Meter '!M145 -> - | O91: ='Main Tariff Meter '!O145 -> - | S91: ='Main Tariff Meter '!S145 -> - | W91: -
D92: ='Main Tariff Meter '!D146 -> - | K92: ='Main Tariff Meter '!K146 -> - | M92: ='Main Tariff Meter '!M146 -> - | O92: ='Main Tariff Meter '!O146 -> - | S92: ='Main Tariff Meter '!S146 -> - | W92: -
A93: BBP FU2 - P743
A94: CT / Core | D94: Ratio (A) | G94: CT Cable m/mm2 | I94: Class | K94: Rct @ 75OC (Ω) | M94: Rated Vk (V) | O94: Im @ Vk (mA) | Q94: Connected Devices | S94: CT Suitability | W94: Required Vk (V)
A95: ='BBP 743(2)'!A268 -> T1 | B95: ='BBP 743(2)'!B268 -> Core5 | D95: ='BBP 743(2)'!D268 -> 2500 | F95: =-'BBP 743(2)'!F268 -> -1 | G95: ='CT-VT Burdens'!S19 -> 50 | H95: ='CT-VT Burdens'!S10 -> 6 | I95: ='Main Tariff Meter '!I153 -> 0 | K95: ='BBP 743(2)'!K268 -> 5 | M95: ='BBP 743(2)'!M268 -> 750 | O95: ='BBP 743(2)'!O268 -> 60 | Q95: ='BBP 743(2)'!Q268 -> P743 | S95: ='BBP 743(2)'!S268 -> Suitably Dimentioned | W95: ='BBP 743(2)'!H55 -> 110.97519
D96: - | K96: ='Main Tariff Meter '!K154 -> 0 | M96: ='Main Tariff Meter '!M154 -> 0 | O96: ='Main Tariff Meter '!O154 -> 0 | S96: ='Main Tariff Meter '!S154 -> 0 | W96: -
D97: - | K97: ='Main Tariff Meter '!K155 -> 0 | M97: ='Main Tariff Meter '!M155 -> 0 | O97: ='Main Tariff Meter '!O155 -> 0 | S97: ='Main Tariff Meter '!S155 -> 0 | W97: -
A100: Line Protection 400kV Feeder (BC3 - 09, 05, 04, 08)
A101: IFP1 - RED670
A102: CT / Core | D102: Ratio (A) | G102: CT Cable m/mm2 | I102: Class | K102: Rct @ 75OC (Ω) | M102: Rated Vk (V) | O102: Im @ Vk (mA) | Q102: Connected Devices | S102: CT Suitability | W102: Required Vk (V)
A103: ='IFP1-RED670'!A384 -> T1 | B103: ='IFP1-RED670'!B384 -> Core1 | D103: ='IFP1-RED670'!D384 -> 1600 | F103: ='IFP1-RED670'!F384 -> 1 | G103: ='CT-VT Burdens'!S19 -> 50 | H103: ='CT-VT Burdens'!S10 -> 6 | I103: ='IFP1-RED670'!Q384 -> RED670 | K103: ='IFP1-RED670'!K384 -> 12 | M103: ='IFP1-RED670'!M384 -> 3500 | O103: ='IFP1-RED670'!O384 -> 40 | Q103: ='IFP1-RED670'!Q384 -> RED670 | S103: ='IFP1-RED670'!S384 -> Suitably Dimensioned | W103: ='IFP1-RED670'!H122 -> 632.78933
K104: ='OC+BCPU+FMS-X (3)'!K287 -> - | M104: ='OC+BCPU+FMS-X (3)'!M287 -> - | O104: ='OC+BCPU+FMS-X (3)'!O287 -> - | S104: ='OC+BCPU+FMS-X (3)'!S287 -> - | W104: -
K105: ='OC+BCPU+FMS-X (3)'!K288 -> - | M105: ='OC+BCPU+FMS-X (3)'!M288 -> - | O105: ='OC+BCPU+FMS-X (3)'!O288 -> - | S105: ='OC+BCPU+FMS-X (3)'!S288 -> - | W105: -
K107: Rct @ 75OC (Ω) | M107: Rated Burden (VA) | S107: CT Suitability | W107: Required FS'
K108: ='(Metering + Ammeter) (2)'!K144 -> 1 | M108: ='(Metering + Ammeter) (2)'!M144 -> 5 | O108: ='(Metering + Ammeter) (2)'!O144 -> - | S108: ='(Metering + Ammeter) (2)'!S144 -> Suitable Dimensions | W108: ='(Metering + Ammeter) (2)'!J46 -> 11.083364
K109: ='(Metering + Ammeter) (2)'!K145 -> - | M109: ='(Metering + Ammeter) (2)'!M145 -> - | O109: ='(Metering + Ammeter) (2)'!O145 -> - | S109: ='(Metering + Ammeter) (2)'!S145 -> - | W109: -
K110: ='(Metering + Ammeter) (2)'!K146 -> - | M110: ='(Metering + Ammeter) (2)'!M146 -> - | O110: ='(Metering + Ammeter) (2)'!O146 -> - | S110: ='(Metering + Ammeter) (2)'!S146 -> - | W110: -
...

Sheet CT ADEQUACY
E22: CT ADEQUACY CHECK

Sheet CT-VT Burdens
H2: CT VT WIRING PARAMETERS CALCULATIONS
B8: For CT Wiring
B9: Burden of the connecting leads :
C10: Conductor cross section in mm2 | Q10: A | R10: = | S10: 6 | U10: mm2 | V10: **
C11: Resistance in W/km at 200 C | Q11: R20 | R11: = | S11: 3.69 | U11: Ω/km | X11: 7.41
C12: Specific resistance at 200 C | I12: (copper wires) | Q12: a | R12: = | S12: 0.00393 | U12: K-1
B14: Resistance in Ω/km at t0 C = | H14: R20 [ 1 + a ( t - 200 C ) ]
C15: Resistance in ohms/km at 750 C = | R15: = | S15: =S11*(1+S12*(75-20)) -> 4.4875935 | U15: Ω/km | X15: =S11*(1+S12*(75-20)) -> 4.4875935 | Z15: 5.61
C16: Resistance in ohms/m at 750 C = | Q16: R | R16: = | S16: =S15/1000 -> 0.0044875935 | U16: Ω/m
C17: Secondary current of CT | Q17: Is | R17: = | S17: 1 | U17: A
C18: Relay Rated current | Q18: Ir | R18: = | S18: 1 | U18: A
C19: Conductor length in meters ( CT to relay ) | Q19: l | R19: = | S19: 50 | U19: m | V19: **
C20: Lead Resistance from the CT to Relay | Q20: RL =R x l | R20: = | S20: =S16*S19 -> 0.22437968 | U20: Ω
C21: Lead Resistance of the current loop from the CT to Relay | Q21: 2RL = 2 x R x l | R21: = | S21: =2*S16*S19 -> 0.44875935 | U21: Ω | X21: =2*S16*S19 -> 0.44875935 | Z21: =2*S16*S19 -> 0.44875935
C22: VA consumption of the connecting leads | Q22: Pl = Is2 x Rl | R22: = | S22: =S17*S17*S21 -> 0.44875935 | U22: VA | X22: =S17*S17*S21 -> 0.44875935
C24: 165m Lead Resistance of the current loop from the 33kV Incomer SWGR to 220kV Transformer Protection Panel. | S24: =S16*165 -> 0.74045293 | U24: VA
B26: For VT Wiring
B27: Burden of the connecting leads :
C28: Conductor cross section in mm2 | Q28: A | R28: = | S28: 2.5 | U28: mm2 | V28: **
C29: Resistance in W/km at 200 C | Q29: R20 | R29: = | S29: 7.41 | U29: Ω/km
C30: Specific resistance at 200 C | I30: (copper wires) | Q30: a | R30: = | S30: 0.00393 | U30: K-1
B32: Resistance in Ω/km at t0 C = | I32: R20 [ 1 + a ( t - 200 C ) ]
C33: Resistance in W/km at 750 C = | R33: = | S33: =S29*(1+S30*(75-20)) -> 9.0116715 | U33: Ω/km
C34: Resistance in W/m at 750 C = | Q34: R | R34: = | S34: =S33/1000 -> 0.0090116715 | U34: Ω/m
C35: Primary Voltage of VT | Q35: Vp | R35: = | S35: 400 / √3 | U35: kV
C36: Secondary Voltage of VT | Q36: Vs | R36: = | S36: 0.11 / √3 | U36: kV
C37: Conductor length in meters ( VT to relay ) | Q37: l | R37: = | S37: 150 | U37: m | V37: **
C38: Lead Resistance from the VT to Relay | Q38: RL =R x l | R38: = | S38: =S34*S37 -> 1.3517507 | U38: Ω
C39: Lead Resistance of the current loop from the VT to Relay | Q39: 2RL = 2 x R x l | R39: = | S39: =2*S34*S37 -> 2.7035015 | U39: Ω
I44: ** | J44: Assumed
B47: CT/VT Burden of Connected Devices (per phase): | Q47: CT at 1A | S47: VT at 110V | W47: Note: Pl. refer the manual for CT/VT burden at different rated currents and voltages
C48: Relion 670/650 series Relays | O48: IED 670/650 | Q48: 0.02 | S48: 0.02 | U48: VA | X48: 150mVA for 5A | AB48: =0.15/5^2 -> 0.006
C49: Busbar Protection Relay | O49: REB500 | Q49: 0.01 | S49: 0.15 | U49: VA
C50: ABB REx 52x Relays | O50: REJ525/REJ521/REX521 | Q50: 0.1 | S50: 0.5 | U50: VA
C51: ABB Relion 650 series Relays | O51: IED650 | Q51: 0.02 | S51: 0.02 | U51: VA
C52: ABB SPACOM Relays | O52: SPAJ/SPAU/SPAF 1xxC series | Q52: 0.1 | S52: 0.5 | U52: VA
C53: ABB REx54x series Relays | O53: REF54x/RET54x | Q53: 0.02 | S53: 0.5 | U53: VA
C54: ABB Relion 630/620 series Relays | O54: IED630/620 | Q54: 0.02 | S54: 0.05 | U54: VA
C55: ABB Relion 615 series Relays | O55: IED615 | Q55: 0.02 | S55: 0.05 | U55: VA
C56: ABB REU523 Relay | O56: REU523 | Q56: - | S56: 0.1 | U56: VA
C57: FMS | O57: Indactic 650 | Q57: 0.2 | U57: VA
C58: TOSHIBA Line Diff. Relay | O58: GRL 100 | Q58: 0.1 | S58: 0.1 | U58: VA
C59: TOSHIBA Line Dist. Relay | O59: GRZ 101 | Q59: 0.1 | S59: 0.1 | U59: VA
C61: SIEMENS Line Distance Protection | O61: 7SA52xx | Q61: 0.1 | S61: 0.1 | U61: VA
C62: SIEMENS Siprotec Relay | O62: 7SD522/7SL86 | Q62: 0.05 | S62: 0.1 | U62: VA
C63: SIEMENS Transformer Protection Relay | O63: 7UT85 | Q63: 0.1 | S63: 0.1 | U63: VA | Y63: 7UT633/635
C64: AVR Relay | O64: Tapcon260 | Q64: - | S64: 1 | U64: VA
C65: SIEMENS BFR + O/C relay | O65: 7SJ6144 | Q65: 0.05 | S65: - | U65: VA
C66: SIEMENS Pilot wire prot. relay | O66: SOLKAR RF / N | Q66: 0.05 | S66: - | U66: VA
C67: SIEMENS Low Imp. Busbar prot. relay | O67: 7SS5xx | Q67: 0.1 | S67: - | U67: VA
C69: AREVA Low Imp. Busbar prot. Relay | O69: P74x | Q69: 0.04 | S69: - | U69: VA
C70: AREVA P63_ Tr. Diff. Relay | O70: P63x | Q70: 0.1 | S70: 0.3 | U70: VA
C71: AREVA High Imp. Busbar prot. relay | O71: MCAG3x | Q71: 1 | S71: - | U71: VA
C72: AREVA CT sup. Relay | O72: MVTP31 | Q72: 0.002 | S72: - | U72: VA
C73: AREVA Line Differential+Distance+DEF Protection | O73: P54x | Q73: 0.15 | S73: 0.02 | U73: VA
C74: Siemens High Impedance Busbar Protection | O74: DAD | Q74: 0.1 | S74: - | U74: VA
C75: SEL Transformer Differential Relay | O75: SEL487E | Q75: 0.1 | S75: 0.1
C76: SIEMENS Relay | O76: 7SJ8 | Q76: 0.1 | S76: 0.1 | U76: VA
C77: SEL 751 | O77: SEL751 | Q77: 0.01 | S77: 0.1 | U77: VA
C78: SEL Transformer Differential Relay 478E | O78: SEL 487E | Q78: 0.1 | S78: 0.1 | U78: VA
C79: SEL Generator Prot. Relay | O79: SEL700G | Q79: 0.01 | S79: 0.1 | U79: VA
C80: Synchroscope (SQ0214) | S80: 4 | U80: VA
C81: Paralleling Device (7VE6110) | S81: 0.3 | U81: VA
C82: Auto Synchroniser (7VE6110) | S82: 0.3 | U82: VA
C83: MFM | Q83: 0.1 | S83: 0.1 | U83: VA
C84: SEL Line Differential Relay 411L | N84: SEL411L | Q84: 0.13 | S84: 0.13 | U84: VA
C85: Tariff Meter | O85: XC-RACK | Q85: 0.008 | S85: 2.7 | U85: VA
C86: Ammeter | O86: GOSSEN | Q86: 0.25 | U86: VA
C88: AVR Relay | O88: ZIV | Q88: 0.2 | S88: 0.1 | U88: VA
C89: Analog Ammeter/Voltmeter/Watt meter/VAR meter | Q89: 0.1 | S89: 0.1 | U89: VA | V89: **
C90: Dual Voltmeter/ Dual Frequency Meter | S90: 2.3 | U90: VA
C91: Tariff Meter ( Main and Check) | O91: Prometer 100 | Q91: 0.1 | S91: 0.1 | U91: VA
C92: FMS | O92: IDM+ | Q92: 0.058 | S92: 0.378 | U92: VA | AB92: For 1A | AC92: For 5A
C93: ZIV AVR Relay | O93: RTF | Q93: 0.2 | X93: (0.2 VA) / (I2n2) | AB93: =0.2/1^2 -> 0.2 | AC93: =0.2/5^2 -> 0.008
C94: # Refer Annexure-A for the Relays and Auxiliary Components burdens
C95: ** Assumed
C96: Voltmeter | O96: Pointer | S96: 3.75 | U96: VA
C97: Ammeter | O97: Pointer | Q97: 1.25 | U97: VA
C98: BBP | N98: P741/3 | Q98: 0.1
C99: IFP | N99: P545 | Q99: 0.02
C100: HSOC | N100: P141 | Q100: 0.04

Sheet Parameters & Fault Cal. (4)
H2: System Parameters & Fault Current Cal.
B7: System Parameters:
C8: System Frequency | Q8: 50 | S8: Hz
C9: Bus Voltage Level | Q9: 33 | S9: kV
C10: Max. Bus fault level | Q10: 50 | S10: kA
C11: X/R Ratio | Q11: 15 | X11: As per Transco spec page 7/34
C12: MV Bus Voltage Level | Q12: 132 | S12: kV
C13: MV Max. Bus fault level/Switchgear Rating | Q13: 40 | S13: kA | X13: As pre SLD
C14: LV X/R Ratio
B16: Power line parameters:
A17: Assumed Cable: | E17: 3 | F17: C, | G17: CU | H17: HDPE, | J17: 240 | L17: mm2, | N17: 1 | O17: Cables/phase
B18: Cable Details
C20: Positive Sequence- Resistance | O20: R1 | P20: = | Q20: 0.223 | S20: Ω/Km
C21: Positive Sequence- Reactance | O21: X1 | P21: = | Q21: 0.18 | S21: Ω/Km
C22: Zero Sequence- Resistance | O22: R0 | P22: = | Q22: 0.15 | S22: Ω/Km
C23: Zero Sequence- Reactance | O23: X0 | P23: = | Q23: 0.08 | S23: Ω/Km
C24: Route length | P24: = | Q24: 1.2 | S24: km
C26: Cable +Ve seq. impedence | J26: Z1 | K26: = | L26: =Q20/N17 -> 0.223 | N26: + j | O26: =Q21/N17 -> 0.18 | Q26: Ω/Km
C27: Cable Zero seq. impedence | J27: Z0 | K27: = | L27: =Q22/N17 -> 0.15 | N27: + j | O27: =Q23/N17 -> 0.08 | Q27: Ω/Km
C28: Total cable +Ve seq. impedence | J28: Z1L | K28: = | L28: =L26*Q24 -> 0.2676 | N28: + j | O28: =O26*Q24 -> 0.216 | Q28: Ω
C29: Total cable Zero seq. impedence | J29: Z0L | K29: = | L29: =L27*Q24 -> 0.18 | N29: + j | O29: =O27*Q24 -> 0.096 | Q29: Ω
B31: Fault Current & Time Constant Calculations:
C32: Maximum HV Busbar fault current | P32: = | Q32: =Q10*1000 -> 50000 | S32: A
C33: HV rating of Busbar | P33: = | Q33: =Q9*1000 -> 33000 | S33: V
C34: Maximum MV Busbar fault current | P34: = | Q34: =Q13*1000 -> 40000 | S34: A
C35: MV rating of Busbar | P35: = | Q35: =Q12*1000 -> 132000 | S35: V
A37: For the above fault condition Source impedance (Zs), considering voltage | P37: = | Q37: 1 | S37: pu
E38: Zs | F38: = | G38: (V | H38: X | I38: =Q37 -> 1 | J38: ) / | K38: (√3 | L38: x | M38: I) | P38: = | Q38: =(Q33*Q37)/(SQRT(3)*Q32) -> 0.38105118 | S38: Ω
E39: Source X / R ratio | F39: = | G39: 2 | H39: x | I39: p | J39: x | K39: f | L39: x | M39: (L/R)
E40: System X/R Ratio | L40: X/R | P40: = | Q40: =Q11 -> 15
E41: System Frequency | L41: f | P41: = | Q41: =Q8 -> 50
C42: Now, | E42: Impedence Angle | L42: øs = | M42: Tan-1(X/R)
E43: Impedence Angle in radians | L43: øs | P43: = | Q43: =ATAN(Q40) -> 1.5042282
E44: Impedence Angle in Degrees | L44: øs | P44: = | Q44: =DEGREES(Q43) -> 86.185925
E46: System Resistance | K46: Rs | L46: =Zs x Cos øs | P46: = | Q46: =Q38*COS(Q43) -> 0.025347147 | S46: W
E47: System Reactance | K47: Xs | L47: =Zs x Sin øs | P47: = | Q47: =Q38*SIN(Q43) -> 0.38020721 | S47: W
C48: Hence, | E48: Source Impedence | K48: Zs | L48: = | N48: =Q46 -> 0.025347147 | P48: + j | Q48: =Q47 -> 0.38020721 | S48: W
A49: Source Impedance Ratio (SIR)
C50: SIR | D50: = | E50: Zs | F50: / | G50: (80% * Z1L) | L50: where, | N50: Z1L | O50: = | P50: =SQRT(L28^2+O28^2) -> 0.34389789 | R50: ohm
D51: = | E51: =Q38 -> 0.38105118 | G51: / | H51: ( 0.8 * | J51: =P50 -> 0.34389789 | L51: )
D52: = | E52: =E51/(0.8*J51) -> 1.3850448
A55: Determination of System Time-constant (L/R):
B56: Source X / R ratio | G56: = | H56: 2 | I56: x | J56: p | K56: x | L56: f | M56: x | N56: (L/R)
B57: System X/R Ratio | O57: X/R | P57: = | Q57: =Q11 -> 15
B58: System Frequency | O58: f | P58: = | Q58: =Q8 -> 50 | S58: Hz
B59: Hence, System tp (L/R) | G59: = | H59: X/R | I59: / | J59: 2 | K59: x | L59: p | M59: x | N59: f | P59: = | Q59: =(Q57*1000)/(J59*(22/7)*Q58) -> 47.727273 | S59: ms
A61: Determination of Fault Current for 3-ph Through Fault:
A62: Fault Impedence | E62: Z1t | F62: = | H62: Zs | I62: + | J62: Z1L
F63: = ( | G63: =N48 -> 0.025347147 | I63: + j | J63: =Q48 -> 0.38020721 | L63: ) + ( | M63: =L28 -> 0.2676 | O63: + j | P63: =O28 -> 0.216 | R63: )
F64: = | G64: =G63+M63 -> 0.29294715 | I64: +j | J64: =J63+P63 -> 0.59620721 | L64: W
F66: = | G66: =SQRT(G64^2+J64^2) -> 0.6642899 | I66: Ð | J66: =DEGREES(ATAN(J64/G64)) -> 63.832749 | L66: W
E67: Therefore, X/R ratio | F67: = | G67: =J64/G64 -> 2.035204
B68: Hence, 3-ph fault current for Through faults | L68: = | M68: =Q33 -> 33000 | O68: x | P68: =Q37 -> 1
M69: =+G66 -> 0.6642899 | O69: x | P69: √3 | Q69: =SQRT(3) -> 1.7320508
L70: = | M70: =M68*P68/(M69*SQRT(3)) -> 28681.091 | O70: A
A72: Determination of Time-constant for 3-ph Through fault (L/R):
B73: X / R ratio | G73: = | H73: 2 | I73: x | J73: p | K73: x | L73: f | M73: x | N73: (L/R)
B74: X/R Ratio for 3-ph Through Fault | O74: X/R | P74: = | Q74: =G67 -> 2.035204
B75: System Frequency | O75: f | P75: = | Q75: =Q8 -> 50 | S75: Hz
B76: Hence, System tp (L/R) | G76: = | H76: X/R | I76: / | J76: 2 | K76: x | L76: p | M76: x | N76: f | P76: = | Q76: =(Q74*1000)/(J76*(22/7)*Q75) -> 6.4756491 | S76: ms
A78: Determination of 1-ph to Earth Through fault
A79: Cable Impedence | E79: Zot | F79: = | H79: Zs | I79: + | J79: Z0L
F80: = ( | G80: =N48 -> 0.025347147 | I80: + j | J80: =Q48 -> 0.38020721 | L80: ) + ( | M80: =L29 -> 0.18 | O80: + j | P80: =O29 -> 0.096 | R80: )
F81: = | G81: =G80+M80 -> 0.20534715 | I81: +j | J81: =J80+P80 -> 0.47620721 | L81: W
F82: = | G82: =SQRT(G81^2+J81^2) -> 0.51859498 | I82: Ð | J82: =DEGREES(ATAN(J81/G81)) -> 66.673625 | L82: W
A84: Fault Impedence | E84: Z0f | F84: = | H84: Z1t | I84: + | J84: Z2t | K84: + | L84: Zot
B85: = ( | C85: =G64 -> 0.29294715 | E85: +j | F85: =J64 -> 0.59620721 | H85: ) + ( | I85: =G64 -> 0.29294715 | K85: +j | L85: =J64 -> 0.59620721 | N85: ) + ( | O85: =G81 -> 0.20534715 | Q85: +j | R85: =J81 -> 0.47620721 | T85: )
B86: = | C86: =C85+I85+O85 -> 0.79124144 | E86: +j | F86: =F85+L85+R85 -> 1.6686216
B87: = | C87: =SQRT(C86^2+F86^2) -> 1.8467163 | E87: Ð | F87: =DEGREES(ATAN(F86/C86)) -> 64.630223 | H87: W | N87: Therefore, X/R ratio | O87: = | P87: =F86/C86 -> 2.1088653
B89: Hence, 1-ph fault current for Through faults | L89: = | M89: =Q33 -> 33000 | O89: x | P89: =Q37 -> 1 | R89: x | S89: 3
M90: =+C87 -> 1.8467163 | O90: x | P90: √3 | Q90: =SQRT(3) -> 1.7320508
L91: = | M91: =(M89*P89*S89)/(M90*SQRT(3)) -> 30950.978 | O91: A
A96: Determination of Time-constant for 1-ph to earth Through fault (L/R):
B97: X / R ratio | G97: = | H97: 2 | I97: x | J97: p | K97: x | L97: f | M97: x | N97: (L/R)
B98: X/R Ratio for 1-ph to Earth Through Fault | O98: X/R | P98: = | Q98: =P87 -> 2.1088653
B99: System Frequency | O99: f | P99: = | Q99: =Q8 -> 50 | S99: Hz
B100: Hence, System tp (L/R) | G100: = | H100: X/R | I100: / | J100: 2 | K100: x | L100: p | M100: x | N100: f | P100: = | Q100: =(Q98*1000)/(J100*(22/7)*Q99) -> 6.710026 | S100: ms
A102: Calculation of 3-ph fault current Endzone-1 (80%)
A103: Fault Impedence | E103: Z1zone-1 | F103: = | H103: Zs | I103: + | J103: (0.8 | K103: x | L103: Z1L)
F104: = ( | G104: =N48 -> 0.025347147 | I104: + j | J104: =Q48 -> 0.38020721 | L104: ) + | M104: 0.8 | N104: x ( | O104: =L28 -> 0.2676 | Q104: + j | R104: =O28 -> 0.216 | T104: )
F105: = | G105: =G104+(0.8*O104) -> 0.23942715 | I105: +j | J105: =J104+(0.8*R104) -> 0.55300721 | L105: W
F106: = | G106: =SQRT(G105^2+J105^2) -> 0.60261292 | I106: Ð | J106: =DEGREES(ATAN(J105/G105)) -> 66.589567 | L106: W
E107: Therefore, X/R ratio | F107: = | G107: =J105/G105 -> 2.3097097
B108: Hence, 3-ph fault current for Endzone-1 faults | L108: = | M108: =Q33 -> 33000 | O108: x | P108: =Q37 -> 1
M109: =+G106 -> 0.60261292 | O109: x | P109: √3 | Q109: =SQRT(3) -> 1.7320508
L110: = | M110: =M108*P108/(M109*SQRT(3)) -> 31616.579 | O110: A
A112: Determination of Time-constant for 3-ph Fault Endzone-1 (L/R):
B113: X / R ratio | G113: = | H113: 2 | I113: x | J113: p | K113: x | L113: f | M113: x | N113: (L/R)
B114: X/R Ratio for 3-ph Fault Endzone-1 | O114: X/R | P114: = | Q114: =G107 -> 2.3097097
B115: System Frequency | O115: f | P115: = | Q115: =Q8 -> 50 | S115: Hz
B116: Hence, System tp (L/R) | G116: = | H116: X/R | I116: / | J116: 2 | K116: x | L116: p | M116: x | N116: f | P116: = | Q116: =(Q114*1000)/(J116*(22/7)*Q115) -> 7.3490764 | S116: ms
A118: Calculation of 1-ph to earth fault current EndZone-1 (80%)
A119: Cable Impedence | E119: Zozone-1 | F119: = | H119: Zs | I119: + | J119: (0.8 | K119: * | L119: Z0L)
F120: = ( | G120: =N48 -> 0.025347147 | I120: + j | J120: =Q48 -> 0.38020721 | L120: ) + | M120: 0.8 | N120: x ( | O120: =L29 -> 0.18 | Q120: + j | R120: =O29 -> 0.096 | T120: )
F121: = | G121: =G120+(0.8*O120) -> 0.16934715 | I121: +j | J121: =J120+(0.8*R120) -> 0.45700721 | L121: W
F122: = | G122: =SQRT(G121^2+J121^2) -> 0.48737465 | I122: Ð | J122: =DEGREES(ATAN(J121/G121)) -> 69.667469 | L122: W
A123: Fault Impedence | E123: Z0fzone-1 | F123: = | G123: Z1zone-1 | I123: + | J123: Z2zone-1 | L123: + | M123: Zozone-1
B124: = ( | C124: =G105 -> 0.23942715 | E124: +j | F124: =J105 -> 0.55300721 | H124: ) + ( | I124: =G105 -> 0.23942715 | K124: +j | L124: =J105 -> 0.55300721 | N124: ) + ( | O124: =G121 -> 0.16934715 | Q124: +j | R124: =J121 -> 0.45700721 | T124: )
B125: = | C125: =C124+I124+O124 -> 0.64820144 | E125: +j | F125: =F124+L124+R124 -> 1.5630216
B126: = | C126: =SQRT(C125^2+F125^2) -> 1.6920998 | E126: Ð | F126: =DEGREES(ATAN(F125/C125)) -> 67.475703 | H126: W
...

Sheet BAY1
E22: Bus section coupler (BC1 - 13, 01,00, 10)

Sheet BUP BCU
A1: HITACHI | H1: =Title!H1 -> CT / VT | O1: =Title!O1 -> Contract No. | R1: =Title!R1 -> N-19957.1-DF5W
H2: =Title!H2 -> ADEQUACY CHECK | O2: =Title!O2 -> Date | R2: =Title!R2 -> 46106
H3: =Title!H3 -> LT14 - LEWIS 400/132kV SUBSTATION | O3: =Title!O3 -> Document No. | R3: =Title!R3 -> -
O4: =Title!O4 -> Revision No. | R4: =Title!R4 -> A
A5: =Title!A5 -> Prep. By | C5: =Title!C5 -> AP | D5: =Title!D5 -> Checked By | G5: =Title!G5 -> RB | H5: BUS SECTION COUPLER | O5: =Title!O5 -> Contractor | R5: =Title!R5 -> HITACHI
B7: T1 | D7: Core1 | H7: (OC+BCPU+FMS) | S7: Connected devices: | T7: REC670
T8: REF650
H9: Tap-1 | J9: Tap-2 | L9: Tap-3
B10: CT Ratio: | H10: 2500 | J10: - | L10: - | N10: / | O10: 1 | P10: A
B11: Class of Accuracy: | H11: 5P20
B12: CT Resistance: | G12: Rct< | H12: 5 | J12: W
B13: Knee Point Voltage: | G13: Vk> | H13: 750 | J13: V | W13: =#REF! -> #REF!
B14: Magnetizing Current: | G14: I0< | H14: 50 | J14: mA at Vk
A16: Other Burdens on same CT core:
B18: Burden of | D18: =T7 -> REC670 | I18: = | J18: ='CT-VT Burdens'!Q48 -> 0.02 | L18: VA | N18: CT internal Burden
B19: Burden of | D19: =T8 -> REF650 | I19: = | J19: ='CT-VT Burdens'!Q48 -> 0.02 | L19: VA | N19: PE | O19: = | P19: In | Q19: x | R19: In | S19: x | T19: Rct
B20: Burden of | D20: =T9 -> 0 | I20: = | L20: VA | O20: = | P20: =O10 -> 1 | Q20: x | R20: =O10 -> 1 | S20: x | T20: =H12 -> 5
B21: Total lead burden | I21: = | J21: ='CT-VT Burdens'!S22 -> 0.44875935 | L21: VA | O21: = | P21: =P20*R20*T20 -> 5 | R21: VA
B22: Total lead + other burden | H22: PL | I22: = | J22: =SUM(J18:J21) -> 0.48875935 | L22: VA
B24: Non-directional instantaneous and definitive time, phase and residual overcurrent protection
B25: Ealreq = | E25: 1.5 | F25: x | G25: Iop | H25: Isr | J25: x | K25: ( | L25: Rct | M25: + | N25: Rl | O25: + | P25: Sr | S25: ) | T25: ---(1)
H26: Ipr | P26: Ir | Q26: x | R26: Ir
C28: 6 times rated primary current concidered
C29: The primary operate value (A) | Q29: Iop | R29: = | S29: =6*S30 -> 15000 | U29: A
C30: The rated primary CT current (A) | Q30: Ipr | R30: = | S30: =H10 -> 2500 | U30: A
C31: The rated secondary CT current (A) | Q31: Isr | R31: = | S31: =O10 -> 1 | U31: A
C32: The rated current of the protection IED (A) | Q32: Ir | R32: = | S32: =O10 -> 1 | U32: A
C33: The secondary resistance of the CT (ohm) | Q33: Rct | R33: = | S33: =H12 -> 5 | U33: ohm
C34: The resistance of the secondary cable and additional load (ohm). | Q34: RL | R34: = | S34: =J22 -> 0.48875935 | U34: ohm
C35: The burden of an IED current input channel (VA) | Q35: SR | R35: = | S35: =J18 -> 0.02 | U35: VA
B37: Ealreq = | D37: 1.5 | E37: x | F37: =S29 -> 15000 | H37: x | I37: =S31 -> 1 | K37: x | L37: ( | M37: =S33 -> 5 | N37: + | O37: =S34 -> 0.48875935 | P37: + | Q37: =S35 -> 0.02 | T37: )
I38: =S30 -> 2500 | Q38: =S32 -> 1 | R38: x | S38: =S32 -> 1
C40: = | D40: =ROUNDUP(D37*F37*(I37/I38)*(M37+O37+(Q37/(Q38*S38))),2) -> 49.58 | F40: V
B49: Non-directional inverse time delayed phase and residual overcurrentprotection
B51: Ealreq = | E51: 20 | F51: x | G51: Iop | H51: Isr | J51: x | K51: ( | L51: Rct | M51: + | N51: Rl | O51: + | P51: Sr | S51: ) | T51: ---(1)
H52: Ipr | P52: Ir | Q52: x | R52: Ir
C54: 1.2 times rated primary current concidered
C55: The primary operate value (A) | Q55: Iop | R55: = | S55: =1.2*S56 -> 3000 | U55: A
C56: The rated primary CT current (A) | Q56: Ipr | R56: = | S56: =H10 -> 2500 | U56: A
C57: The rated secondary CT current (A) | Q57: Isr | R57: = | S57: =O10 -> 1 | U57: A
C58: The rated current of the protection IED (A) | Q58: Ir | R58: = | S58: =S32 -> 1 | U58: A
C59: The secondary resistance of the CT (ohm) | Q59: Rct | R59: = | S59: =H12 -> 5 | U59: ohm
C60: The resistance of the secondary cable and additional load (ohm). | Q60: RL | R60: = | S60: =J22 -> 0.48875935 | U60: ohm
C61: The burden of an IED current input channel (VA) | Q61: SR | R61: = | S61: =J18 -> 0.02 | U61: VA
B63: Ealreq = | D63: =E51 -> 20 | E63: x | F63: =S55 -> 3000 | H63: x | I63: =S57 -> 1 | K63: x | L63: ( | M63: =S59 -> 5 | N63: + | O63: =S60 -> 0.48875935 | P63: + | Q63: =S61 -> 0.02 | T63: )
I64: =S56 -> 2500 | Q64: =S58 -> 1 | R64: x | S64: =S58 -> 1
C66: = | D66: =ROUNDUP(D63*F63*(I63/I64)*(M63+O63+(Q63/(Q64*S64))),2) -> 132.22 | F66: V
D68: KPV as per Hitachi recommendation | L68: Eal | M68: ≥ | N68: =CONCATENATE(Y68,X68,D40,Z68,D66,AA68) -> max(49.58,132.22) | X68: ( | Y68: max | Z68: , | AA68: )
L69: Eal | M69: ≥ | N69: =MAX(D66,D40) -> 132.22
L70: =H13 -> 750 | M70: ≥ | N70: =N69 -> 132.22
F72: Hence CT is: | H72: =IF(L70>N70,"Suitably Dimensioned","Under Dimensioned") -> Suitably Dimensioned
A93: Hence, the Recommended CT Parameters for Manufacturing are:
A94: CT / Core | D94: Ratio (A) | G94: CT Cable m/mm2 | I94: Class | K94: CT Resistance (W) @ 75OC | M94: Limiting Secondary Voltage (Ual), V | O94: Mag. Current (Io), mA at Vk | Q94: Relay / Instrument Type | S94: CT Suitability
A98: =B7 -> T1 | B98: =D7 -> Core1 | D98: =H10 -> 2500 | F98: =O10 -> 1 | G98: ='CT-VT Burdens'!S19 -> 50 | H98: ='CT-VT Burdens'!S10 -> 6 | I98: =H11 -> 5P20 | K98: =H12 -> 5 | M98: =H13 -> 750 | O98: =H14 -> 50 | Q98: =CONCATENATE(T7,"+",T8,"+",T9) -> REC670+REF650+ | S98: Suitably Dimensioned
D99: - | K99: - | M99: - | O99: - | S99: -
D100: - | K100: - | M100: - | O100: - | S100: -

Sheet BUP BCU(1)
A1: HITACHI | H1: =[3]Title!H1 -> CT / VT | O1: =Title!O1 -> Contract No. | R1: =Title!R1 -> N-19957.1-DF5W
H2: =[3]Title!H2 -> ADEQUACY CHECK | O2: =Title!O2 -> Date | R2: =Title!R2 -> 46106
H3: =Title!H3 -> LT14 - LEWIS 400/132kV SUBSTATION | O3: =Title!O3 -> Document No. | R3: =Title!R3 -> -
O4: =Title!O4 -> Revision No. | R4: =Title!R4 -> A
A5: =[3]Title!A5 -> Prep. By | C5: =[3]Title!C5 -> AK | D5: =Title!D5 -> Checked By | G5: =[3]Title!G5 -> LN | H5: BUS SECTION COUPLER | O5: =Title!O5 -> Contractor | R5: =[3]Title!R5 -> HITACHI ENERGY
B7: T1 | D7: Core1 | S7: Connected devices: | T7: REF650
T8: REC670
H9: Tap-1 | J9: Tap-2 | L9: Tap-3
B10: CT Ratio: | H10: 2500 | J10: - | L10: - | N10: / | O10: 1 | P10: A
B11: Class of Accuracy: | H11: 5P20
B12: CT Resistance: | G12: Rct< | H12: 5 | J12: W
B13: Knee Point Voltage: | G13: Vk> | J13: V | W13: =G61 -> Suitably Dimentioned
B14: Magnetizing Current: | G14: I0< | J14: mA at Vk
A16: Other Burdens on same CT core:
B18: Burden of | D18: =T7 -> REF650 | I18: = | J18: ='CT-VT Burdens'!Q48 -> 0.02 | L18: VA | N18: CT internal Burden
B19: Burden of | D19: =T8 -> REC670 | I19: = | J19: ='CT-VT Burdens'!Q48 -> 0.02 | L19: VA
B20: Burden of | D20: =T9 -> 0 | I20: = | L20: VA | N20: PE | O20: = | P20: In | Q20: x | R20: In | S20: x | T20: Rct
B21: Total lead burden | I21: = | J21: ='CT-VT Burdens'!S22 -> 0.44875935 | L21: VA | O21: = | P21: =O10 -> 1 | Q21: x | R21: =O10 -> 1 | S21: x | T21: =H12 -> 5
B22: Total lead + other burden | H22: PL | I22: = | J22: =SUM(J18:J21) -> 0.48875935 | L22: VA | O22: = | P22: =P21*R21*T21 -> 5 | R22: VA
A24: The design values according to BS can be approximately transferred in to IEC60044 Standard using the following formula: | W24: The design values according to BS can be approximately transferred in to IEC60044 Standard using the following formula:
C27: Vk | D27: = | E27: ( ( | F27: PN | G27: + | H27: PE | I27: ) x | J27: n | K27: ) / ( | L27: In | M27: x | N27: 1.3 | O27: )
A28: Or
C29: PN | D29: = | E29: ( ( | F29: 1.3 | G29: x | H29: Vk | J29: x | K29: In | L29: ) / | M29: n | N29: ) - | O29: PE
C31: Max through fault current at close in fault | Q31: Itkmax | R31: = | S31: ='Parameters & Fault Cal. (4)'!Q32 -> 50000 | U31: A
C32: CT Primary Current, | Q32: Ipn | R32: = | S32: =H10 -> 2500 | U32: A
C33: Rated Knee Point Voltage, | Q33: Vk | R33: = | S33: =H13 -> 0 | U33: V
C34: Internal Burden, | Q34: PE | R34: = | S34: =P22 -> 5 | U34: VA
C35: Burden of CT Leads and burden of connected devices | Q35: PL | R35: = | S35: =J22 -> 0.48875935 | U35: VA
C36: Rated Secondary Current, | Q36: In | R36: = | S36: =O10 -> 1 | U36: A
C37: CT Accuracy Limiting Factor | Q37: n | R37: = | S37: 20
C38: Rated CT Burden | Q38: PN | R38: = | S38: 30
C45: PN | D45: = | E45: ( ( | F45: 1.3 | G45: x | H45: Vk | J45: x | K45: In | L45: ) / | M45: n | N45: ) - | O45: PE
D46: = | E46: ( ( | F46: 1.3 | G46: x | H46: =S33 -> 0 | J46: x | K46: =S36 -> 1 | L46: ) / | M46: =S37 -> 20 | N46: ) - | O46: =S34 -> 5
D47: = | E47: =((F46*H46)/(K46*M46))-O46 -> -5 | G47: VA
E51: Required Kssc' | F51: = | G51: Itkmax | I51: / | J51: Ipn
F52: = | G52: =S31 -> 50000 | I52: / | J52: =S32 -> 2500
F53: = | G53: =G52/J52 -> 20
E55: Available (effective) Kssc' | F55: = | G55: n | H55: x ( ( | I55: PE | J55: + | K55: PN | L55: ) / ( | M55: PE | N55: + | O55: PL | P55: )
F56: = | G56: =S37 -> 20 | H56: x ( ( | I56: =S34 -> 5 | J56: + | K56: =S38 -> 30 | L56: ) / ( | M56: =S34 -> 5 | N56: + | O56: =S35 -> 0.48875935 | P56: )
F57: = | G57: =G56*((I56+K56)/(M56+O56)) -> 127.53337
E59: Available Kssc' | F59: =IF(D60>G60,">","<") -> > | G59: Required Kssc'
D60: =G57 -> 127.53337 | F60: =F59 -> > | G60: =G53 -> 20
E61: Hence CT is: | G61: =IF(F59=">","Suitably Dimentioned","Under Dimentioned") -> Suitably Dimentioned
A92: Summary of available CT parameters and its suitability
A93: CT / Core | D93: Ratio (A) | G93: CT Cable m/mm2 | I93: Class | K93: CT Resistance (W) @ 75OC | M93: Required Kssc' | O93: Avilable Kssc' | Q93: Relay / Instrument Type | S93: CT Suitability
A97: =B7 -> T1 | B97: =D7 -> Core1 | D97: =H10 -> 2500 | F97: =O10 -> 1 | G97: ='CT-VT Burdens'!S19 -> 50 | H97: ='CT-VT Burdens'!S10 -> 6 | I97: =H11 -> 5P20 | J97: =#REF! -> #REF! | K97: =H12 -> 5 | M97: =G60 -> 20 | O97: =D60 -> 127.53337 | Q97: =IF(T8="",T7,IF(T9="",T7&" "&T8,T7&" "&T8&" "&T9)) -> REF650 REC670 | S97: =G61 -> Suitably Dimentioned
D98: - | K98: - | M98: - | O98: - | S98: -
D99: - | K99: - | M99: - | O99: - | S99: -

Sheet BBP P743(1)
A1: HITACHI | H1: =[4]Title!H1 -> CT / VT | O1: =[4]Title!O1 -> Contract No. | R1: =Title!R1 -> N-19957.1-DF5W
H2: =[4]Title!H2 -> ADEQUACY CHECK | O2: =[4]Title!O2 -> Date | R2: =Title!R2 -> 46106
H3: =Title!H3 -> LT14 - LEWIS 400/132kV SUBSTATION | O3: =[4]Title!O3 -> Document No. | R3: =Title!R3 -> -
O4: =[4]Title!O4 -> Revision No. | R4: =Title!R4 -> A
A5: =[4]Title!A5 -> Prep. By | C5: =[4]Title!C5 -> AP | D5: =[4]Title!D5 -> Checked By | G5: =[4]Title!G5 -> RB | H5: BUS SECTION COUPLER | O5: =[4]Title!O5 -> Contractor | R5: =Title!R5 -> HITACHI
B7: T1 | D7: Core2 | S7: Connected devices: | T7: P743
H9: Tap-1 | J9: Tap-2 | L9: Tap-3
B10: CT Ratio: | H10: 2500 | J10: - | L10: - | N10: / | O10: 1 | P10: A
B11: Class of Accuracy: | H11: PX-B
B12: CT Resistance: | G12: Rct< | H12: 5 | J12: W
B13: Knee Point Voltage: | G13: Vk> | H13: 750 | J13: V | W13: =H59 -> Suitably Dimentioned
B14: Magnetizing Current: | G14: I0< | H14: 60 | J14: mA at Vk
A16: Other Burdens on same CT core:
B18: Burden of | D18: =T7 -> P743 | I18: = | J18: ='CT-VT Burdens'!Q98 -> 0.1 | L18: VA
B19: Burden of | D19: =T8 -> 0 | I19: = | L19: VA
B20: Burden of | D20: =T9 -> 0 | I20: = | L20: VA
B21: Total lead burden | I21: = | J21: ='CT-VT Burdens'!S22 -> 0.44875935 | L21: VA
B22: Total lead + other burden | H22: PL | I22: = | J22: =SUM(J18:J21) -> 0.54875935 | L22: VA
C24: Max primary fault current (same for all feeders) | Q24: IFmax | R24: = | S24: ='Parameters & Fault Cal. (4)'!Q10 *1000 -> 50000 | U24: A
C25: CT Primary Current | Q25: Ipn | R25: = | S25: =H10 -> 2500 | U25: A
C26: Max secondary fault current (same for all feeders) | Q26: Ifmax | R26: = | S26: =S24/S25*O10 -> 20 | U26: A
C27: Resistive burden of CT Leads (2Rl) and other connected devices | Q27: Rb' | R27: = | S27: =J22/O10*O10 -> 0.54875935 | U27: W
C28: Max primary contribution from a feeder to an internal fault | Q28: IFmax int | R28: = | S28: =20*S25 -> 50000 | U28: A
C29: Max secondary contribution from a feeder to an internal fault | Q29: Ifmax int | R29: = | S29: =S28/S25 -> 20 | U29: A
A31: The CT requirement is as follows:
A33: Criteria I
B35: Vk | D35: >= | E35: 0.5 | F35: x | G35: Ifmax | I35: x ( | J35: Rct | L35: + | M35: Rb' | O35: )
D36: = | E36: 0.5 | F36: x | G36: =S26 -> 20 | I36: x ( | J36: =H12 -> 5 | L36: + | M36: =S27 -> 0.54875935 | O36: )
D37: = | E37: =E36*G36*(J36+M36) -> 55.487594
A39: Criteria II
B41: Vk | D41: >= | E41: Ifmax int | G41: x ( | H41: Rct | J41: + | K41: Rb' | M41: )
D42: = | E42: =S29 -> 20 | G42: x ( | H42: =H12 -> 5 | J42: + | K42: =S27 -> 0.54875935 | M42: )
D43: = | E43: =E42*(H42+K42) -> 110.97519
A48: Adequacy Check
B50: Criteria I
F51: Available Vk | G51: =IF(E52>H52, ">","<") -> > | H51: Required Vk | L51: (Criteria I)
E52: =H13 -> 750 | G52: =G51 -> > | H52: =E37 -> 55.487594
F53: Hence: | H53: Criteria I | J53: is | K53: =IF(G52=">", "Satisfied", "Not Satisfied") -> Satisfied
B54: Criteria II
F55: Available Vk | G55: =IF(E56>H56, ">","<") -> > | H55: Required Vk | L55: (Criteria II)
E56: =H13 -> 750 | G56: =G55 -> > | H56: =E43 -> 110.97519
F57: Hence: | H57: Criteria II | J57: is | K57: =IF(G56=">", "Satisfied", "Not Satisfied") -> Satisfied
F59: Hence CT is: | H59: =IF(AND(E52>H52,E56>H56),"Suitably Dimentioned","Under Dimentioned") -> Suitably Dimentioned
B89: =B7 -> T1 | D89: =D7 -> Core2 | H89: (Low Imp. Busbar) | S89: Connected devices: | T89: =T7 -> P743
T90: =T8 -> 0
H91: Tap-1 | J91: Tap-2 | L91: Tap-3 | T91: =T9 -> 0
B92: CT Ratio: | H92: =H10 -> 2500 | J92: =J10 -> - | L92: =L10 -> - | N92: / | O92: =O10 -> 1 | P92: A
B93: Class of Accuracy: | J93: =H11 -> PX-B
B94: CT Resistance: | I94: Rct< | L94: W
B95: Knee Point Voltage: | I95: Vk> | L95: V | W95: =H144 -> Under Dimentioned
B96: Magnetizing Current: | I96: I0< | L96: mA at Vk
A98: Other Burdens on same CT core:
B100: Burden of | D100: =T89 -> P743 | I100: = | J100: =J18 -> 0.1 | L100: VA
B101: Burden of | D101: =T90 -> 0 | I101: = | J101: =J19 -> 0 | L101: VA
B102: Burden of | D102: =T91 -> 0 | I102: = | J102: =J20 -> 0 | L102: VA
B103: Total lead burden | I103: = | J103: =J21 -> 0.44875935 | L103: VA
B104: Total lead + other burden | H104: PL | I104: = | J104: =SUM(J100:J103) -> 0.54875935 | L104: VA
C106: Max primary fault current (same for all feeders) | Q106: IFmax | R106: = | S106: =S24 -> 50000 | U106: A
C107: CT Primary Current | Q107: Ipn | R107: = | S107: =H92 -> 2500 | U107: A
C108: Max secondary fault current (same for all feeders) | Q108: Ifmax | R108: = | S108: =S106/S107*O92 -> 20 | U108: A
C109: Resistive burden of CT Leads (2Rl) and other connected devices | Q109: Rb' | R109: = | S109: =J104/O92*O92 -> 0.54875935 | U109: W
C110: Max primary contribution from a feeder to an internal fault | Q110: IFmax int | R110: = | S110: =S28 -> 50000 | U110: A
C111: Max secondary contribution from a feeder to an internal fault | Q111: Ifmax int | R111: = | S111: =S110/S107 -> 20 | U111: A
A113: The CT requirement is as follows:
A115: Criteria I
B117: Vk | D117: >= | E117: 0.5 | F117: x | G117: Ifmax | I117: x ( | J117: Rct | L117: + | M117: Rb' | O117: )
D118: = | E118: 0.5 | F118: x | G118: =S108 -> 20 | I118: x ( | J118: =J94 -> 0 | L118: + | M118: =S109 -> 0.54875935 | O118: )
D119: = | E119: =E118*G118*(J118+M118) -> 5.4875935
A121: Criteria II
B123: Vk | D123: >= | E123: Ifmax int | G123: x ( | H123: Rct | J123: + | K123: Rb' | M123: )
D124: = | E124: =S111 -> 20 | G124: x ( | H124: =J94 -> 0 | J124: + | K124: =S109 -> 0.54875935 | M124: )
D125: = | E125: =E124*(H124+K124) -> 10.975187
A133: Adequacy Check
B135: Criteria I
F136: Available Vk | G136: =IF(E137>H137, ">","<") -> < | H136: Required Vk | L136: (Criteria I)
E137: =J95 -> 0 | G137: =G136 -> < | H137: =E119 -> 5.4875935
F138: Hence: | H138: Criteria I | J138: is | K138: =IF(G137=">", "Satisfied", "Not Satisfied") -> Not Satisfied
B139: Criteria II
F140: Available Vk | G140: =IF(E141>H141, ">","<") -> < | H140: Required Vk | L140: (Criteria II)
E141: =J95 -> 0 | G141: =G140 -> < | H141: =E125 -> 10.975187
F142: Hence: | H142: Criteria II | J142: is | K142: =IF(G141=">", "Satisfied", "Not Satisfied") -> Not Satisfied
F144: Hence CT is: | H144: =IF(AND(E137>H137,E141>H141),"Suitably Dimentioned","Under Dimentioned") -> Under Dimentioned
V175: ABB
B177: =B89 -> T1 | D177: =D89 -> Core2 | H177: (Low Imp. Busbar) | S177: Connected devices: | T177: =T89 -> P743
T178: =T90 -> 0
H179: Tap-1 | J179: Tap-2 | L179: Tap-3 | T179: =T91 -> 0
B180: CT Ratio: | H180: =H92 -> 2500 | J180: =J92 -> - | L180: =L92 -> - | N180: / | O180: =O92 -> 1 | P180: A
B181: Class of Accuracy: | L181: =J93 -> PX-B
B182: CT Resistance: | K182: Rct< | N182: W
B183: Knee Point Voltage: | K183: Vk> | N183: V | W183: =H232 -> #VALUE!
B184: Magnetizing Current: | K184: I0< | N184: mA at Vk
A186: Other Burdens on same CT core:
B188: Burden of | D188: =T177 -> P743 | I188: = | J188: =J100 -> 0.1 | L188: VA
B189: Burden of | D189: =T178 -> 0 | I189: = | J189: =J101 -> 0 | L189: VA
B190: Burden of | D190: =T179 -> 0 | I190: = | J190: =J102 -> 0 | L190: VA
B191: Total lead burden | I191: = | J191: =J103 -> 0.44875935 | L191: VA
B192: Total lead + other burden | H192: PL | I192: = | J192: =SUM(J188:J191) -> 0.54875935 | L192: VA
C194: Max primary fault current (same for all feeders) | Q194: IFmax | R194: = | S194: =S106 -> 50000 | U194: A
C195: CT Primary Current | Q195: Ipn | R195: = | S195: =L180 -> - | U195: A
C196: Max secondary fault current (same for all feeders) | Q196: Ifmax | R196: = | S196: =S194/S195*O180 -> #VALUE! | U196: A
...

Sheet BBP FU1 - REB500
A1: HITACHI | H1: =Title!H1 -> CT / VT | O1: =Title!O1 -> Contract No. | R1: =Title!R1 -> N-19957.1-DF5W
H2: =Title!H2 -> ADEQUACY CHECK | O2: =Title!O2 -> Date | R2: =Title!R2 -> 46106
H3: =Title!H3 -> LT14 - LEWIS 400/132kV SUBSTATION | O3: =Title!O3 -> Document No. | R3: =Title!R3 -> -
O4: =Title!O4 -> Revision No. | R4: =Title!R4 -> A
A5: =Title!A5 -> Prep. By | C5: =Title!C5 -> AP | D5: =Title!D5 -> Checked By | G5: =Title!G5 -> RB | H5: BUS SECTION COUPLER | O5: =Title!O5 -> Contractor | R5: =Title!R5 -> HITACHI
B7: T1 | D7: Core3 | H7: (Low Imp. Busbar) | S7: Connected devices: | T7: REB500
H9: Tap-1 | J9: Tap-2 | L9: Tap-3
B10: CT Ratio: | H10: 2500 | J10: - | L10: - | N10: / | O10: 1 | P10: A
B11: Class of Accuracy: | H11: PX - B
B12: CT Resistance: | G12: Rct< | H12: 5 | J12: W
B13: Knee Point Voltage: | G13: Vk> | H13: 750 | J13: V | W13: =#REF! -> #REF!
B14: Magnetizing Current: | G14: I0< | H14: 60 | J14: mA at Vk
A16: Other Burdens on same CT core:
B18: Burden of | D18: =T7 -> REB500 | I18: = | J18: ='CT-VT Burdens'!Q49 -> 0.01 | L18: VA | N18: CT internal Burden
B19: Burden of | D19: =T8 -> 0 | I19: = | L19: VA | N19: PE | O19: = | P19: In | Q19: x | R19: In | S19: x | T19: Rct
B20: Burden of | D20: =T9 -> 0 | I20: = | L20: VA | O20: = | P20: =O10 -> 1 | Q20: x | R20: =O10 -> 1 | S20: x | T20: =H12 -> 5
B21: Total lead burden | I21: = | J21: ='CT-VT Burdens'!S22 -> 0.44875935 | L21: VA | O21: = | P21: =P20*R20*T20 -> 5 | R21: VA
B22: Total lead + other burden | H22: PL | I22: = | J22: =SUM(J18:J21) -> 0.45875935 | L22: VA
B24: CT-Requirements for BB Protection
C25: Maximum Primary Fault Current | Q25: Isc | R25: = | S25: ='Parameters & Fault Cal. (4)'!Q10 *1000 -> 50000 | U25: A
C26: CT Primary Current, | Q26: Ipn | R26: = | S26: =H10 -> 2500 | U26: A
C27: Rated Voltage | Q27: UN2 | R27: = | S27: 400 | U27: kV
C28: Rated Knee Point Voltage, | Q28: Vk | R28: = | S28: =H13 -> 750 | U28: V
C29: Internal Resistance CT | Q29: Rct | R29: = | S29: =P21 -> 5 | U29: VA
C30: Conn. Lead + Relay Burden | Q30: RL | R30: = | S30: =J22 -> 0.45875935 | U30: VA
C31: Rated Secondary Current, | Q31: Isc | R31: = | S31: =O10 -> 1 | U31: A
C32: Nominal Frequency of the network | Q32: fn | R32: = | S32: 50
C34: Required OC factor condition. 1:
D35: At Max. Through fault current CT’s shall not saturate for currents below 5 times rated current.
I36: n' | J36: = | K36: Isc
K37: 5 * Ipn
C38: Required OC factor Condition 2:
D39: n2' >= 10 for TN <=120 msec
D40: n2' >= 20 for 120ms <= TN <=300 ms
B41: Where, | D41: n' = Required OC factor
D42: Isc = max. bus fault current
D43: Ipn = Rated primary current (A)
AB45: ** | AC45: Rated Bus fault current
B48: Required OC factor condition 1:
C50: n'(1) | D50: = | E50: =S25 -> 50000
E51: ="5 x "&S26&"" -> 5 x 2500
C53: n'(1) | D53: = | E53: =S25/5/S26 -> 4
B55: Required OC factor condition 2:
E56: TN = | F56: 1 | H56: X | I56: X
G57: 2* ϖ* fn | I57: R
F59: 1 | J59: x | K59: 15
D60: TN | E60: = | F60: 2 * 3.14 * 50
E62: = | F62: =1*K59/(2*3.14*50) -> 0.047770701 | H62: sec
D63: TN | E63: = | F63: =F62*1000 -> 47.770701 | H63: ms
B65: Hence n'(2) 10 | E65: = | F65: 10
B67: Required OC factor n' >= max( n'(1) ; n'(2))
E68: n' >=max(4 ; 10)
B70: Therefore
C71: n' | D71: = | E71: 10 | G71: Necessary Condition
B73: Required secondary equivalent limiting secondary e.m.f
B74: Eal >= n' *(RCT+RL+Rr)*Isn
B75: = | C75: =E71 -> 10 | D75: x | E75: ( | F75: =S29 -> 5 | H75: + | I75: =S30 -> 0.45875935 | J75: + | K75: =J18 -> 0.01 | L75: ) | M75: x | N75: 1
B76: Eal | C76: = | D76: =C75*(F75+I75+K75)*N75 -> 54.687593 | E76: V
B78: According to IEC 61869 class PX | J78: Eknee | L78: > | N78: 0.8*Eal
L79: = | N79: =0.8*D76 -> 43.750075
F80: With design margin 120% | L80: = | N80: =N79*1.2 -> 52.50009
K81: Available Vk | L81: =IF(I82>M82,">","<") -> > | M81: Required Vk
I82: =S28 -> 750 | L82: =IF(I82>=M82,">","<") -> > | M82: =N80 -> 52.50009
K83: Hence CT is: | M83: =IF(I82>M82,"Suitable Dimensions","Under Dimensioned") -> Suitable Dimensions
B90: =B7 -> T1 | D90: =D7 -> Core3 | H90: =H7 -> (Low Imp. Busbar) | S90: Connected devices: | T90: =T7 -> REB500
T91: =T8 -> 0
H92: Tap-1 | J92: Tap-2 | L92: Tap-3 | T92: =T9 -> 0
B93: CT Ratio: | H93: =H10 -> 2500 | J93: =J10 -> - | L93: =L10 -> - | N93: / | O93: =O10 -> 1 | P93: A
B94: Class of Accuracy: | J94: =H11 -> PX - B
B95: CT Resistance: | I95: Rct< | J95: 9.3 | L95: W
B96: Knee Point Voltage: | I96: Vk> | J96: 500 | L96: V | W96: =M163 -> Required Vk
B97: Magnetizing Current: | I97: I0< | J97: 60 | L97: mA at Vk
A99: Other Burdens on same CT core:
B101: Burden of | D101: =T90 -> REB500 | I101: = | J101: =J18 -> 0.01 | L101: VA | N101: CT internal Burden
B102: Burden of | D102: =T91 -> 0 | I102: = | J102: =J19 -> 0 | L102: VA | N102: PE | O102: = | P102: In | Q102: x | R102: In | S102: x | T102: Rct
B103: Burden of | D103: =T92 -> 0 | I103: = | J103: =J20 -> 0 | L103: VA | O103: = | P103: =O93 -> 1 | Q103: x | R103: =O93 -> 1 | S103: x | T103: =J95 -> 9.3
B104: Total lead burden | I104: = | J104: =J21 -> 0.44875935 | L104: VA | O104: = | P104: =P103*R103*T103 -> 9.3 | R104: VA
B105: Total lead + other burden | H105: PL | I105: = | J105: =SUM(J101:J104) -> 0.45875935 | L105: VA
B107: CT-Requirements for BB Protection
C108: Maximum Primary Fault Current | Q108: Isc | R108: = | S108: 31500 | U108: A | V108: **
C109: CT Primary Current, | Q109: Ipn | R109: = | S109: =J93 -> - | U109: A
C110: Rated Voltage | Q110: UN2 | R110: = | S110: 33 | U110: kV
C111: Rated Knee Point Voltage, | Q111: Vk | R111: = | S111: =J96 -> 500 | U111: V
C112: Internal Resistance CT | Q112: Rct | R112: = | S112: =P104 -> 9.3 | U112: VA
C113: Conn. Lead + Relay Burden | Q113: RL | R113: = | S113: =J105 -> 0.45875935 | U113: VA
C114: Rated Secondary Current, | Q114: Isc | R114: = | S114: =O93 -> 1 | U114: A
C115: Nominal Frequency of the network | Q115: fn | R115: = | S115: 50
C117: Required OC factor condition. 1:
D118: At Max. Through fault current CT’s shall not saturate for currents below 5 times rated current.
I119: n' | J119: = | K119: Isc
K120: 5 * Ipn
B121: Required OC factor Condition 2:
C122: n2' >= 10 for TN <=120 msec
C123: n2' >= 20 for 120ms <= TN <=300 ms
B124: Where,
C125: n' = Required OC factor
C126: Isc = max. bus fault current
C127: Ipn = Rated primary current (A)
K128: ** | L128: Rated Bus fault current
B131: Required OC factor condition 1:
...

Sheet IFP1-RED670
H3: RED670 TEMPLATE.
A5: Here We have placed the calculations CT Adequacy Check of Two tapping for RED 670
B7: T1 | D7: Core1 | H7: (Diff. + Dist.) | S7: Connected devices: | T7: RED670 | W7: Note: CT requirements for other protection functions are different. Pl. refer to Application Manual
H9: Tap-1 | J9: Tap-2 | L9: Tap-3
B10: CT Ratio: | H10: 1600 | J10: 1800 | L10: - | N10: / | O10: 1 | P10: A
B11: Class of Accuracy: | H11: PX-A
B12: CT Resistance: | G12: Rct < | H12: 12 | J12: W
B13: Knee Point Voltage: | G13: Vk > | H13: 3500 | J13: V | W13: Highest Vk required = | AB13: =Q120 -> 632.78933
B14: Magnetizing Current: | G14: I0< | H14: 40 | J14: mA at Vk
A16: Other Burdens on same CT core:
B18: Burden of | D18: =T7 -> RED670 | H18: Sr' | I18: = | J18: ='CT-VT Burdens'!Q48 -> 0.02 | L18: VA | N18: Lead + Other resisitance connected
B19: Burden of | D19: =T8 -> 0 | I19: = | L19: VA | N19: Rl | O19: = | P19: Sl | Q19: / ( | R19: Isn | S19: x | T19: Isn | U19: )
B20: Burden of | I20: = | L20: VA | O20: = | P20: =J22 -> 0.46875935 | Q20: / ( | R20: =O10 -> 1 | S20: x | T20: =O10 -> 1 | U20: )
B21: Total lead burden | I21: = | J21: ='CT-VT Burdens'!S22 -> 0.44875935 | L21: VA | O21: = | P21: =P20/(R20*T20) -> 0.46875935 | R21: W
B22: Total lead + other burden | H22: Sl | I22: = | J22: =SUM(J18:K21) -> 0.46875935 | L22: VA
A24: A. CT ADEQUECY CHECK FOR DIFFERENTIAL FUNCTION:
A25: The CT secondary limiting e.m.f (Eal) should meet the following requirements as per Relay manufacturer.
A27: For Close-in faults:
A28: Ealreq = | F28: Ikmax | H28: x | I28: Isn | K28: x | L28: ( | M28: Rct | N28: + | O28: Rl | P28: + | Q28: Sr | T28: ) | U28: ---(1)
I29: Ipn | Q29: Ir | R29: x | S29: Ir
A30: For Through faults:
A31: Ealreq = | D31: 2 | E31: x | F31: Itmax | H31: x | I31: Isn | K31: x | L31: ( | M31: Rct | N31: + | O31: Rl | P31: + | Q31: Sr | T31: ) | U31: ---(2)
I32: Ipn | Q32: Ir | R32: x | S32: Ir
B34: Equivalent Secondary emf. Required | P34: Ealreq
B35: CT primary rated current(A) | P35: Ipn | Q35: = | R35: =H10 -> 1600 | T35: A
B36: Max. primary fundamental frequency fault current for close-in faults | P36: Ikmax | Q36: = | R36: ='Parameters & Fault Cal. (4)'!Q32 -> 50000 | T36: A
B37: Max. primary fundamental frequency fault current for through fault | P37: Itmax | Q37: = | R37: ='Parameters & Fault Cal. (4)'!M70 -> 28681.091 | T37: A | U37: 3-phase
Q38: = | R38: ='Parameters & Fault Cal. (4)'!M91 -> 30950.978 | T38: A | U38: 1-phase
B39: CT secondary rated current | P39: Isn | Q39: = | R39: ='CT-VT Burdens'!S17 -> 1 | T39: A
B40: Relay rated current | P40: Ir | Q40: = | R40: ='CT-VT Burdens'!S18 -> 1 | T40: A
B41: CT secondary winding resistance. | P41: Rct | Q41: = | R41: =H12 -> 12 | T41: W
B42: Lead Resistance of the current loop from the CT to Relay | P42: Rl | Q42: = | R42: =P21 -> 0.46875935 | T42: W
B43: Burden of RED 670 Relay | P43: Sr | Q43: = | R43: =J18 -> 0.02 | T43: VA
A46: For Close-in faults:
A47: Ealreq = | F47: =R36 -> 50000 | H47: x | I47: =R39 -> 1 | K47: x | L47: ( | M47: =R41 -> 12 | N47: + | O47: =R42 -> 0.46875935 | P47: + | Q47: =R43 -> 0.02 | T47: ) | U47: ---(1)
I48: =R35 -> 1600 | Q48: =R40 -> 1 | R48: x | S48: =R40 -> 1
C50: = | D50: =F47*(I47/I48)*(M47+O47+(Q47/(Q48*S48))) -> 390.27373 | F50: V
A52: For Through faults (3-ph):
A53: Ealreq = | D53: 2 | E53: x | F53: =R37 -> 28681.091 | H53: x | I53: =R39 -> 1 | K53: x | L53: ( | M53: =R41 -> 12 | N53: + | O53: =R42 -> 0.46875935 | P53: + | Q53: =Q47 -> 0.02 | T53: ) | U53: ---(2)
I54: =R35 -> 1600 | Q54: =R40 -> 1 | R54: x | S54: =R40 -> 1
C56: = | D56: =D53*F53*(I53/I54)*(M53+O53+(Q53/(Q54*S54))) -> 447.73905 | F56: V
A58: For Through faults (1-ph):
A59: Ealreq = | D59: 2 | E59: x | F59: =R38 -> 30950.978 | H59: x | I59: =R39 -> 1 | K59: x | L59: ( | M59: =R41 -> 12 | N59: + | O59: =R42 -> 0.46875935 | P59: + | Q59: =R43 -> 0.02 | T59: ) | U59: ---(2)
I60: =R35 -> 1600 | Q60: =R40 -> 1 | R60: x | S60: =R40 -> 1
C62: = | D62: =D59*F59*(I59/I60)*(M59+O59+(Q59/(Q60*S60))) -> 483.17415 | F62: V
A64: B. CT ADEQUECY CHECK FOR DISTANCE FUNCTION:
A65: The CT secondary limiting e.m.f (Eal) should meet the following requirements as per Relay manufacturer.
A67: For Close-in faults:
A68: Ealreq = | D68: Ikmax | F68: x | G68: Isn | I68: x | J68: a | K68: x | L68: ( | M68: Rct | N68: + | O68: Rl | P68: + | Q68: Sr | T68: ) | U68: ---(1)
G69: Ipn | Q69: Ir | R69: x | S69: Ir
A70: For Endzone-1 faults:
A71: Ealreq = | D71: Ikzone-1 | F71: x | G71: Isn | I71: x | J71: k | K71: x | L71: ( | M71: Rct | N71: + | O71: Rl | P71: + | Q71: Sr | T71: ) | U71: ---(2)
G72: Ipn | Q72: Ir | R72: x | S72: Ir
B74: Equivalent Secondary emf. Required | P74: Ealreq
B75: CT primary rated current(A) | P75: Ipn | Q75: = | R75: =R35 -> 1600 | T75: A
B76: Max. primary fundamental frequency fault current for close-in faults | P76: Ikmax | Q76: = | R76: =R36 -> 50000 | T76: A
B77: Max. primary fundamental frequency fault current for zone-1 faults | P77: Ikzone-1 | Q77: = | R77: ='Parameters & Fault Cal. (4)'!M110 -> 31616.579 | T77: A | U77: 3-phase
Q78: = | R78: ='Parameters & Fault Cal. (4)'!M131 -> 33779.14 | T78: A | U78: 1-phase
B79: CT secondary rated current . | P79: Isn | Q79: = | R79: =R39 -> 1 | T79: A
B80: Relay rated current | P80: Ir | Q80: = | R80: =R40 -> 1 | T80: A
B81: CT secondary winding resistance. | P81: Rct | Q81: = | R81: =R41 -> 12 | T81: W
B82: Lead resistance between relay and CT sec. Terminals (2 way ) | P82: Rl | Q82: = | R82: =R42 -> 0.46875935 | T82: W
B83: Burden of RED 670 Relay | P83: Sr | Q83: = | R83: =J18 -> 0.02 | T83: VA
A86: High Speed Distance : Quadrilateral Characteristic
A87: Factor for the Function of the primary time constant for the DC component in the fault current
H88: For the primary time constant tp | I88: <= 400ms | K88: : | L88: a | P88: = | Q88: 1
A90: Factor for Function of the primary time constant for the DC component in the fault current
A91: for a three phase fault at the set reach component in the fault current for of zone-1
H92: For the primary time constant tp | I92: <= 200ms | K92: : | L92: k | P92: = | Q92: 3
A94: For Close-in faults:
G95: Since System tp | K95: = | L95: ='Parameters & Fault Cal. (4)'!Q59 -> 47.727273 | N95: ms, | O95: a | P95: = | Q95: =IF(L95<=400,Q88,Q89) -> 1
A96: Ealreq = | D96: =R76 -> 50000 | F96: x | G96: =R79 -> 1 | I96: x | J96: =Q95 -> 1 | K96: x | L96: ( | M96: =R81 -> 12 | N96: + | O96: =R82 -> 0.46875935 | P96: + | Q96: =R83 -> 0.02 | T96: ) | U96: ---(1)
G97: =R75 -> 1600 | Q97: =R80 -> 1 | R97: x | S97: =R80 -> 1
C99: = | D99: =D96*(G96/G97)*J96*(M96+O96+(Q96/(Q97*S97))) -> 390.27373 | F99: V
A101: For Endzone-1 3-ph faults:
E102: Since 3-ph tp for this fault | K102: = | L102: ='Parameters & Fault Cal. (4)'!Q116 -> 7.3490764 | N102: ms, | O102: k | P102: = | Q102: =IF(L102<=200,Q92,Q93) -> 3
A103: Ealreq = | D103: =R77 -> 31616.579 | F103: x | G103: =R79 -> 1 | I103: x | J103: =Q102 -> 3 | K103: x | L103: ( | M103: =R81 -> 12 | N103: + | O103: =R82 -> 0.46875935 | P103: + | Q103: =R83 -> 0.02 | T103: ) | U103: ---(2)
G104: =R75 -> 1600 | Q104: =R80 -> 1 | R104: x | S104: =R80 -> 1
C106: = | D106: =D103*(G103/G104)*J103*(M103+O103+(Q103/(Q104*S104))) -> 740.34721 | F106: V
A108: For Endzone-1 1-ph faults:
E109: Since 1-ph tp for this fault | K109: = | L109: ='Parameters & Fault Cal. (4)'!Q139 -> 7.6723844 | N109: ms, | O109: k | P109: = | Q109: =IF(L109<=200,Q92,Q93) -> 3
A110: Ealreq = | D110: =R78 -> 33779.14 | F110: x | G110: =R79 -> 1 | I110: x | J110: =Q109 -> 3 | K110: x | L110: ( | M110: =R81 -> 12 | N110: + | O110: =R82 -> 0.46875935 | P110: + | Q110: =R83 -> 0.02 | T110: ) | U110: ---(2)
G111: =R75 -> 1600 | Q111: =R80 -> 1 | R111: x | S111: =R80 -> 1
C113: = | D113: =D110*(G110/G111)*J110*(M110+O110+(Q110/(Q111*S111))) -> 790.98667 | F113: V
A115: Hence, highest Ealreq for Differential & Distance functions at | M115: =H10 -> 1600 | O115: A Tap = | Q115: =MAX(D50,D56,D62,D99,D106,D113) -> 790.98667 | S115: V
A116: Therefore, the required knee point voltage of the CT.
A117: (Vk in terms of Ealreq as per the Manufacturer )
O118: Vk | P118: = | Q118: Ealreq | S118: x | T118: 0.8
P119: = | Q119: =+Q115 -> 790.98667 | S119: x | T119: =+T118 -> 0.8
P120: = | Q120: =Q119*T119 -> 632.78933 | S120: V
D121: Available Vk | G121: > | H121: Required Vk | Z121: =IF(E122>H122,">","<") -> >
E122: =H13 -> 3500 | G122: > | H122: =Q120 -> 632.78933
F123: Hence CT is: | H123: =IF(E122>H122,"Suitably Dimensioned","Under Dimensioned") -> Suitably Dimensioned | Z123: =IF(G121=">","Suitably Dimensioned","Under Dimensioned") -> Suitably Dimensioned
B126: =B7 -> T1 | D126: =D7 -> Core1 | F126: =F7 -> 0 | H126: =H7 -> (Diff. + Dist.) | S126: Connected devices: | T126: =T7 -> RED670
B127: =B8 -> 0 | T127: =T8 -> 0
H128: Tap-1 | J128: Tap-2 | L128: Tap-3 | T128: =T9 -> 0
B129: CT Ratio: | H129: =H10 -> 1600 | J129: =J10 -> 1800 | L129: =L10 -> - | N129: / | O129: =O10 -> 1 | P129: A
B130: Class of Accuracy: | J130: =H11 -> PX-A
B131: CT Resistance: | I131: Rct< | J131: 14 | L131: W
B132: Knee Point Voltage: | I132: Vk> | J132: 3000 | L132: V | W132: Highest Vk required = | AB132: =Q239 -> 652.55712
...

Sheet BCU+OC-5P SEL751+7SJ85 (2)
H3: 7SJ85
B7: T1 | D7: Core2 | H7: (OC +BCU) | S7: Connected devices: | T7: 7SJ85
H9: Tap-1 | J9: Tap-2 | L9: Tap-3
B10: CT Ratio: | H10: 1000 | J10: 600 | L10: - | N10: / | O10: 1 | P10: A
B11: Class of Accuracy: | H11: 5P | I11: 20
B12: CT Resistance: | G12: Rct< | H12: 14 | J12: W
B13: Rated Burden | G13: PN | H13: 13 | J13: VA | W13: =G42 -> Under Dimensioned | AC13: 5
A15: Other Burdens on same CT core:
B17: Burden of | D17: =T7 -> 7SJ85 | I17: = | J17: ='CT-VT Burdens'!Q54 -> 0.02 | L17: VA | N17: CT internal Burden
B18: Burden of | D18: =T8 -> 0 | I18: = | L18: VA
B19: Burden of | D19: =T9 -> 0 | I19: = | L19: VA
B20: Burden of | L20: VA | N20: PE | O20: = | P20: In | Q20: x | R20: In | S20: x | T20: Rct
B21: Total lead burden | I21: = | J21: ='CT-VT Burdens'!S22 -> 0.44875935 | L21: VA | O21: = | P21: =O10 -> 1 | Q21: x | R21: =O10 -> 1 | S21: x | T21: =H12 -> 14
B22: Total lead + other burden | H22: PL | I22: = | J22: =SUM(J17:J21) -> 0.46875935 | L22: VA | O22: = | P22: =P21*R21*T21 -> 14 | R22: VA
C24: Max through fault current at close in fault | Q24: Itkmax | R24: = | S24: ='Parameters & Fault Cal. (4)'!Q10*1000 -> 50000 | U24: A | V24: ** | X24: This Current Must be Linked Later to Fault Setting
C25: CT Primary Current, | Q25: Ipn | R25: = | S25: =H10 -> 1000 | U25: A
C26: Internal Burden, | Q26: PE | R26: = | S26: =P22 -> 14 | U26: VA
C27: Burden of CT Leads and burden of connected devices | Q27: PL | R27: = | S27: =J22 -> 0.46875935 | U27: VA
C28: Rated Secondary Current, | Q28: In | R28: = | S28: =O10 -> 1 | U28: A
C29: CT Accuracy Limiting Factor | Q29: n | R29: = | S29: =I11 -> 20
C30: CT Burden | Q30: PN | R30: = | S30: =H13 -> 13 | U30: VA
E32: Required Kssc' | F32: = | G32: Itkmax | I32: / | J32: Ipn
F33: = | G33: =S24 -> 50000 | I33: / | J33: =S25 -> 1000
F34: = | G34: =G33/J33 -> 50
E36: Available (effective) Kssc' | F36: = | G36: n | H36: x ( ( | I36: PE | J36: + | K36: PN | L36: ) / ( | M36: PE | N36: + | O36: PL | P36: )
F37: = | G37: =S29 -> 20 | H37: x ( ( | I37: =S26 -> 14 | J37: + | K37: =S30 -> 13 | L37: ) / ( | M37: =S26 -> 14 | N37: + | O37: =S27 -> 0.46875935 | P37: )
F38: = | G38: =G37*((I37+K37)/(M37+O37)) -> 37.32179
E40: Available Kssc' | F40: =IF(D41>G41,">","<") -> < | G40: Required Kssc'
D41: =G38 -> 37.32179 | F41: =F40 -> < | G41: =G34 -> 50
E42: Hence CT is: | G42: =IF(F40=">","Suitably Dimensioned","Under Dimensioned") -> Under Dimensioned
J45: ** Assumed
B48: =B7 -> T1 | D48: =D7 -> Core2 | H48: =H7 -> (OC +BCU) | S48: Connected devices: | T48: =T7 -> 7SJ85
B49: =B8 -> 0 | T49: =T8 -> 0
H50: Tap-1 | J50: Tap-2 | L50: Tap-3 | T50: =T9 -> 0
B51: CT Ratio: | H51: =H10 -> 1000 | J51: =J10 -> 600 | L51: =L10 -> - | N51: / | O51: =O10 -> 1 | P51: A | T51: =T10 -> 0
B52: Class of Accuracy: | J52: =H11 -> 5P | K52: =I11 -> 20
B53: CT Resistance: | I53: Rct< | J53: 10 | L53: W
B54: Rated Burden | I54: PN | J54: 12 | L54: VA | W54: =G83 -> Under Dimentioned | AD54: 5
A56: Other Burdens on same CT core:
B58: Burden of | D58: =T48 -> 7SJ85 | I58: = | J58: =J17 -> 0.02 | L58: VA | N58: CT internal Burden
B59: Burden of | D59: =T49 -> 0 | I59: = | J59: =J18 -> 0 | L59: VA
B60: Burden of | D60: =T50 -> 0 | I60: = | J60: =J19 -> 0 | L60: VA
B61: Burden of | D61: =T51 -> 0 | J61: =J20 -> 0 | L61: VA | N61: PE | O61: = | P61: In | Q61: x | R61: In | S61: x | T61: Rct
B62: Total lead burden | I62: = | J62: =J21 -> 0.44875935 | L62: VA | O62: = | P62: =O51 -> 1 | Q62: x | R62: =O51 -> 1 | S62: x | T62: =J53 -> 10
B63: Total lead + other burden | H63: PL | I63: = | J63: =SUM(J58:J62) -> 0.46875935 | L63: VA | O63: = | P63: =P62*R62*T62 -> 10 | R63: VA
C65: Max through fault current at close in fault | Q65: Itkmax | R65: = | S65: =S24 -> 50000 | U65: A
C66: CT Primary Current, | Q66: Ipn | R66: = | S66: =J51 -> 600 | U66: A
C67: Internal Burden, | Q67: PE | R67: = | S67: =P63 -> 10 | U67: VA
C68: Burden of CT Leads and burden of connected devices | Q68: PL | R68: = | S68: =J63 -> 0.46875935 | U68: VA
C69: Rated Secondary Current, | Q69: In | R69: = | S69: =O51 -> 1 | U69: A
C70: CT Accuracy Limiting Factor | Q70: n | R70: = | S70: =K52 -> 20
C71: CT Burden | Q71: PN | R71: = | S71: =J54 -> 12 | U71: VA
E73: Required Kssc' | F73: = | G73: Itkmax | I73: / | J73: Ipn
F74: = | G74: =S65 -> 50000 | I74: / | J74: =S66 -> 600
F75: = | G75: =G74/J74 -> 83.333333
E77: Available (effective) Kssc' | F77: = | G77: n | H77: x ( ( | I77: PE | J77: + | K77: PN | L77: ) / ( | M77: PE | N77: + | O77: PL | P77: )
F78: = | G78: =S70 -> 20 | H78: x ( ( | I78: =S67 -> 10 | J78: + | K78: =S71 -> 12 | L78: ) / ( | M78: =S67 -> 10 | N78: + | O78: =S68 -> 0.46875935 | P78: )
F79: = | G79: =G78*((I78+K78)/(M78+O78)) -> 42.029813
E81: Available Kssc' | F81: =IF(D82>G82,">","<") -> < | G81: Required Kssc'
D82: =G79 -> 42.029813 | F82: =F81 -> < | G82: =G75 -> 83.333333
E83: Hence CT is: | G83: =IF(F81=">","Suitably Dimentioned","Under Dimentioned") -> Under Dimentioned
B89: =B48 -> T1 | D89: =D48 -> Core2 | H89: =H48 -> (OC +BCU) | S89: Connected devices: | T89: =T48 -> 7SJ85
B90: =B49 -> 0 | T90: =T49 -> 0
H91: Tap-1 | J91: Tap-2 | L91: Tap-3 | T91: =T50 -> 0
B92: CT Ratio: | H92: =H51 -> 1000 | J92: =J51 -> 600 | L92: =L51 -> - | N92: / | O92: =O51 -> 1 | P92: A
B93: Class of Accuracy: | L93: =J52 -> 5P | M93: =K52 -> 20
B94: CT Resistance: | K94: Rct< | L94: - | N94: W
B95: Rated Burden | K95: PN | L95: - | N95: VA | W95: =G123 -> #VALUE!
A97: Other Burdens on same CT core:
B99: Burden of | D99: =T89 -> 7SJ85 | I99: = | J99: =J58 -> 0.02 | L99: VA | N99: CT internal Burden
B100: Burden of | D100: =T90 -> 0 | I100: = | J100: =J59 -> 0 | L100: VA
B101: Burden of | D101: =T91 -> 0 | I101: = | J101: =J60 -> 0 | L101: VA | N101: PE | O101: = | P101: In | Q101: x | R101: In | S101: x | T101: Rct
B102: Total lead burden | I102: = | J102: =J62 -> 0.44875935 | L102: VA | O102: = | P102: =O92 -> 1 | Q102: x | R102: =O92 -> 1 | S102: x | T102: =L94 -> -
B103: Total lead + other burden | H103: PL | I103: = | J103: =SUM(J99:J102) -> 0.46875935 | L103: VA | O103: = | P103: =P102*R102*T102 -> #VALUE! | R103: VA
C105: Max through fault current at close in fault | Q105: Itkmax | R105: = | S105: =S65 -> 50000 | U105: A
C106: CT Primary Current, | Q106: Ipn | R106: = | S106: =J92 -> 600 | U106: A
C107: Internal Burden, | Q107: PE | R107: = | S107: =P103 -> #VALUE! | U107: VA
C108: Burden of CT Leads and burden of connected devices | Q108: PL | R108: = | S108: =J103 -> 0.46875935 | U108: VA
C109: Rated Secondary Current, | Q109: In | R109: = | S109: =O92 -> 1 | U109: A
C110: CT Accuracy Limiting Factor | Q110: n | R110: = | S110: =M93 -> 20
C111: CT Burden | Q111: PN | R111: = | S111: =L95 -> - | U111: VA
E113: Required Kssc' | F113: = | G113: Itkmax | I113: / | J113: Ipn
F114: = | G114: =S105 -> 50000 | I114: / | J114: =S106 -> 600
F115: = | G115: =G114/J114 -> 83.333333
E117: Available (effective) Kssc' | F117: = | G117: n | H117: x ( ( | I117: PE | J117: + | K117: PN | L117: ) / ( | M117: PE | N117: + | O117: PL | P117: )
F118: = | G118: =S110 -> 20 | H118: x ( ( | I118: =S107 -> #VALUE! | J118: + | K118: =S111 -> - | L118: ) / ( | M118: =S107 -> #VALUE! | N118: + | O118: =S108 -> 0.46875935 | P118: )
F119: = | G119: =G118*((I118+K118)/(M118+O118)) -> #VALUE!
E121: Available Kssc' | F121: =IF(D122>G122,">","<") -> #VALUE! | G121: Required Kssc'
D122: =G119 -> #VALUE! | F122: =F121 -> #VALUE! | G122: =G115 -> 83.333333
E123: Hence CT is: | G123: =IF(F121=">","Suitably Dimentioned","Under Dimentioned") -> #VALUE!
V131: ABB
A133: Hence, the Recommended CT Parameters for Manufacturing are:
A134: CT / Core | D134: Ratio (A) | G134: CT Cable m/mm2 | I134: Class | K134: CT Resistance (W) @ 75OC | M134: Rated Burden of CT, VA | Q134: Relay / Instrument Type | S134: CT Suitability
A138: =B89 -> T1 | B138: =D89 -> Core2 | D138: =H92 -> 1000 | F138: =O92 -> 1 | G138: ='CT-VT Burdens'!S19 -> 50 | H138: ='CT-VT Burdens'!S10 -> 6 | I138: =L93 -> 5P | J138: =M93 -> 20 | K138: =H12 -> 14 | M138: =H13 -> 13 | O138: - | Q138: =CONCATENATE(T7," ",T8," ",T9," ",T10) -> 7SJ85 | S138: =G42 -> Under Dimensioned
D139: =J92 -> 600 | K139: =J53 -> 10 | M139: =J54 -> 12 | O139: - | S139: =G83 -> Under Dimentioned
D140: - | K140: - | M140: - | O140: - | S140: -

Sheet Tariff Check-0.2FS  (3)
A1: HITACHI | H1: =Title!H1 -> CT / VT | O1: =Title!O1 -> Contract No. | R1: =Title!R1 -> N-19957.1-DF5W
H2: =Title!H2 -> ADEQUACY CHECK | O2: =Title!O2 -> Date | R2: =Title!R2 -> 46106
H3: =Title!H3 -> LT14 - LEWIS 400/132kV SUBSTATION | O3: =Title!O3 -> Document No. | R3: =Title!R3 -> -
O4: =Title!O4 -> Revision No. | R4: =Title!R4 -> A
A5: =Title!A5 -> Prep. By | C5: =Title!C5 -> AP | D5: =Title!D5 -> Checked By | G5: =Title!G5 -> RB | H5: 33kV DIAMOND CABLE FEEDERS | O5: =Title!O5 -> Contractor | R5: =Title!R5 -> HITACHI
B7: T1 | D7: Core4 | H7: (Tariff Meter- Check) | S7: Connected devices: | T7: XC-RACK
T8: GOSSEN
H9: Tap-1 | J9: Tap-2 | L9: Tap-3
B10: CT Ratio: | H10: 600 | J10: 200 | L10: - | N10: / | O10: 1 | P10: A
B11: Class of Accuracy: | H11: 0.2FS10
B12: CT Resistance: | G12: Rct< | H12: 8 | J12: W
B13: Factor of Safety | G13: FS | H13: 10 | W13: =J47 -> Suitable Dimensions
B14: Rated Burden | G14: PN | H14: 7.5 | J14: VA
A16: Other Burdens on same CT core:
B18: Burden of | D18: =T7 -> XC-RACK | I18: = | J18: ='CT-VT Burdens'!Q85 -> 0.008 | L18: VA | N18: CT internal Burden | AC18: rec670 | AE18: 100A for 1 S
B19: Burden of | D19: =T8 -> GOSSEN | I19: = | J19: ='CT-VT Burdens'!Q86 -> 0.25 | L19: VA
B20: Burden of | D20: =T9 -> 0 | I20: = | L20: VA | N20: PE | O20: = | P20: In | Q20: x | R20: In | S20: x | T20: Rct
B21: Burden of | D21: =T10 -> 0 | I21: = | L21: VA | O21: = | P21: =O10 -> 1 | Q21: x | R21: =O10 -> 1 | S21: x | T21: =H12 -> 8
B22: Total lead burden | I22: = | J22: ='CT-VT Burdens'!S22 -> 0.44875935 | L22: VA | O22: = | P22: =P21*R21*T21 -> 8 | R22: VA
B23: Total lead + other burden | H23: PL | I23: = | J23: =SUM(J18:K22) -> 0.70675935 | L23: VA
B25: CT Primary Current, | N25: Ipn | O25: = | P25: =H10 -> 600 | R25: A
B26: Internal Burden, | N26: PE | O26: = | P26: =H12 -> 8 | R26: VA
B27: Burden of CT Leads and burden of connected devices | N27: PL | O27: = | P27: =J23 -> 0.70675935 | R27: VA
B28: Rated Secondary Current, | N28: In | O28: = | P28: =O10 -> 1 | R28: A
B29: CT Safety Factor | N29: n | O29: = | P29: 10
B30: Safety Factor among all connected devices Fs (min) | O30: = | P30: 20 | R30: ** | S30: Assumed
C32: Minimum Safety Factor among all connected devices | Q32: Fs(min) | R32: = | S32: 20 | V32: **
C34: Total connected burden on CT | I34: = | J34: Connected devices burden | P34: + | Q34: Lead Burden
I35: = | J35: =J23 -> 0.70675935
H37: Effective Safety Factor of CT, FS' | I37: = | J37: FS | K37: x ( ( | L37: PE | M37: + | N37: PN | O37: ) / ( | P37: PE | Q37: + | R37: PL | S37: )
I38: = | J38: =H13 -> 10 | K38: x ( ( | L38: =P22 -> 8 | M38: + | N38: =H14 -> 7.5 | O38: ) / ( | P38: =P22 -> 8 | Q38: + | R38: =J23 -> 0.70675935 | S38: )
I39: = | J39: =J38*((L38+N38)/(P38+R38)) -> 17.802261
A41: CT is considered to be properly sized if following conditions are satisfied…
B42: 1 | H42: Rated CT Burden | I42: > | J42: Total Connected Burden | S42: …cond.1
G43: =H14 -> 7.5 | I43: =IF(G43>J43,">","<") -> > | J43: =J35 -> 0.70675935 | S43: =IF(G43>J43,"Satisfied","Not satisfied") -> Satisfied
B45: 2 | H45: FS(min) of connected devices | I45: > | J45: Effective Safety Factor of CT, FS' | S45: …cond.2
G46: =P30 -> 20 | I46: =IF(G46>J46,">","<") -> > | J46: =J39 -> 17.802261 | S46: =IF(G46>J46,"Satisfied","Not satisfied") -> Satisfied
H47: Hence CT is: | J47: =IF(AND(I43=">",I46=">")=TRUE,"Suitable Dimensions","Not suitable") -> Suitable Dimensions
B50: =B7 -> T1 | D50: =D7 -> Core4 | H50: =H7 -> (Tariff Meter- Check) | S50: Connected devices: | T50: =T7 -> XC-RACK
B51: =B8 -> 0 | T51: =T8 -> GOSSEN
H52: Tap-1 | J52: Tap-2 | L52: Tap-3
B53: CT Ratio: | H53: =H10 -> 600 | J53: =J10 -> 200 | L53: =L10 -> - | N53: / | O53: =O10 -> 1 | P53: A
B54: Class of Accuracy: | J54: =H11 -> 0.2FS10
B55: CT Resistance: | I55: Rct< | J55: 4 | L55: W
B56: Factor of Safety | I56: FS | J56: 10 | W56: =J90 -> Suitable Dimensions
B57: Rated Burden | I57: PN | J57: 5 | L57: VA
A59: Other Burdens on same CT core:
B61: Burden of | D61: =D18 -> XC-RACK | I61: = | J61: =J18 -> 0.008 | L61: VA | N61: CT internal Burden
B62: Burden of | D62: =D19 -> GOSSEN | I62: = | J62: =J19 -> 0.25 | L62: VA
B63: Burden of | D63: =D20 -> 0 | I63: = | J63: =J20 -> 0 | L63: VA | N63: PE | O63: = | P63: In | Q63: x | R63: In | S63: x | T63: Rct
B64: Burden of | D64: =T10 -> 0 | I64: = | J64: =J21 -> 0 | L64: VA | O64: = | P64: =O53 -> 1 | Q64: x | R64: =O53 -> 1 | S64: x | T64: =J55 -> 4
B65: Total lead burden | I65: = | J65: =J22 -> 0.44875935 | L65: VA | O65: = | P65: =P64*R64*T64 -> 4 | R65: VA
B66: Total lead + other burden | H66: PL | I66: = | J66: =J23 -> 0.70675935 | L66: VA
B68: CT Primary Current, | N68: Ipn | O68: = | P68: =J53 -> 200 | R68: A
B69: Internal Burden, | N69: PE | O69: = | P69: =J55 -> 4 | R69: VA
B70: Burden of CT Leads and burden of connected devices | N70: PL | O70: = | P70: =J66 -> 0.70675935 | R70: VA
B71: Rated Secondary Current, | N71: In | O71: = | P71: =O53 -> 1 | R71: A
B72: CT Safety Factor | N72: n | O72: = | P72: 10
B73: Safety Factor among all connected devices Fs (min) | O73: = | P73: 20 | R73: ** | S73: Assumed
C75: Minimum Safety Factor among all connected devices | Q75: Fs(min) | R75: = | S75: =S32 -> 20 | V75: **
C77: Total connected burden on CT | I77: = | J77: Connected devices burden | P77: + | Q77: Lead Burden
I78: = | J78: =J66 -> 0.70675935
H80: Effective Safety Factor of CT, FS' | I80: = | J80: FS | K80: x ( ( | L80: PE | M80: + | N80: PN | O80: ) / ( | P80: PE | Q80: + | R80: PL | S80: )
I81: = | J81: =J56 -> 10 | K81: x ( ( | L81: =P65 -> 4 | M81: + | N81: =J57 -> 5 | O81: ) / ( | P81: =P65 -> 4 | Q81: + | R81: =J66 -> 0.70675935 | S81: )
I82: = | J82: =J81*((L81+N81)/(P81+R81)) -> 19.121436
A84: CT is considered to be properly sized if following conditions are satisfied…
B85: 1 | H85: Rated CT Burden | I85: > | J85: Total Connected Burden | S85: …cond.1
G86: =J57 -> 5 | I86: =IF(G86>J86,">","<") -> > | J86: =J78 -> 0.70675935 | S86: =IF(G86>J86,"Satisfied","Not satisfied") -> Satisfied
B88: 2 | H88: FS(min) of connected devices | I88: > | J88: Effective Safety Factor of CT, FS' | S88: …cond.2
G89: =P73 -> 20 | I89: =IF(G89>J89,">","<") -> > | J89: =J82 -> 19.121436 | S89: =IF(G89>J89,"Satisfied","Not satisfied") -> Satisfied
H90: Hence CT is: | J90: =IF(AND(I86=">",I89=">")=TRUE,"Suitable Dimensions","Not suitable") -> Suitable Dimensions
B95: =B50 -> T1 | D95: =D50 -> Core4 | H95: =H50 -> (Tariff Meter- Check)
B96: =B51 -> 0
H97: Tap-1 | J97: Tap-2 | L97: Tap-3
B98: CT Ratio: | H98: =H53 -> 600 | J98: =J53 -> 200 | L98: =L53 -> - | N98: / | O98: =O53 -> 1 | P98: A
B99: Class of Accuracy: | L99: =J54 -> 0.2FS10
B100: CT Resistance: | K100: Rct< | L100: - | N100: W
B101: Factor of Safety | K101: FS | L101: - | W101: =J130 -> #VALUE!
B102: Rated Burden | K102: PN | L102: - | N102: VA
A104: Other Burdens on same CT core:
B106: Burden of | D106: =D61 -> XC-RACK | I106: = | J106: =J61 -> 0.008 | L106: VA | N106: CT internal Burden
B107: Burden of | D107: =D62 -> GOSSEN | I107: = | J107: =J62 -> 0.25 | L107: VA
B108: Burden of | D108: =D63 -> 0 | I108: = | J108: =J63 -> 0 | L108: VA | N108: PE | O108: = | P108: In | Q108: x | R108: In | S108: x | T108: Rct
B109: Burden of | D109: =T10 -> 0 | I109: = | J109: =J64 -> 0 | L109: VA | O109: = | P109: =O98 -> 1 | Q109: x | R109: =O98 -> 1 | S109: x | T109: =L100 -> -
B110: Total lead burden | I110: = | J110: =J65 -> 0.44875935 | L110: VA | O110: = | P110: =P109*R109*T109 -> #VALUE! | R110: VA
B111: Total lead + other burden | H111: PL | I111: = | J111: =J66 -> 0.70675935 | L111: VA
C113: Minimum Safety Factor among all connected devices | Q113: Fs(min) | R113: = | S113: =S75 -> 20
C115: Total connected burden on CT | I115: = | J115: CT Int. Burden | M115: + | N115: Connected Burden
I116: = | J116: =P110 -> #VALUE! | L116: + | M116: =J111 -> 0.70675935
I117: = | J117: =J116+M116 -> #VALUE!
H119: Effective Safety Factor of CT, FS' | I119: = | J119: FS | K119: x ( ( | L119: PE | M119: + | N119: PN | O119: ) / ( | P119: PE | Q119: + | R119: PL | S119: )
I120: = | J120: =L101 -> - | K120: x ( ( | L120: =P110 -> #VALUE! | M120: + | N120: =L102 -> - | O120: ) / ( | P120: =P110 -> #VALUE! | Q120: + | R120: =J111 -> 0.70675935 | S120: )
I121: = | J121: =J120*((L120+N120)/(P120+R120)) -> #VALUE!
A123: CT is considered to be properly sized if following conditions are satisfied…
B124: 1 | H124: Rated CT Burden | I124: > | J124: Total Connected Burden | S124: …cond.1
G125: =L102 -> - | I125: =IF(G125>J125,">","<") -> #VALUE! | J125: =J117 -> #VALUE! | S125: =IF(G125>J125,"Satisfied","Not satisfied") -> #VALUE!
B127: 2 | H127: FS(min) of connected devices | I127: > | J127: Effective Safety Factor of CT, FS' | S127: …cond.2
G128: =S113 -> 20 | I128: =IF(G128>J128,">","<") -> #VALUE! | J128: =J121 -> #VALUE! | S128: =IF(G128>J128,"Satisfied","Not satisfied") -> #VALUE!
H130: Hence CT is: | J130: =IF(AND(I125=">",I128=">")=TRUE,"Suitably Dimentioned","Not suitable") -> #VALUE!
V137: ABB
...

Sheet BAY2
E22: Transformer (BC2 - 11, 07,06)

Sheet HVC1 - REF650
A1: HITACHI | H1: =[3]Title!H1 -> CT / VT | O1: =Title!O1 -> Contract No. | R1: =Title!R1 -> N-19957.1-DF5W
H2: =[3]Title!H2 -> ADEQUACY CHECK | O2: =Title!O2 -> Date | R2: =Title!R2 -> 46106
H3: =Title!H3 -> LT14 - LEWIS 400/132kV SUBSTATION | O3: =Title!O3 -> Document No. | R3: =Title!R3 -> -
O4: =Title!O4 -> Revision No. | R4: =Title!R4 -> A
A5: =[3]Title!A5 -> Prep. By | C5: =[3]Title!C5 -> AK | D5: =[3]Title!D5 -> Checked By | G5: =[3]Title!G5 -> LN | H5: Transformer | O5: =Title!O5 -> Contractor | R5: =Title!R5 -> HITACHI
B7: T1 | D7: Core1 | S7: Connected devices: | T7: REF650
H9: Tap-1 | J9: Tap-2 | L9: Tap-3
B10: CT Ratio: | H10: 1250 | J10: - | L10: - | N10: / | O10: 1 | P10: A
B11: Class of Accuracy: | H11: PX-B
B12: CT Resistance: | G12: Rct< | H12: 5 | J12: W
B13: Knee Point Voltage: | G13: Vk> | H13: 750 | J13: V | W13: =G56 -> Suitably Dimentioned
B14: Magnetizing Current: | G14: I0< | H14: 60 | J14: mA at Vk
A16: Other Burdens on same CT core:
B18: Burden of | D18: =T7 -> REF650 | I18: = | J18: ='CT-VT Burdens'!Q48 -> 0.02 | L18: VA | N18: CT internal Burden
B19: Burden of | D19: =T8 -> 0 | I19: = | L19: VA
B20: Burden of | D20: =T9 -> 0 | I20: = | L20: VA | N20: PE | O20: = | P20: In | Q20: x | R20: In | S20: x | T20: Rct
B21: Total lead burden | I21: = | J21: ='CT-VT Burdens'!S39 -> 2.7035015 | L21: VA | O21: = | P21: =O10 -> 1 | Q21: x | R21: =O10 -> 1 | S21: x | T21: =H12 -> 5
B22: Total lead + other burden | H22: PL | I22: = | J22: =SUM(J18:J21) -> 2.7235015 | L22: VA | O22: = | P22: =P21*R21*T21 -> 5 | R22: VA
A24: The design values according to BS can be approximately transferred in to IEC60044 Standard using the following formula:
C27: Vk | D27: = | E27: ( ( | F27: PN | G27: + | H27: PE | I27: ) x | J27: n | K27: ) / ( | L27: In | M27: x | N27: 1.3 | O27: )
A28: Or
C29: PN | D29: = | E29: ( ( | F29: 1.3 | G29: x | H29: Vk | J29: x | K29: In | L29: ) / | M29: n | N29: ) - | O29: PE
C31: Max through fault current at close in fault | Q31: Itkmax | R31: = | S31: ='Parameters & Fault Cal. (4)'!Q10 *1000 -> 50000 | U31: A
C32: CT Primary Current, | Q32: Ipn | R32: = | S32: =H10 -> 1250 | U32: A
C33: Rated Knee Point Voltage, | Q33: Vk | R33: = | S33: =H13 -> 750 | U33: V
C34: Internal Burden, | Q34: PE | R34: = | S34: =P22 -> 5 | U34: VA
C35: Burden of CT Leads and burden of connected devices | Q35: PL | R35: = | S35: =J22 -> 2.7235015 | U35: VA
C36: Rated Secondary Current, | Q36: In | R36: = | S36: =O10 -> 1 | U36: A
C37: CT Accuracy Limiting Factor | Q37: n | R37: = | S37: 20
C38: Rated CT Burden | Q38: PN | R38: = | S38: =E42 -> 43.75
C40: PN | D40: = | E40: ( ( | F40: 1.3 | G40: x | H40: Vk | J40: x | K40: In | L40: ) / | M40: n | N40: ) - | O40: PE
D41: = | E41: ( ( | F41: 1.3 | G41: x | H41: =S33 -> 750 | J41: x | K41: =S36 -> 1 | L41: ) / | M41: =S37 -> 20 | N41: ) - | O41: =S34 -> 5
D42: = | E42: =((F41*H41)/(K41*M41))-O41 -> 43.75 | G42: VA
E46: Required Kssc' | F46: = | G46: Itkmax | I46: / | J46: Ipn
F47: = | G47: =S31 -> 50000 | I47: / | J47: =S32 -> 1250
F48: = | G48: =G47/J47 -> 40
E50: Available (effective) Kssc' | F50: = | G50: n | H50: x ( ( | I50: PE | J50: + | K50: PN | L50: ) / ( | M50: PE | N50: + | O50: PL | P50: )
F51: = | G51: =S37 -> 20 | H51: x ( ( | I51: =S34 -> 5 | J51: + | K51: =E42 -> 43.75 | L51: ) / ( | M51: =S34 -> 5 | N51: + | O51: =S35 -> 2.7235015 | P51: )
F52: = | G52: =G51*((I51+K51)/(M51+O51)) -> 126.23808
E54: Available Kssc' | F54: =IF(D55>G55,">","<") -> > | G54: Required Kssc'
D55: =G52 -> 126.23808 | F55: =F54 -> > | G55: =G48 -> 40
E56: Hence CT is: | G56: =IF(F54=">","Suitably Dimentioned","Under Dimentioned") -> Suitably Dimentioned
B88: =B7 -> T1 | D88: =D7 -> Core1 | H88: =H7 -> 0 | S88: Connected devices: | T88: =T7 -> REF650
B89: =B8 -> 0 | T89: =T8 -> 0
H90: Tap-1 | J90: Tap-2 | L90: Tap-3 | T90: =T9 -> 0
B91: CT Ratio: | H91: =H10 -> 1250 | J91: =J10 -> - | L91: =L10 -> - | N91: / | O91: =O10 -> 1 | P91: A
B92: Class of Accuracy: | J92: =H11 -> PX-B
B93: CT Resistance: | I93: Rct< | J93: 5 | L93: W
B94: Knee Point Voltage: | I94: Vk> | J94: 500 | L94: V | W94: =G142 -> #VALUE!
B95: Magnetizing Current: | I95: I0< | J95: 50 | L95: mA at Vk
A97: Other Burdens on same CT core:
B99: Burden of | D99: =T88 -> REF650 | I99: = | J99: =J18 -> 0.02 | L99: VA | N99: CT internal Burden
B100: Burden of | D100: =T89 -> 0 | I100: = | J100: =J19 -> 0 | L100: VA
B101: Burden of | D101: =T90 -> 0 | I101: = | J101: =J20 -> 0 | L101: VA | N101: PE | O101: = | P101: In | Q101: x | R101: In | S101: x | T101: Rct
B102: Total lead burden | I102: = | J102: =J21 -> 2.7035015 | L102: VA | O102: = | P102: =O91 -> 1 | Q102: x | R102: =O91 -> 1 | S102: x | T102: =J93 -> 5
B103: Total lead + other burden | H103: PL | I103: = | J103: =SUM(J99:J102) -> 2.7235015 | L103: VA | O103: = | P103: =P102*R102*T102 -> 5 | R103: VA
A105: The design values according to BS can be approximately transferred in to IEC60044 Standard using the following formula:
C108: Vk | D108: = | E108: ( ( | F108: PN | G108: + | H108: PE | I108: ) x | J108: n | K108: ) / ( | L108: In | M108: x | N108: 1.3 | O108: )
A109: Or
C110: PN | D110: = | E110: ( ( | F110: 1.3 | G110: x | H110: Vk | J110: x | K110: In | L110: ) / | M110: n | N110: ) - | O110: PE
C112: Max through fault current at close in fault | Q112: Itkmax | R112: = | S112: 40000 | U112: A
C113: CT Primary Current, | Q113: Ipn | R113: = | S113: =J91 -> - | U113: A
C114: Rated Knee Point Voltage, | Q114: Vk | R114: = | S114: =J94 -> 500 | U114: V
C115: Internal Burden, | Q115: PE | R115: = | S115: =P103 -> 5 | U115: VA
C116: Burden of CT Leads and burden of connected devices | Q116: PL | R116: = | S116: =J103 -> 2.7235015 | U116: VA
C117: Rated Secondary Current, | Q117: In | R117: = | S117: =O91 -> 1 | U117: A
C118: CT Accuracy Limiting Factor | Q118: n | R118: = | S118: 20
C119: Rated CT Burden | Q119: PN
C121: PN | D121: = | E121: ( ( | F121: 1.3 | G121: x | H121: Vk | J121: x | K121: In | L121: ) / | M121: n | N121: ) - | O121: PE
D122: = | E122: ( ( | F122: 1.3 | G122: x | H122: =S114 -> 500 | J122: x | K122: =S117 -> 1 | L122: ) / | M122: =S118 -> 20 | N122: ) - | O122: =S115 -> 5
D123: = | E123: =((F122*H122)/(K122*M122))-O122 -> 27.5 | G123: VA
V130: ABB
E132: Required Kssc' | F132: = | G132: Itkmax | I132: / | J132: Ipn
F133: = | G133: =S112 -> 40000 | I133: / | J133: =S113 -> -
F134: = | G134: =G133/J133 -> #VALUE!
E136: Available (effective) Kssc' | F136: = | G136: n | H136: x ( ( | I136: PE | J136: + | K136: PN | L136: ) / ( | M136: PE | N136: + | O136: PL | P136: )
F137: = | G137: =S118 -> 20 | H137: x ( ( | I137: =S115 -> 5 | J137: + | K137: =E123 -> 27.5 | L137: ) / ( | M137: =S115 -> 5 | N137: + | O137: =S116 -> 2.7235015 | P137: )
F138: = | G138: =G137*((I137+K137)/(M137+O137)) -> 84.158721
E140: Available Kssc' | F140: =IF(D141>G141,">","<") -> #VALUE! | G140: Required Kssc'
D141: =G138 -> 84.158721 | F141: =F140 -> #VALUE! | G141: =G134 -> #VALUE!
E142: Hence CT is: | G142: =IF(F140=">","Suitably Dimentioned","Under Dimentioned") -> #VALUE!
V174: ABB
B176: =B88 -> T1 | D176: =D88 -> Core1 | H176: =H88 -> 0 | S176: Connected devices: | T176: =T88 -> REF650
B177: =B89 -> 0 | T177: =T89 -> 0
H178: Tap-1 | J178: Tap-2 | L178: Tap-3 | T178: =T90 -> 0
B179: CT Ratio: | H179: =H91 -> 1250 | J179: =J91 -> - | L179: =L91 -> - | N179: / | O179: =O91 -> 1 | P179: A
B180: Class of Accuracy: | L180: =J92 -> PX-B
B181: CT Resistance: | K181: Rct< | L181: 3 | N181: W
B182: Knee Point Voltage: | K182: Vk> | L182: 300 | N182: V | W182: =G230 -> #VALUE!
B183: Magnetizing Current: | K183: I0< | L183: 75 | N183: mA at Vk
A185: Other Burdens on same CT core:
B187: Burden of | D187: =T176 -> REF650 | I187: = | J187: =J99 -> 0.02 | L187: VA | N187: CT internal Burden
B188: Burden of | D188: =T177 -> 0 | I188: = | J188: =J100 -> 0 | L188: VA
B189: Burden of | D189: =T178 -> 0 | I189: = | J189: =J101 -> 0 | L189: VA | N189: PE | O189: = | P189: In | Q189: x | R189: In | S189: x | T189: Rct
B190: Total lead burden | I190: = | J190: =J102 -> 2.7035015 | L190: VA | O190: = | P190: =O179 -> 1 | Q190: x | R190: =O179 -> 1 | S190: x | T190: =L181 -> 3
B191: Total lead + other burden | H191: PL | I191: = | J191: =SUM(J187:J190) -> 2.7235015 | L191: VA | O191: = | P191: =P190*R190*T190 -> 3 | R191: VA
A193: The design values according to BS can be approximately transferred in to IEC60044 Standard using the following formula:
C196: Vk | D196: = | E196: ( ( | F196: PN | G196: + | H196: PE | I196: ) x | J196: n | K196: ) / ( | L196: In | M196: x | N196: 1.3 | O196: )
A197: Or
C198: PN | D198: = | E198: ( ( | F198: 1.3 | G198: x | H198: Vk | J198: x | K198: In | L198: ) / | M198: n | N198: ) - | O198: PE
...

Sheet MFAC+MVTP
A1: HITACHI | H1: =[4]Title!H1 -> CT / VT | O1: =[4]Title!O1 -> Contract No. | R1: =Title!R1 -> N-19957.1-DF5W
H2: =[4]Title!H2 -> ADEQUACY CHECK | O2: =[4]Title!O2 -> Date | R2: =Title!R2 -> 46106
H3: =Title!H3 -> LT14 - LEWIS 400/132kV SUBSTATION | O3: =[4]Title!O3 -> Document No. | R3: =Title!R3 -> -
O4: =[4]Title!O4 -> Revision No. | R4: =Title!R4 -> A
A5: =[4]Title!A5 -> Prep. By | C5: =[4]Title!C5 -> AP | D5: =[4]Title!D5 -> Checked By | G5: =[4]Title!G5 -> RB | H5: Transformer | O5: =[4]Title!O5 -> Contractor | R5: =Title!R5 -> HITACHI
B7: T1 | D7: Core2 | S7: Connected devices: | T7: MFAC
T8: MVTP
H9: Tap-1 | J9: Tap-2 | L9: Tap-3
B10: CT Ratio: | H10: 1250 | J10: - | L10: - | N10: / | O10: 1 | P10: A
B11: Class of Accuracy: | H11: PX-B
B12: CT Resistance: | G12: Rct< | H12: 5 | J12: W
B13: Knee Point Voltage: | G13: Vk> | H13: 750 | J13: V | W13: =#REF! -> #REF!
B14: Magnetizing Current: | G14: I0< | H14: 60 | J14: mA at Vk
A16: Other Burdens on same CT core:
B18: Burden of | D18: =T7 -> MFAC | I18: = | J18: ='CT-VT Burdens'!Q48 -> 0.02 | L18: VA
B19: Burden of | D19: =T8 -> MVTP | I19: = | J19: ='CT-VT Burdens'!Q48 -> 0.02 | L19: VA
B20: Burden of | D20: =T9 -> 0 | I20: = | L20: VA
B21: Total lead burden | I21: = | J21: ='CT-VT Burdens'!S22 -> 0.44875935 | L21: VA
B22: Total lead + other burden | H22: PL | I22: = | J22: =SUM(J18:J21) -> 0.48875935 | L22: VA
C24: Max primary through fault current for which stability is required | Q24: IF | R24: = | S24: ='Parameters & Fault Cal. (4)'!M70 -> 28681.091 | U24: A
C25: CT Primary Current | Q25: Ipn | R25: = | S25: =H10 -> 1250 | U25: A
C26: Max secondary fault current (same for all feeders) | Q26: Ifmax | R26: = | S26: =S24/S25*O10 -> 22.944873 | U26: A
C27: Resistance of each lead between the relay and CT | Q27: 2Rw | R27: = | S27: =J22/O10*O10 -> 0.48875935 | U27: W
C28: Max primary contribution from a feeder to an internal fault | Q28: IFmax int | R28: = | S28: =20*S25 -> 25000 | U28: A
C29: Max secondary contribution from a feeder to an internal fault | Q29: Ifmax int | R29: = | S29: =S28/S25 -> 20 | U29: A
A31: The CT requirement is as follows:
A33: Criteria I
B35: Vk | D35: >= | E35: 2 | F35: x | G35: IF | I35: x ( | J35: Rct | L35: + | M35: 2Rw | O35: )
D36: = | E36: 2 | F36: x | G36: =S26 -> 22.944873 | I36: x ( | J36: =H12 -> 5 | L36: + | M36: =S27 -> 0.48875935 | O36: )
D37: = | E37: =E36*G36*(J36+M36) -> 251.87777
A39: Adequacy Check
F42: Available Vk | G42: =IF(E43>H43, ">","<") -> > | H42: Required Vk
E43: =H13 -> 750 | G43: =G42 -> > | H43: =E37 -> 251.87777
F45: Hence CT is: | H45: =IF(G43=">","Suitably Dimentioned","Under Dimentioned") -> Suitably Dimentioned
A49: Summary of available CT parameters and its suitability
A50: CT / Core | D50: Ratio (A) | G50: CT Cable m/mm2 | I50: Class | K50: Rct @ 75OC (Ω) | M50: Rated Vk (V) | O50: Im @ Vk (mA) | Q50: Connected Devices | S50: CT Suitability
A51: =B7 -> T1 | B51: =D7 -> Core2 | D51: =H10 -> 1250 | F51: =O10 -> 1 | G51: ='CT-VT Burdens'!S19 -> 50 | H51: ='CT-VT Burdens'!S10 -> 6 | I51: =H11 -> PX-B | K51: =H12 -> 5 | M51: =H13 -> 750 | O51: =H14 -> 60 | Q51: =IF(T8="",T7,IF(T9="",T7&" "&T8,T7&" "&T8&" "&T9)) -> MFAC MVTP | S51: =H45 -> Suitably Dimentioned
D52: - | K52: - | M52: - | O52: - | S52: -
D53: - | K53: - | M53: - | O53: - | S53: -

Sheet BUP BCU(2)
A1: HITACHI | H1: =[3]Title!H1 -> CT / VT | O1: =Title!O1 -> Contract No. | R1: =Title!R1 -> N-19957.1-DF5W
H2: =[3]Title!H2 -> ADEQUACY CHECK | O2: =Title!O2 -> Date | R2: =Title!R2 -> 46106
H3: =Title!H3 -> LT14 - LEWIS 400/132kV SUBSTATION | O3: =Title!O3 -> Document No. | R3: =Title!R3 -> -
O4: =Title!O4 -> Revision No. | R4: =Title!R4 -> A
A5: =[3]Title!A5 -> Prep. By | C5: =[3]Title!C5 -> AK | D5: =[3]Title!D5 -> Checked By | G5: =[3]Title!G5 -> LN | H5: Transformer | O5: =Title!O5 -> Contractor | R5: =Title!R5 -> HITACHI
B7: T1 | D7: Core3 | S7: Connected devices: | T7: REF650
T8: REC670
H9: Tap-1 | J9: Tap-2 | L9: Tap-3 | T9: IDM+18
B10: CT Ratio: | H10: 1250 | J10: - | L10: - | N10: / | O10: 1 | P10: A | T10: P141
B11: Class of Accuracy: | H11: 5P20 | T11: PQ100
B12: CT Resistance: | G12: Rct< | H12: 5 | J12: W | T12: PM7500
B13: Knee Point Voltage: | G13: Vk> | J13: V | W13: =G60 -> Suitably Dimentioned
B14: Magnetizing Current: | G14: I0< | J14: mA at Vk
A16: Other Burdens on same CT core:
B18: Burden of | D18: =T7 -> REF650 | I18: = | J18: ='CT-VT Burdens'!Q48 -> 0.02 | L18: VA | N18: CT internal Burden
B19: Burden of | D19: =T8 -> REC670 | I19: = | J19: ='CT-VT Burdens'!Q48 -> 0.02 | L19: VA
B20: Burden of | D20: =T9 -> IDM+18 | I20: = | J20: ='CT-VT Burdens'!Q92 -> 0.058 | L20: VA | N20: PE | O20: = | P20: In | Q20: x | R20: In | S20: x | T20: Rct
B21: Burden of | D21: =T10 -> P141 | J21: ='CT-VT Burdens'!Q100 -> 0.04
B22: Burden of | D22: =T11 -> PQ100
B23: Total lead burden | I23: = | J23: ='CT-VT Burdens'!S22 -> 0.44875935 | L23: VA | O23: = | P23: =O10 -> 1 | Q23: x | R23: =O10 -> 1 | S23: x | T23: =H12 -> 5
B24: Total lead + other burden | H24: PL | I24: = | J24: =SUM(J18:J23) -> 0.58675935 | L24: VA | O24: = | P24: =P23*R23*T23 -> 5 | R24: VA
A26: The design values according to BS can be approximately transferred in to IEC60044 Standard using the following formula: | W26: The design values according to BS can be approximately transferred in to IEC60044 Standard using the following formula:
C29: Vk | D29: = | E29: ( ( | F29: PN | G29: + | H29: PE | I29: ) x | J29: n | K29: ) / ( | L29: In | M29: x | N29: 1.3 | O29: )
A30: Or
C31: PN | D31: = | E31: ( ( | F31: 1.3 | G31: x | H31: Vk | J31: x | K31: In | L31: ) / | M31: n | N31: ) - | O31: PE
C33: Max through fault current at close in fault | Q33: Itkmax | R33: = | S33: ='Parameters & Fault Cal. (4)'!Q32 -> 50000 | U33: A
C34: CT Primary Current, | Q34: Ipn | R34: = | S34: =H10 -> 1250 | U34: A
C35: Rated Knee Point Voltage, | Q35: Vk | R35: = | S35: =H13 -> 0 | U35: V
C36: Internal Burden, | Q36: PE | R36: = | S36: =P24 -> 5 | U36: VA
C37: Burden of CT Leads and burden of connected devices | Q37: PL | R37: = | S37: =J24 -> 0.58675935 | U37: VA
C38: Rated Secondary Current, | Q38: In | R38: = | S38: =O10 -> 1 | U38: A
C39: CT Accuracy Limiting Factor | Q39: n | R39: = | S39: 20
C40: Rated CT Burden | Q40: PN | R40: = | S40: 30
C44: PN | D44: = | E44: ( ( | F44: 1.3 | G44: x | H44: Vk | J44: x | K44: In | L44: ) / | M44: n | N44: ) - | O44: PE
D45: = | E45: ( ( | F45: 1.3 | G45: x | H45: =S35 -> 0 | J45: x | K45: =S38 -> 1 | L45: ) / | M45: =S39 -> 20 | N45: ) - | O45: =S36 -> 5
D46: = | E46: =((F45*H45)/(K45*M45))-O45 -> -5 | G46: VA
E50: Required Kssc' | F50: = | G50: Itkmax | I50: / | J50: Ipn
F51: = | G51: =S33 -> 50000 | I51: / | J51: =S34 -> 1250
F52: = | G52: =G51/J51 -> 40
E54: Available (effective) Kssc' | F54: = | G54: n | H54: x ( ( | I54: PE | J54: + | K54: PN | L54: ) / ( | M54: PE | N54: + | O54: PL | P54: )
F55: = | G55: =S39 -> 20 | H55: x ( ( | I55: =S36 -> 5 | J55: + | K55: =S40 -> 30 | L55: ) / ( | M55: =S36 -> 5 | N55: + | O55: =S37 -> 0.58675935 | P55: )
F56: = | G56: =G55*((I55+K55)/(M55+O55)) -> 125.29625
E58: Available Kssc' | F58: =IF(D59>G59,">","<") -> > | G58: Required Kssc'
D59: =G56 -> 125.29625 | F59: =F58 -> > | G59: =G52 -> 40
E60: Hence CT is: | G60: =IF(F58=">","Suitably Dimentioned","Under Dimentioned") -> Suitably Dimentioned
A90: Summary of available CT parameters and its suitability
A91: CT / Core | D91: Ratio (A) | G91: CT Cable m/mm2 | I91: Class | K91: CT Resistance (W) @ 75OC | M91: Limiting Secondary Voltage (Ual), V | O91: Mag. Current (Io), mA at Vk | Q91: Relay / Instrument Type | S91: CT Suitability
A95: =B7 -> T1 | B95: =D7 -> Core3 | D95: =H10 -> 1250 | F95: =O10 -> 1 | G95: ='CT-VT Burdens'!S19 -> 50 | H95: ='CT-VT Burdens'!S10 -> 6 | I95: =H11 -> 5P20 | J95: =#REF! -> #REF! | K95: =H12 -> 5 | M95: - | O95: - | Q95: =IF(T8="",T7,IF(T9="",T7&" "&T8,T7&" "&T8&" "&T9)) -> REF650 REC670 IDM+18 | S95: =G60 -> Suitably Dimentioned
D96: - | K96: - | M96: - | O96: - | S96: -
D97: - | K97: - | M97: - | O97: - | S97: -

Sheet BBP FU1 - REB500 (2)
A1: HITACHI | H1: =Title!H1 -> CT / VT | O1: =Title!O1 -> Contract No. | R1: =Title!R1 -> N-19957.1-DF5W
H2: =Title!H2 -> ADEQUACY CHECK | O2: =Title!O2 -> Date | R2: =Title!R2 -> 46106
H3: =Title!H3 -> LT14 - LEWIS 400/132kV SUBSTATION | O3: =Title!O3 -> Document No. | R3: =Title!R3 -> -
O4: =Title!O4 -> Revision No. | R4: =Title!R4 -> A
A5: =Title!A5 -> Prep. By | C5: =Title!C5 -> AP | D5: =Title!D5 -> Checked By | G5: =Title!G5 -> RB | H5: Transformer | O5: =Title!O5 -> Contractor | R5: =Title!R5 -> HITACHI
B7: T1 | D7: Core4 | S7: Connected devices: | T7: REB500
H9: Tap-1 | J9: Tap-2 | L9: Tap-3
B10: CT Ratio: | H10: 2500 | J10: - | L10: - | N10: / | O10: 1 | P10: A
B11: Class of Accuracy: | H11: PX-B
B12: CT Resistance: | G12: Rct< | H12: 5 | J12: W
B13: Knee Point Voltage: | G13: Vk> | H13: 750 | J13: V | W13: =#REF! -> #REF!
B14: Magnetizing Current: | G14: I0< | H14: 60 | J14: mA at Vk
A16: Other Burdens on same CT core:
B18: Burden of | D18: =T7 -> REB500 | I18: = | J18: ='CT-VT Burdens'!Q49 -> 0.01 | L18: VA | N18: CT internal Burden
B19: Burden of | D19: =T8 -> 0 | I19: = | L19: VA | N19: PE | O19: = | P19: In | Q19: x | R19: In | S19: x | T19: Rct
B20: Burden of | D20: =T9 -> 0 | I20: = | L20: VA | O20: = | P20: =O10 -> 1 | Q20: x | R20: =O10 -> 1 | S20: x | T20: =H12 -> 5
B21: Total lead burden | I21: = | J21: ='CT-VT Burdens'!S22 -> 0.44875935 | L21: VA | O21: = | P21: =P20*R20*T20 -> 5 | R21: VA
B22: Total lead + other burden | H22: PL | I22: = | J22: =SUM(J18:J21) -> 0.45875935 | L22: VA
B24: CT-Requirements for BB Protection
C25: Maximum Primary Fault Current | Q25: Isc | R25: = | S25: ='Parameters & Fault Cal. (4)'!Q10 *1000 -> 50000 | U25: A
C26: CT Primary Current, | Q26: Ipn | R26: = | S26: =H10 -> 2500 | U26: A
C27: Rated Voltage | Q27: UN2 | R27: = | S27: 400 | U27: kV
C28: Rated Knee Point Voltage, | Q28: Vk | R28: = | S28: =H13 -> 750 | U28: V
C29: Internal Resistance CT | Q29: Rct | R29: = | S29: =P21 -> 5 | U29: VA
C30: Conn. Lead + Relay Burden | Q30: RL | R30: = | S30: =J22 -> 0.45875935 | U30: VA
C31: Rated Secondary Current, | Q31: Isc | R31: = | S31: =O10 -> 1 | U31: A
C32: Nominal Frequency of the network | Q32: fn | R32: = | S32: 50
C34: Required OC factor condition. 1:
D35: At Max. Through fault current CT’s shall not saturate for currents below 5 times rated current.
I36: n' | J36: = | K36: Isc
K37: 5 * Ipn
C38: Required OC factor Condition 2:
D39: n2' >= 10 for TN <=120 msec
D40: n2' >= 20 for 120ms <= TN <=300 ms
B41: Where, | D41: n' = Required OC factor
D42: Isc = max. bus fault current
D43: Ipn = Rated primary current (A)
AB45: ** | AC45: Rated Bus fault current
B48: Required OC factor condition 1:
C50: n'(1) | D50: = | E50: =S25 -> 50000
E51: ="5 x "&S26&"" -> 5 x 2500
C53: n'(1) | D53: = | E53: =S25/5/S26 -> 4
B55: Required OC factor condition 2:
E56: TN = | F56: 1 | H56: X | I56: X
G57: 2* ϖ* fn | I57: R
F59: 1 | J59: x | K59: 15
D60: TN | E60: = | F60: 2 * 3.14 * 50
E62: = | F62: =1*K59/(2*3.14*50) -> 0.047770701 | H62: sec
D63: TN | E63: = | F63: =F62*1000 -> 47.770701 | H63: ms
B65: Hence n'(2) 10 | E65: = | F65: 10
B67: Required OC factor n' >= max( n'(1) ; n'(2))
E68: n' >=max(4 ; 10)
B70: Therefore
C71: n' | D71: = | E71: 10 | G71: Necessary Condition
B73: Required secondary equivalent limiting secondary e.m.f
B74: Eal >= n' *(RCT+RL+Rr)*Isn
B75: = | C75: =E71 -> 10 | D75: x | E75: ( | F75: =S29 -> 5 | H75: + | I75: =S30 -> 0.45875935 | J75: + | K75: =J18 -> 0.01 | L75: ) | M75: x | N75: 1
B76: Eal | C76: = | D76: =C75*(F75+I75+K75)*N75 -> 54.687593 | E76: V
B78: According to IEC 61869 class PX | J78: Eknee | L78: > | N78: 0.8*Eal
L79: = | N79: =0.8*D76 -> 43.750075
F80: With design margin 120% | L80: = | N80: =N79*1.2 -> 52.50009
K81: Available Vk | L81: =IF(I82>M82,">","<") -> > | M81: Required Vk
I82: =S28 -> 750 | L82: =IF(I82>=M82,">","<") -> > | M82: =N80 -> 52.50009
K83: Hence CT is: | M83: =IF(I82>M82,"Suitable Dimensions","Under Dimensioned") -> Suitable Dimensions
B89: =B7 -> T1 | D89: =D7 -> Core4 | H89: =H7 -> 0 | S89: Connected devices: | T89: =T7 -> REB500
T90: =T8 -> 0
H91: Tap-1 | J91: Tap-2 | L91: Tap-3 | T91: =T9 -> 0
B92: CT Ratio: | H92: =H10 -> 2500 | J92: =J10 -> - | L92: =L10 -> - | N92: / | O92: =O10 -> 1 | P92: A
B93: Class of Accuracy: | J93: =H11 -> PX-B
B94: CT Resistance: | I94: Rct< | J94: 9.3 | L94: W
B95: Knee Point Voltage: | I95: Vk> | J95: 500 | L95: V | W95: =M162 -> Required Vk
B96: Magnetizing Current: | I96: I0< | J96: 60 | L96: mA at Vk
A98: Other Burdens on same CT core:
B100: Burden of | D100: =T89 -> REB500 | I100: = | J100: =J18 -> 0.01 | L100: VA | N100: CT internal Burden
B101: Burden of | D101: =T90 -> 0 | I101: = | J101: =J19 -> 0 | L101: VA | N101: PE | O101: = | P101: In | Q101: x | R101: In | S101: x | T101: Rct
B102: Burden of | D102: =T91 -> 0 | I102: = | J102: =J20 -> 0 | L102: VA | O102: = | P102: =O92 -> 1 | Q102: x | R102: =O92 -> 1 | S102: x | T102: =J94 -> 9.3
B103: Total lead burden | I103: = | J103: =J21 -> 0.44875935 | L103: VA | O103: = | P103: =P102*R102*T102 -> 9.3 | R103: VA
B104: Total lead + other burden | H104: PL | I104: = | J104: =SUM(J100:J103) -> 0.45875935 | L104: VA
B106: CT-Requirements for BB Protection
C107: Maximum Primary Fault Current | Q107: Isc | R107: = | S107: 31500 | U107: A | V107: **
C108: CT Primary Current, | Q108: Ipn | R108: = | S108: =J92 -> - | U108: A
C109: Rated Voltage | Q109: UN2 | R109: = | S109: 33 | U109: kV
C110: Rated Knee Point Voltage, | Q110: Vk | R110: = | S110: =J95 -> 500 | U110: V
C111: Internal Resistance CT | Q111: Rct | R111: = | S111: =P103 -> 9.3 | U111: VA
C112: Conn. Lead + Relay Burden | Q112: RL | R112: = | S112: =J104 -> 0.45875935 | U112: VA
C113: Rated Secondary Current, | Q113: Isc | R113: = | S113: =O92 -> 1 | U113: A
C114: Nominal Frequency of the network | Q114: fn | R114: = | S114: 50
C116: Required OC factor condition. 1:
D117: At Max. Through fault current CT’s shall not saturate for currents below 5 times rated current.
I118: n' | J118: = | K118: Isc
K119: 5 * Ipn
B120: Required OC factor Condition 2:
C121: n2' >= 10 for TN <=120 msec
C122: n2' >= 20 for 120ms <= TN <=300 ms
B123: Where,
C124: n' = Required OC factor
C125: Isc = max. bus fault current
C126: Ipn = Rated primary current (A)
K127: ** | L127: Rated Bus fault current
B130: Required OC factor condition 1:
...

Sheet BBP 743(2)
A1: HITACHI | H1: =[4]Title!H1 -> CT / VT | O1: =[4]Title!O1 -> Contract No. | R1: =Title!R1 -> N-19957.1-DF5W
H2: =[4]Title!H2 -> ADEQUACY CHECK | O2: =[4]Title!O2 -> Date | R2: =Title!R2 -> 46106
H3: =Title!H3 -> LT14 - LEWIS 400/132kV SUBSTATION | O3: =[4]Title!O3 -> Document No. | R3: =Title!R3 -> -
O4: =[4]Title!O4 -> Revision No. | R4: =Title!R4 -> A
A5: =[4]Title!A5 -> Prep. By | C5: =[4]Title!C5 -> AP | D5: =[4]Title!D5 -> Checked By | G5: =[4]Title!G5 -> RB | H5: Transformer | O5: =[4]Title!O5 -> Contractor | R5: =Title!R5 -> HITACHI
B7: T1 | D7: Core5 | S7: Connected devices: | T7: P743
H9: Tap-1 | J9: Tap-2 | L9: Tap-3
B10: CT Ratio: | H10: 2500 | J10: - | L10: - | N10: / | O10: 1 | P10: A
B11: Class of Accuracy: | H11: PX-B
B12: CT Resistance: | G12: Rct< | H12: 5 | J12: W
B13: Knee Point Voltage: | G13: Vk> | H13: 750 | J13: V | W13: =H58 -> Suitably Dimentioned
B14: Magnetizing Current: | G14: I0< | H14: 60 | J14: mA at Vk
A16: Other Burdens on same CT core:
B18: Burden of | D18: =T7 -> P743 | I18: = | J18: ='CT-VT Burdens'!Q98 -> 0.1 | L18: VA
B19: Burden of | D19: =T8 -> 0 | I19: = | L19: VA
B20: Burden of | D20: =T9 -> 0 | I20: = | L20: VA
B21: Total lead burden | I21: = | J21: ='CT-VT Burdens'!S22 -> 0.44875935 | L21: VA
B22: Total lead + other burden | H22: PL | I22: = | J22: =SUM(J18:J21) -> 0.54875935 | L22: VA
C24: Max primary fault current (same for all feeders) | Q24: IFmax | R24: = | S24: ='Parameters & Fault Cal. (4)'!Q10 *1000 -> 50000 | U24: A
C25: CT Primary Current | Q25: Ipn | R25: = | S25: =H10 -> 2500 | U25: A
C26: Max secondary fault current (same for all feeders) | Q26: Ifmax | R26: = | S26: =S24/S25*O10 -> 20 | U26: A
C27: Resistive burden of CT Leads (2Rl) and other connected devices | Q27: Rb' | R27: = | S27: =J22/O10*O10 -> 0.54875935 | U27: W
C28: Max primary contribution from a feeder to an internal fault | Q28: IFmax int | R28: = | S28: =20*S25 -> 50000 | U28: A
C29: Max secondary contribution from a feeder to an internal fault | Q29: Ifmax int | R29: = | S29: =S28/S25 -> 20 | U29: A
A31: The CT requirement is as follows:
A33: Criteria I
B35: Vk | D35: >= | E35: 0.5 | F35: x | G35: Ifmax | I35: x ( | J35: Rct | L35: + | M35: Rb' | O35: )
D36: = | E36: 0.5 | F36: x | G36: =S26 -> 20 | I36: x ( | J36: =H12 -> 5 | L36: + | M36: =S27 -> 0.54875935 | O36: )
D37: = | E37: =E36*G36*(J36+M36) -> 55.487594
A39: Criteria II
B41: Vk | D41: >= | E41: Ifmax int | G41: x ( | H41: Rct | J41: + | K41: Rb' | M41: )
D42: = | E42: =S29 -> 20 | G42: x ( | H42: =H12 -> 5 | J42: + | K42: =S27 -> 0.54875935 | M42: )
D43: = | E43: =E42*(H42+K42) -> 110.97519
A47: Adequacy Check
B49: Criteria I
F50: Available Vk | G50: =IF(E51>H51, ">","<") -> > | H50: Required Vk | L50: (Criteria I)
E51: =H13 -> 750 | G51: =G50 -> > | H51: =E37 -> 55.487594
F52: Hence: | H52: Criteria I | J52: is | K52: =IF(G51=">", "Satisfied", "Not Satisfied") -> Satisfied
B53: Criteria II
F54: Available Vk | G54: =IF(E55>H55, ">","<") -> > | H54: Required Vk | L54: (Criteria II)
E55: =H13 -> 750 | G55: =G54 -> > | H55: =E43 -> 110.97519
F56: Hence: | H56: Criteria II | J56: is | K56: =IF(G55=">", "Satisfied", "Not Satisfied") -> Satisfied
F58: Hence CT is: | H58: =IF(AND(E51>H51,E55>H55),"Suitably Dimentioned","Under Dimentioned") -> Suitably Dimentioned
B87: =B7 -> T1 | D87: =D7 -> Core5 | H87: (Low Imp. Busbar) | S87: Connected devices: | T87: =T7 -> P743
T88: =T8 -> 0
H89: Tap-1 | J89: Tap-2 | L89: Tap-3 | T89: =T9 -> 0
B90: CT Ratio: | H90: =H10 -> 2500 | J90: =J10 -> - | L90: =L10 -> - | N90: / | O90: =O10 -> 1 | P90: A
B91: Class of Accuracy: | J91: =H11 -> PX-B
B92: CT Resistance: | I92: Rct< | L92: W
B93: Knee Point Voltage: | I93: Vk> | L93: V | W93: =H142 -> Under Dimentioned
B94: Magnetizing Current: | I94: I0< | L94: mA at Vk
A96: Other Burdens on same CT core:
B98: Burden of | D98: =T87 -> P743 | I98: = | J98: =J18 -> 0.1 | L98: VA
B99: Burden of | D99: =T88 -> 0 | I99: = | J99: =J19 -> 0 | L99: VA
B100: Burden of | D100: =T89 -> 0 | I100: = | J100: =J20 -> 0 | L100: VA
B101: Total lead burden | I101: = | J101: =J21 -> 0.44875935 | L101: VA
B102: Total lead + other burden | H102: PL | I102: = | J102: =SUM(J98:J101) -> 0.54875935 | L102: VA
C104: Max primary fault current (same for all feeders) | Q104: IFmax | R104: = | S104: =S24 -> 50000 | U104: A
C105: CT Primary Current | Q105: Ipn | R105: = | S105: =H90 -> 2500 | U105: A
C106: Max secondary fault current (same for all feeders) | Q106: Ifmax | R106: = | S106: =S104/S105*O90 -> 20 | U106: A
C107: Resistive burden of CT Leads (2Rl) and other connected devices | Q107: Rb' | R107: = | S107: =J102/O90*O90 -> 0.54875935 | U107: W
C108: Max primary contribution from a feeder to an internal fault | Q108: IFmax int | R108: = | S108: =S28 -> 50000 | U108: A
C109: Max secondary contribution from a feeder to an internal fault | Q109: Ifmax int | R109: = | S109: =S108/S105 -> 20 | U109: A
A111: The CT requirement is as follows:
A113: Criteria I
B115: Vk | D115: >= | E115: 0.5 | F115: x | G115: Ifmax | I115: x ( | J115: Rct | L115: + | M115: Rb' | O115: )
D116: = | E116: 0.5 | F116: x | G116: =S106 -> 20 | I116: x ( | J116: =J92 -> 0 | L116: + | M116: =S107 -> 0.54875935 | O116: )
D117: = | E117: =E116*G116*(J116+M116) -> 5.4875935
A119: Criteria II
B121: Vk | D121: >= | E121: Ifmax int | G121: x ( | H121: Rct | J121: + | K121: Rb' | M121: )
D122: = | E122: =S109 -> 20 | G122: x ( | H122: =J92 -> 0 | J122: + | K122: =S107 -> 0.54875935 | M122: )
D123: = | E123: =E122*(H122+K122) -> 10.975187
A131: Adequacy Check
B133: Criteria I
F134: Available Vk | G134: =IF(E135>H135, ">","<") -> < | H134: Required Vk | L134: (Criteria I)
E135: =J93 -> 0 | G135: =G134 -> < | H135: =E117 -> 5.4875935
F136: Hence: | H136: Criteria I | J136: is | K136: =IF(G135=">", "Satisfied", "Not Satisfied") -> Not Satisfied
B137: Criteria II
F138: Available Vk | G138: =IF(E139>H139, ">","<") -> < | H138: Required Vk | L138: (Criteria II)
E139: =J93 -> 0 | G139: =G138 -> < | H139: =E123 -> 10.975187
F140: Hence: | H140: Criteria II | J140: is | K140: =IF(G139=">", "Satisfied", "Not Satisfied") -> Not Satisfied
F142: Hence CT is: | H142: =IF(AND(E135>H135,E139>H139),"Suitably Dimentioned","Under Dimentioned") -> Under Dimentioned
V173: ABB
B175: =B87 -> T1 | D175: =D87 -> Core5 | H175: (Low Imp. Busbar) | S175: Connected devices: | T175: =T87 -> P743
T176: =T88 -> 0
H177: Tap-1 | J177: Tap-2 | L177: Tap-3 | T177: =T89 -> 0
B178: CT Ratio: | H178: =H90 -> 2500 | J178: =J90 -> - | L178: =L90 -> - | N178: / | O178: =O90 -> 1 | P178: A
B179: Class of Accuracy: | L179: =J91 -> PX-B
B180: CT Resistance: | K180: Rct< | N180: W
B181: Knee Point Voltage: | K181: Vk> | N181: V | W181: =H230 -> #VALUE!
B182: Magnetizing Current: | K182: I0< | N182: mA at Vk
A184: Other Burdens on same CT core:
B186: Burden of | D186: =T175 -> P743 | I186: = | J186: =J98 -> 0.1 | L186: VA
B187: Burden of | D187: =T176 -> 0 | I187: = | J187: =J99 -> 0 | L187: VA
B188: Burden of | D188: =T177 -> 0 | I188: = | J188: =J100 -> 0 | L188: VA
B189: Total lead burden | I189: = | J189: =J101 -> 0.44875935 | L189: VA
B190: Total lead + other burden | H190: PL | I190: = | J190: =SUM(J186:J189) -> 0.54875935 | L190: VA
C192: Max primary fault current (same for all feeders) | Q192: IFmax | R192: = | S192: =S104 -> 50000 | U192: A
C193: CT Primary Current | Q193: Ipn | R193: = | S193: =L178 -> - | U193: A
C194: Max secondary fault current (same for all feeders) | Q194: Ifmax | R194: = | S194: =S192/S193*O178 -> #VALUE! | U194: A
...

Sheet BAY3
E22: Line Protection 400kV FEEDERS ( BC3 - 09, 05, 03 ,02, 04, 08)

Sheet RED670_2.2C42-X (2)
A1: HITACHI | H1: =Title!H1 -> CT / VT | O1: =Title!O1 -> Contract No. | R1: =Title!R1 -> N-19957.1-DF5W
H2: =Title!H2 -> ADEQUACY CHECK | O2: =Title!O2 -> Date | R2: =Title!R2 -> 46106
H3: =Title!H3 -> LT14 - LEWIS 400/132kV SUBSTATION | O3: =Title!O3 -> Document No. | R3: =Title!R3 -> -
O4: =Title!O4 -> Revision No. | R4: =Title!R4 -> A
A5: =Title!A5 -> Prep. By | C5: =Title!C5 -> AP | D5: =Title!D5 -> Checked By | G5: =Title!G5 -> RB | H5: 33kV CABLE FEEDERS | O5: =Title!O5 -> Contractor | R5: =Title!R5 -> HITACHI
B7: T1 | D7: Core1 | H7: (Diff. + Dist.) | S7: Connected devices: | T7: RED670 | W7: Note: CT requirements for other protection functions are different. Pl. refer to Application Manual
H9: Tap-1 | J9: Tap-2 | L9: Tap-3
B10: CT Ratio: | H10: 600 | J10: - | L10: - | N10: / | O10: 1 | P10: A
B11: Class of Accuracy: | H11: PX
B12: CT Resistance: | G12: Rct < | H12: 4 | J12: W
B13: Knee Point Voltage: | G13: Vk > | H13: 800 | J13: V | W13: Highest Vk required = | AB13: =Q120 -> 606.50573
B14: Magnetizing Current: | G14: I0< | H14: 50 | J14: mA at Vk
A16: Other Burdens on same CT core:
B18: Burden of | D18: =T7 -> RED670 | H18: Sr' | I18: = | J18: ='CT-VT Burdens'!Q48 -> 0.02 | L18: VA | N18: Lead + Other resisitance connected
B19: Burden of | D19: =T8 -> 0 | I19: = | L19: VA | N19: Rl | O19: = | P19: Sl | Q19: / ( | R19: Isn | S19: x | T19: Isn | U19: )
B20: Burden of | I20: = | L20: VA | O20: = | P20: =J22 -> 0.46875935 | Q20: / ( | R20: =O10 -> 1 | S20: x | T20: =O10 -> 1 | U20: )
B21: Total lead burden | I21: = | J21: ='CT-VT Burdens'!S22 -> 0.44875935 | L21: VA | O21: = | P21: =P20/(R20*T20) -> 0.46875935 | R21: W
B22: Total lead + other burden | H22: Sl | I22: = | J22: =SUM(J18:K21) -> 0.46875935 | L22: VA
A24: A. CT ADEQUECY CHECK FOR DIFFERENTIAL FUNCTION:
A25: The CT secondary limiting e.m.f (Eal) should meet the following requirements as per Relay manufacturer.
A27: For Close-in faults:
A28: Ealreq = | F28: Ikmax | H28: x | I28: Isn | K28: x | L28: ( | M28: Rct | N28: + | O28: Rl | P28: + | Q28: Sr | T28: ) | U28: ---(1)
I29: Ipn | Q29: Ir | R29: x | S29: Ir
A30: For Through faults:
A31: Ealreq = | D31: 2 | E31: x | F31: Itmax | H31: x | I31: Isn | K31: x | L31: ( | M31: Rct | N31: + | O31: Rl | P31: + | Q31: Sr | T31: ) | U31: ---(2)
I32: Ipn | Q32: Ir | R32: x | S32: Ir
B34: Equivalent Secondary emf. Required | P34: Ealreq
B35: CT primary rated current(A) | P35: Ipn | Q35: = | R35: =H10 -> 600 | T35: A
B36: Max. primary fundamental frequency fault current for close-in faults | P36: Ikmax | Q36: = | R36: ='Parameters & Fault Cal. (4)'!Q32 -> 50000 | T36: A
B37: Max. primary fundamental frequency fault current for through fault | P37: Itmax | Q37: = | R37: ='Parameters & Fault Cal. (4)'!M70 -> 28681.091 | T37: A | U37: 3-phase
Q38: = | R38: ='Parameters & Fault Cal. (4)'!M91 -> 30950.978 | T38: A | U38: 1-phase
B39: CT secondary rated current | P39: Isn | Q39: = | R39: ='CT-VT Burdens'!S17 -> 1 | T39: A
B40: Relay rated current | P40: Ir | Q40: = | R40: ='CT-VT Burdens'!S18 -> 1 | T40: A
B41: CT secondary winding resistance. | P41: Rct | Q41: = | R41: =H12 -> 4 | T41: W
B42: Lead Resistance of the current loop from the CT to Relay | P42: Rl | Q42: = | R42: =P21 -> 0.46875935 | T42: W
B43: Burden of RED 670 Relay | P43: Sr | Q43: = | R43: =J18 -> 0.02 | T43: VA
A46: For Close-in faults:
A47: Ealreq = | F47: =R36 -> 50000 | H47: x | I47: =R39 -> 1 | K47: x | L47: ( | M47: =R41 -> 4 | N47: + | O47: =R42 -> 0.46875935 | P47: + | Q47: =R43 -> 0.02 | T47: ) | U47: ---(1)
I48: =R35 -> 600 | Q48: =R40 -> 1 | R48: x | S48: =R40 -> 1
C50: = | D50: =F47*(I47/I48)*(M47+O47+(Q47/(Q48*S48))) -> 374.06328 | F50: V
A52: For Through faults (3-ph):
A53: Ealreq = | D53: 2 | E53: x | F53: =R37 -> 28681.091 | H53: x | I53: =R39 -> 1 | K53: x | L53: ( | M53: =R41 -> 4 | N53: + | O53: =R42 -> 0.46875935 | P53: + | Q53: =Q47 -> 0.02 | T53: ) | U53: ---(2)
I54: =R35 -> 600 | Q54: =R40 -> 1 | R54: x | S54: =R40 -> 1
C56: = | D56: =D53*F53*(I53/I54)*(M53+O53+(Q53/(Q54*S54))) -> 429.14172 | F56: V
A58: For Through faults (1-ph):
A59: Ealreq = | D59: 2 | E59: x | F59: =R38 -> 30950.978 | H59: x | I59: =R39 -> 1 | K59: x | L59: ( | M59: =R41 -> 4 | N59: + | O59: =R42 -> 0.46875935 | P59: + | Q59: =R43 -> 0.02 | T59: ) | U59: ---(2)
I60: =R35 -> 600 | Q60: =R40 -> 1 | R60: x | S60: =R40 -> 1
C62: = | D62: =D59*F59*(I59/I60)*(M59+O59+(Q59/(Q60*S60))) -> 463.10498 | F62: V
A64: B. CT ADEQUECY CHECK FOR DISTANCE FUNCTION:
A65: The CT secondary limiting e.m.f (Eal) should meet the following requirements as per Relay manufacturer.
A67: For Close-in faults:
A68: Ealreq = | D68: Ikmax | F68: x | G68: Isn | I68: x | J68: a | K68: x | L68: ( | M68: Rct | N68: + | O68: Rl | P68: + | Q68: Sr | T68: ) | U68: ---(1)
G69: Ipn | Q69: Ir | R69: x | S69: Ir
A70: For Endzone-1 faults:
A71: Ealreq = | D71: Ikzone-1 | F71: x | G71: Isn | I71: x | J71: k | K71: x | L71: ( | M71: Rct | N71: + | O71: Rl | P71: + | Q71: Sr | T71: ) | U71: ---(2)
G72: Ipn | Q72: Ir | R72: x | S72: Ir
B74: Equivalent Secondary emf. Required | P74: Ealreq
B75: CT primary rated current(A) | P75: Ipn | Q75: = | R75: =R35 -> 600 | T75: A
B76: Max. primary fundamental frequency fault current for close-in faults | P76: Ikmax | Q76: = | R76: =R36 -> 50000 | T76: A
B77: Max. primary fundamental frequency fault current for zone-1 faults | P77: Ikzone-1 | Q77: = | R77: ='Parameters & Fault Cal. (4)'!M110 -> 31616.579 | T77: A | U77: 3-phase
Q78: = | R78: ='Parameters & Fault Cal. (4)'!M131 -> 33779.14 | T78: A | U78: 1-phase
B79: CT secondary rated current . | P79: Isn | Q79: = | R79: =R39 -> 1 | T79: A
B80: Relay rated current | P80: Ir | Q80: = | R80: =R40 -> 1 | T80: A
B81: CT secondary winding resistance. | P81: Rct | Q81: = | R81: =R41 -> 4 | T81: W
B82: Lead resistance between relay and CT sec. Terminals (2 way ) | P82: Rl | Q82: = | R82: =R42 -> 0.46875935 | T82: W
B83: Burden of RED 670 Relay | P83: Sr | Q83: = | R83: =J18 -> 0.02 | T83: VA
A86: High Speed Distance : Quadrilateral Characteristic
A87: Factor for the Function of the primary time constant for the DC component in the fault current
H88: For the primary time constant tp | I88: <= 400ms | K88: : | L88: a | P88: = | Q88: 1
A90: Factor for Function of the primary time constant for the DC component in the fault current
A91: for a three phase fault at the set reach component in the fault current for of zone-1
H92: For the primary time constant tp | I92: <= 200ms | K92: : | L92: k | P92: = | Q92: 3
A94: For Close-in faults:
G95: Since System tp | K95: = | L95: ='Parameters & Fault Cal. (4)'!Q59 -> 47.727273 | N95: ms, | O95: a | P95: = | Q95: =IF(L95<=400,Q88,Q89) -> 1
A96: Ealreq = | D96: =R76 -> 50000 | F96: x | G96: =R79 -> 1 | I96: x | J96: =Q95 -> 1 | K96: x | L96: ( | M96: =R81 -> 4 | N96: + | O96: =R82 -> 0.46875935 | P96: + | Q96: =R83 -> 0.02 | T96: ) | U96: ---(1)
G97: =R75 -> 600 | Q97: =R80 -> 1 | R97: x | S97: =R80 -> 1
C99: = | D99: =D96*(G96/G97)*J96*(M96+O96+(Q96/(Q97*S97))) -> 374.06328 | F99: V
A101: For Endzone-1 3-ph faults:
E102: Since 3-ph tp for this fault | K102: = | L102: ='Parameters & Fault Cal. (4)'!Q116 -> 7.3490764 | N102: ms, | O102: k | P102: = | Q102: =IF(L102<=200,Q92,Q93) -> 3
A103: Ealreq = | D103: =R77 -> 31616.579 | F103: x | G103: =R79 -> 1 | I103: x | J103: =Q102 -> 3 | K103: x | L103: ( | M103: =R81 -> 4 | N103: + | O103: =R82 -> 0.46875935 | P103: + | Q103: =R83 -> 0.02 | T103: ) | U103: ---(2)
G104: =R75 -> 600 | Q104: =R80 -> 1 | R104: x | S104: =R80 -> 1
C106: = | D106: =D103*(G103/G104)*J103*(M103+O103+(Q103/(Q104*S104))) -> 709.59607 | F106: V
A108: For Endzone-1 1-ph faults:
E109: Since 1-ph tp for this fault | K109: = | L109: ='Parameters & Fault Cal. (4)'!Q139 -> 7.6723844 | N109: ms, | O109: k | P109: = | Q109: =IF(L109<=200,Q92,Q93) -> 3
A110: Ealreq = | D110: =R78 -> 33779.14 | F110: x | G110: =R79 -> 1 | I110: x | J110: =Q109 -> 3 | K110: x | L110: ( | M110: =R81 -> 4 | N110: + | O110: =R82 -> 0.46875935 | P110: + | Q110: =R83 -> 0.02 | T110: ) | U110: ---(2)
G111: =R75 -> 600 | Q111: =R80 -> 1 | R111: x | S111: =R80 -> 1
C113: = | D113: =D110*(G110/G111)*J110*(M110+O110+(Q110/(Q111*S111))) -> 758.13216 | F113: V
A115: Hence, highest Ealreq for Differential & Distance functions at | M115: =H10 -> 600 | O115: A Tap = | Q115: =MAX(D50,D56,D62,D99,D106,D113) -> 758.13216 | S115: V
A116: Therefore, the required knee point voltage of the CT.
A117: (Vk in terms of Ealreq as per the Manufacturer )
O118: Vk | P118: = | Q118: Ealreq | S118: x | T118: 0.8
P119: = | Q119: =+Q115 -> 758.13216 | S119: x | T119: =+T118 -> 0.8
P120: = | Q120: =Q119*T119 -> 606.50573 | S120: V
D121: Available Vk | G121: > | H121: Required Vk | Z121: =IF(E122>H122,">","<") -> >
E122: =H13 -> 800 | G122: > | H122: =Q120 -> 606.50573
F123: Hence CT is: | H123: =IF(E122>H122,"Suitably Dimensioned","Under Dimensioned") -> Suitably Dimensioned | Z123: =IF(G121=">","Suitably Dimensioned","Under Dimensioned") -> Suitably Dimensioned
A127: C. CT ADEQUECY CHECK FOR BREAKER FAILURE FUNCTION:
A128: The CTs must have a rated equivalent secondary e.m.f. Eal that is larger than the maximum of the required secondary em.f. Ealreq as per below equation (1) (Refer : Annexure-G)
A131: Ealreq = | D131: 5 | E131: x | F131: Iop | H131: x | I131: Isr | K131: x | L131: ( | M131: Rct | N131: + | O131: Rl | P131: + | Q131: Sr | T131: ) | U131: ---(1)
I132: Ipr | Q132: Ir | R132: x | S132: Ir
...

Sheet RET670_650-PX (HV) (2)
A1: HITACHI | H1: =Title!H1 -> CT / VT | O1: =Title!O1 -> Contract No. | R1: =Title!R1 -> N-19957.1-DF5W
H2: =Title!H2 -> ADEQUACY CHECK | O2: =Title!O2 -> Date | R2: =Title!R2 -> 46106
H3: =Title!H3 -> LT14 - LEWIS 400/132kV SUBSTATION | O3: =Title!O3 -> Document No. | R3: =Title!R3 -> -
O4: =Title!O4 -> Revision No. | R4: =Title!R4 -> A
A5: =Title!A5 -> Prep. By | C5: =Title!C5 -> AP | D5: =Title!D5 -> Checked By | G5: =Title!G5 -> RB | H5: 33kV Incomer Transformer Feeder | O5: =Title!O5 -> Contractor | R5: =Title!R5 -> HITACHI
B7: T1 | D7: Core1 | H7: (Transformer Differential) | S7: Connected devices: | T7: RET670 | W7: Note: CT requirements for other protection functions are different, pl. refer to the Application Manual.
W8: Note: CT requirements mentioned here are applicable for solidly earthed neutral system. For impedance earthed system, pl. refer to the Application manual
H9: Tap-1 | J9: Tap-2 | L9: Tap-3 | W9: Note: CT requirements are similar for REG670 / 650 relay.
B10: CT Ratio: | H10: 2500 | J10: - | L10: - | N10: / | O10: 1 | P10: A
B11: Class of Accuracy: | H11: PX
B12: CT Resistance: | G12: Rct < | H12: 10 | J12: W
B13: Knee Point Voltage: | G13: Vk> | H13: 400 | J13: V | W13: Highest Vk required = | AB13: =Q107 -> 176.16547
B14: Magnetizing Current: | G14: I0< | H14: 50 | J14: mA at Vk
A16: Other Burdens on same CT core:
B18: Burden of | D18: =T7 -> RET670 | H18: Sr' | I18: = | J18: ='CT-VT Burdens'!Q48 -> 0.02 | L18: VA | N18: Lead + Other resisitance connected
B19: Burden of | D19: =T8 -> 0 | I19: = | L19: VA
B20: Burden of | D20: =T9 -> 0 | I20: = | L20: VA | N20: Rl | O20: = | P20: Sl | Q20: / ( | R20: Isn | S20: x | T20: Isn | U20: )
B21: Total lead burden | H21: Sl' | I21: = | J21: ='CT-VT Burdens'!S22 -> 0.44875935 | L21: VA | O21: = | P21: =J22 -> 0.46875935 | Q21: / ( | R21: =O10 -> 1 | S21: x | T21: =O10 -> 1 | U21: )
B22: Total lead + other burden | H22: Sl | I22: = | J22: =J18+J21 -> 0.46875935 | L22: VA | O22: = | P22: =P21/(R21*T21) -> 0.46875935 | R22: W
A24: Power Transformer Data:
B25: Power Rating | O25: = | P25: 100 | R25: MVA
B26: Percentage Impedance | O26: = | P26: 25 | R26: %
B27: HV Rated Voltage, | N27: Un1 | O27: = | P27: 33 | R27: kV
B29: Transformer Full load current | H29: Int | I29: = | J29: MVA | L29: x | M29: 1000 | N29: / | O29: √3 | P29: x | Q29: Un1
I30: = | J30: =P25 -> 100 | L30: x | M30: 1000 | N30: / | O30: √3 | P30: x | Q30: =P27 -> 33
I31: = | J31: =(P25*1000)/(SQRT(3)*P27) -> 1749.5463 | L31: A
B35: Maximum through Fault Current (LV Side) | M35: Itf | N35: = | O35: Int | Q35: / | R35: =B26 -> Percentage Impedance
N36: = | O36: =+J31 -> 1749.5463 | Q36: / | R36: =P26% -> 0.25
M37: Itf | N37: = | O37: =O36/R36 -> 6998.1851 | Q37: A
A39: The CTs must have a rated equivalent secondary e.m.f. Eal that is larger than the maximum of the required secondary em.f. Ealreq below equation (1) and (2):
Y40: (Refer : Annexure-B)
A47: Ealreq = | D47: 30 | E47: x | F47: Int | H47: x | I47: Isn | K47: x | L47: ( | M47: Rct | N47: + | O47: Rl | P47: + | Q47: Sr | T47: ) | U47: ---(1)
I48: Ipn | Q48: Ir | R48: x | S48: Ir
A50: Ealreq = | D50: 2 | E50: x | F50: Itf | H50: x | I50: Isn | K50: x | L50: ( | M50: Rct | N50: + | O50: Rl | P50: + | Q50: Sr | T50: ) | U50: ---(2)
I51: Ipn | Q51: Ir | R51: x | S51: Ir
A53: In substations with breaker-and-a-half or double-busbar double-breaker arrangement, the fault current may pass two main CTs for the transformer differential protection without passing the power transformer. In such cases and if both main CTs have equal ratios and magnetization characteristics the CTs must satisfy equation (1) and (3):
A56: Ealreq = | F56: If | H56: x | I56: Isn | K56: x | L56: ( | M56: Rct | N56: + | O56: Rl | P56: + | Q56: Sr | T56: ) | U56: ---(3)
I57: Ipn | Q57: Ir | R57: x | S57: Ir
H59: Equation (3) applicable ? | M59: N
B61: Equivalent Secondary emf. Required | P61: Ealreq
B62: CT primary rated current(A) | P62: Ipn | Q62: = | R62: =H10 -> 2500 | T62: A
B63: Rated Primary current of Transformer | P63: Int | Q63: = | R63: =J31 -> 1749.5463 | T63: A
B64: Max. primary fundamental frequency current that passes through two - | P64: Itf | Q64: = | R64: =O37 -> 6998.1851 | T64: A
B65: - main CTs and the power transformer
B66: Max. primary fundamental frequency current that passes through two - | P66: If | Q66: = | R66: =IF(M59="Y",'[2]Parameters & Fault Cal.'!Q31,"-") -> - | T66: A
B67: - main CTs without passing the power transformer:
B68: CT secondary rated current | P68: Isn | Q68: = | R68: =O10 -> 1 | T68: A
B69: Relay rated current | P69: Ir | Q69: = | R69: ='CT-VT Burdens'!S18 -> 1 | T69: A
B70: CT secondary winding resistance. | P70: Rct | Q70: = | R70: =H12 -> 10 | T70: W
B71: Total Lead Resistance + other reisistance connected to the core | P71: Rl | Q71: = | R71: =P22 -> 0.46875935 | T71: W
B72: Burden of RET 670 Relay | P72: Sr | Q72: = | R72: =J18 -> 0.02 | T72: VA
A74: Ealreq = | D74: 30 | E74: x | F74: =R63 -> 1749.5463 | H74: x | I74: =R68 -> 1 | K74: x | L74: ( | M74: =R70 -> 10 | N74: + | O74: =R71 -> 0.46875935 | P74: + | Q74: =R72 -> 0.02 | T74: ) | U74: ---(1)
I75: =R62 -> 2500 | Q75: =R69 -> 1 | R75: x | S75: =R69 -> 1
C77: = | D77: =D74*F74*(I74/I75)*(M74+O74+(Q74/(Q75*S75))) -> 220.20684 | F77: V
A79: Ealreq = | D79: 2 | E79: x | F79: =R64 -> 6998.1851 | H79: x | I79: =R68 -> 1 | K79: x | L79: ( | M79: =R70 -> 10 | N79: + | O79: =R71 -> 0.46875935 | P79: + | Q79: =R72 -> 0.02 | T79: ) | U79: ---(2)
I80: =R62 -> 2500 | Q80: =R69 -> 1 | R80: x | S80: =R69 -> 1
C82: = | D82: =D79*F79*(I79/I80)*(M79+O79+(Q79/(Q80*S80))) -> 58.721823 | F82: V
A95: Ealreq = | F95: =R66 -> - | H95: x | I95: =R68 -> 1 | K95: x | L95: ( | M95: =R70 -> 10 | N95: + | O95: =R71 -> 0.46875935 | P95: + | Q95: =R72 -> 0.02 | T95: ) | U95: ---(3)
I96: =R62 -> 2500 | Q96: =R69 -> 1 | R96: x | S96: =R69 -> 1
C98: = | D98: =F95*(I95/I96)*(M95+O95+(Q95/(Q96*S96))) -> #VALUE! | F98: V | G98: * | H98: =IF(M59="y","Applicable","Not applicable") -> Not applicable
A100: Hence, highest Eal for Differential functions at | M100: =R62 -> 2500 | O100: A Tap = | Q100: =IF(M59="Y",MAX(D77,D98),MAX(D77,D82)) -> 220.20684 | S100: V
A102: Therefore, the required knee point voltage of the CT.
A104: (Vk in terms of Ealreq as per the Manufacturer Refer Annexure-B)
O105: Vk | P105: = | Q105: Ealreq | S105: x | T105: 0.8
P106: = | Q106: =+Q100 -> 220.20684 | S106: x | T106: =+T105 -> 0.8
P107: = | Q107: =Q106*T106 -> 176.16547 | S107: V
D109: Available Vk | G109: > | H109: Required Vk
E110: =H13 -> 400 | G110: > | H110: =Q107 -> 176.16547
F111: Hence CT is: | H111: =IF(E110>H110,"Suitable Dimensions","Under Dimensioned") -> Suitable Dimensions
B143: =B7 -> T1 | D143: =D7 -> Core1 | H143: =H7 -> (Transformer Differential) | S143: Connected devices: | T143: =T7 -> RET670
B144: =B8 -> 0 | T144: =T8 -> 0
H145: Tap-1 | J145: Tap-2 | L145: Tap-3 | T145: =T9 -> 0
B146: CT Ratio: | H146: =H10 -> 2500 | J146: =J10 -> - | L146: =L10 -> - | N146: / | O146: =O10 -> 1 | P146: A
B147: Class of Accuracy: | J147: PX
B148: CT Resistance: | I148: Rct< | J148: 6 | L148: W
B149: Knee Point Voltage: | I149: Vk> | J149: 500 | L149: V | W149: Highest Vk required = | AB149: =Q247 -> #VALUE!
B150: Magnetizing Current: | I150: I0< | J150: 60 | L150: mA at Vk
A152: Other Burdens on same CT core:
B154: Burden of | D154: =T143 -> RET670 | H154: Sr' | I154: = | J154: =J18 -> 0.02 | L154: VA | N154: Lead + Other resisitance connected
B155: Burden of | D155: =T144 -> 0 | I155: = | J155: =J19 -> 0 | L155: VA
B156: Burden of | D156: =T145 -> 0 | I156: = | J156: =J20 -> 0 | L156: VA | N156: Rl | O156: = | P156: Sl | Q156: / ( | R156: Isn | S156: x | T156: Isn | U156: )
B157: Total lead burden | H157: Sl' | I157: = | J157: =J21 -> 0.44875935 | L157: VA | O157: = | P157: =J158 -> 0.46875935 | Q157: / ( | R157: =O146 -> 1 | S157: x | T157: =O146 -> 1 | U157: )
B158: Total lead + other burden | H158: Sl | I158: = | J158: =J154+J157 -> 0.46875935 | L158: VA | O158: = | P158: =P157/(R157*T157) -> 0.46875935 | R158: W
A160: Power Transformer Data:
B161: Power Rating | O161: = | P161: =P25 -> 100 | R161: MVA
B162: Percentage Impedance | O162: = | P162: =P26 -> 25 | R162: %
B163: HV Rated Voltage, | N163: Un1 | O163: = | P163: =P27 -> 33 | R163: kV
B165: Transformer Full load current | H165: Int | I165: = | J165: MVA | L165: x | M165: 1000 | N165: / | O165: √3 | P165: x | Q165: Un1
I166: = | J166: =P161 -> 100 | L166: x | M166: 1000 | N166: / | O166: √3 | P166: x | Q166: =P163 -> 33
I167: = | J167: =(P161*1000)/(SQRT(3)*P163) -> 1749.5463 | L167: A
A169: According to Clause 5.2 of ESI 48-3, the maximum through fault current shall be 16 times of the rated fault current.
B171: Maximum through Fault Current (LV Side) | M171: Itf | N171: = | O171: Int | Q171: x | R171: 16
N172: = | O172: =+J167 -> 1749.5463 | Q172: x | R172: 16
M173: Itf | N173: = | O173: =O172*R172 -> 27992.74 | Q173: A | AA173: =O173/3000 -> 9.3309134
A175: The CTs must have a rated equivalent secondary e.m.f. Eal that is larger than the maximum of the required secondary em.f. Ealreq below equation (1) and (2): | X175: (Refer : Annexure-B)
A185: Ealreq = | D185: 30 | E185: x | F185: Int | H185: x | I185: Isn | K185: x | L185: ( | M185: Rct | N185: + | O185: Rl | P185: + | Q185: Sr | T185: ) | U185: ---(1)
I186: Ipn | Q186: Ir | R186: x | S186: Ir
A188: Ealreq = | D188: 2 | E188: x | F188: Itf | H188: x | I188: Isn | K188: x | L188: ( | M188: Rct | N188: + | O188: Rl | P188: + | Q188: Sr | T188: ) | U188: ---(2)
I189: Ipn | Q189: Ir | R189: x | S189: Ir
A191: In substations with breaker-and-a-half or double-busbar double-breaker arrangement, the fault current may pass two main CTs for the transformer differential protection without passing the power transformer. In such cases and if both main CTs have equal ratios and magnetization characteristics the CTs must satisfy equation (1) and (3):
...

Sheet SEL487E-X
A1: HITACHI | H1: =Title!H1 -> CT / VT | O1: =Title!O1 -> Contract No. | R1: =Title!R1 -> N-19957.1-DF5W
H2: =Title!H2 -> ADEQUACY CHECK | O2: =Title!O2 -> Date | R2: =Title!R2 -> 46106
H3: =Title!H3 -> LT14 - LEWIS 400/132kV SUBSTATION | O3: =Title!O3 -> Document No. | R3: =Title!R3 -> -
O4: =Title!O4 -> Revision No. | R4: =Title!R4 -> A
A5: =Title!A5 -> Prep. By | C5: =Title!C5 -> AP | D5: =Title!D5 -> Checked By | G5: =Title!G5 -> RB | H5: 33kV Side Trafo Feeder (100MVA) | O5: =Title!O5 -> Contractor | R5: =Title!R5 -> HITACHI
B7: T1 | D7: Core2 | H7: (Transformer Differential) | S7: Connected devices: | T7: SEL487E
H9: Tap-1 | J9: Tap-2 | L9: Tap-3
B10: CT Ratio: | H10: 3150 | J10: 2000 | L10: - | N10: / | O10: 1 | P10: A
B11: Class of Accuracy: | H11: PX
B12: CT Resistance: | G12: Rct< | H12: 9 | J12: W
B13: Knee Point Voltage: | G13: Vk> | H13: 800 | J13: V | W13: Highest Vk required = | AB13: =D68 -> 176.67334
B14: Magnetizing Current: | G14: I0< | H14: 30 | J14: mA at Vk
A16: Other Burdens on same CT core:
B18: Burden of | D18: =T7 -> SEL487E | H18: Sr' | I18: = | J18: ='CT-VT Burdens'!Q75 -> 0.1 | L18: VA
B19: Burden of | D19: =T8 -> 0 | I19: = | L19: VA
B20: Burden of | D20: =T9 -> 0 | I20: = | L20: VA
B21: Total lead burden | H21: Sl' | I21: = | J21: ='CT-VT Burdens'!S24 -> 0.74045293 | L21: VA
B22: Total lead + other burden | H22: Sl | I22: = | J22: =J18+J21 -> 0.84045293 | L22: VA
B24: Resisitance of the relay: | M24: Lead + Other resisitance connected
B25: Rr | C25: = | D25: Sr' | E25: / ( | F25: Ir | G25: x | H25: Ir | I25: ) | M25: Rl | N25: = | O25: Sl | P25: / ( | Q25: Isn | R25: x | S25: Isn | T25: )
C26: = | D26: =J18 -> 0.1 | E26: / ( | F26: =S58 -> 1 | G26: x | H26: =S58 -> 1 | I26: ) | N26: = | O26: =J22 -> 0.84045293 | P26: / ( | Q26: =O10 -> 1 | R26: x | S26: =O10 -> 1 | T26: )
C27: = | D27: =D26/(F26*H26) -> 0.1 | F27: W | N27: = | O27: =O26/(Q26*S26) -> 0.84045293 | Q27: W
A30: Power Transformer Data:
B31: Power Rating | N31: = | O31: 100 | Q31: MVA
B32: Percentage Impedance | N32: = | O32: 25 | Q32: %
B33: HV Rated Voltage, | M33: Un1 | N33: = | O33: 33 | Q33: kV
A35: Transformer Full load current | H35: Int | I35: = | J35: MVA | L35: x | M35: 1000 | N35: / | O35: √3 | P35: x | Q35: Un1 | R35: )
I36: = | J36: =O31 -> 100 | L36: x | M36: 1000 | N36: / | O36: √3 | P36: x | Q36: =O33 -> 33 | R36: )
I37: = | J37: =(O31*1000)/(SQRT(3)*O33) -> 1749.5463 | L37: A
A39: According to Clause 5.2 of ESI 48-3, the maximum through fault current shall be 16 times of the rated fault current.
A41: Maximum through Fault Current (LV Side) | M41: Itf | N41: = | O41: Int | Q41: x | R41: 16
N42: = | O42: =+J37 -> 1749.5463 | Q42: x | R42: 16
M43: Itf | N43: = | O43: =O42*R42 -> 27992.74 | Q43: A
A48: Minimum required Knee point voltage | Y48: (As per SEL guideline - Aug-2010)
B50: Vk | C50: ³ | D50: 2 | E50: * | F50: If | H50: * | I50: ( | J50: Rct | K50: + | L50: Rl | M50: + | N50: Rr | O50: ) | U50: ---(1)
B53: CT Primary Current | P53: Ipn | R53: = | S53: =H10 -> 3150 | U53: A
B54: CT Internal Resistance | P54: Rct | R54: = | S54: =H12 -> 9 | U54: W
B55: Burden of CT Leads | P55: Rl | R55: = | S55: =O27 -> 0.84045293 | U55: W
B56: Burden of the relay | P56: Rr | R56: = | S56: =D27 -> 0.1 | U56: W
B57: Maximum through Fault Current on CT sec. | P57: If | R57: = | S57: =O43/S53 -> 8.8865842 | U57: A
B58: Relay normal current | P58: Inrelay (Ir) | R58: = | S58: ='CT-VT Burdens'!S18 -> 1 | U58: A
B60: Minimum required Knee point voltage, hence,
B62: Vk | C62: ³ | D62: 2 | E62: * | F62: If | H62: * | I62: ( | J62: Rct | K62: + | L62: Rl | M62: + | N62: Rr | O62: ) | U62: ---(1)
C65: ³ | D65: 2 | E65: * | F65: =S57 -> 8.8865842 | H65: * | I65: ( | J65: =S54 -> 9 | K65: + | L65: =S55 -> 0.84045293 | M65: + | N65: =S56 -> 0.1 | O65: )
C68: = | D68: =D65*F65*(J65+L65+N65) -> 176.67334 | F68: V
D70: Available Vk | G70: > | H70: Required Vk
E71: =H13 -> 800 | G71: > | H71: =D68 -> 176.67334
F72: Hence CT is: | H72: =IF(E71>H71,"Suitable Dimensions","Under Dimensioned") -> Suitable Dimensions
B89: =B7 -> T1 | D89: =D7 -> Core2 | H89: =H7 -> (Transformer Differential) | S89: Connected devices: | T89: =T7 -> SEL487E
B90: =B8 -> 0 | T90: =T8 -> 0
H91: Tap-1 | J91: Tap-2 | L91: Tap-3 | T91: =T9 -> 0
B92: CT Ratio: | H92: =H10 -> 3150 | J92: =J10 -> 2000 | L92: =L10 -> - | N92: / | O92: =O10 -> 1 | P92: A
B93: Class of Accuracy: | J93: =H11 -> PX
B94: CT Resistance: | I94: Rct< | J94: 6 | L94: W
B95: Knee Point Voltage: | I95: Vk> | J95: 500 | L95: V | W95: Highest Vk required = | AB95: =D150 -> 194.2823
B96: Magnetizing Current: | I96: I0< | J96: 60 | L96: mA at Vk
A98: Other Burdens on same CT core:
B100: Burden of | D100: =T89 -> SEL487E | H100: Sr' | I100: = | J100: =J18 -> 0.1 | L100: VA
B101: Burden of | D101: =T90 -> 0 | I101: = | J101: =J19 -> 0 | L101: VA
B102: Burden of | D102: =T91 -> 0 | I102: = | J102: =J20 -> 0 | L102: VA
B103: Total lead burden | H103: Sl' | I103: = | J103: =J21 -> 0.74045293 | L103: VA
B104: Total lead + other burden | H104: Sl | I104: = | J104: =J100+J103 -> 0.84045293 | L104: VA
B106: Resisitance of the relay: | M106: Lead + Other resisitance connected
B107: Rr | C107: = | D107: Sr' | E107: / ( | F107: Ir | G107: x | H107: Ir | I107: ) | M107: Rl | N107: = | O107: Sl | P107: / ( | Q107: Isn | R107: x | S107: Isn | T107: )
C108: = | D108: =J100 -> 0.1 | E108: / ( | F108: =F26 -> 1 | G108: x | H108: =H26 -> 1 | I108: ) | N108: = | O108: =J104 -> 0.84045293 | P108: / ( | Q108: =O92 -> 1 | R108: x | S108: =O92 -> 1 | T108: )
C109: = | D109: =D108/(F108*H108) -> 0.1 | F109: W | N109: = | O109: =O108/(Q108*S108) -> 0.84045293 | Q109: W
A112: Power Transformer Data:
B113: Power Rating | N113: = | O113: =O31 -> 100 | Q113: MVA
B114: Percentage Impedance | N114: = | O114: =O32 -> 25 | Q114: %
B115: HV Rated Voltage, | M115: Un1 | N115: = | O115: =O33 -> 33 | Q115: kV
A117: Transformer Full load current | H117: Int | I117: = | J117: MVA | L117: x | M117: 1000 | N117: / | O117: √3 | P117: x | Q117: Un1 | R117: )
I118: = | J118: =O113 -> 100 | L118: x | M118: 1000 | N118: / | O118: √3 | P118: x | Q118: =O115 -> 33 | R118: )
I119: = | J119: =(O113*1000)/(SQRT(3)*O115) -> 1749.5463 | L119: A
A121: According to Clause 5.2 of ESI 48-3, the maximum through fault current shall be 16 times of the rated fault current.
A123: Maximum through Fault Current (LV Side) | M123: Itf | N123: = | O123: Int | Q123: x | R123: 16
N124: = | O124: =+J119 -> 1749.5463 | Q124: x | R124: 16
M125: Itf | N125: = | O125: =O124*R124 -> 27992.74 | Q125: A
A130: Minimum required Knee point voltage | X130: (As per SEL guideline - Aug-2010)
B132: Vk | C132: ³ | D132: 2 | E132: * | F132: If | H132: * | I132: ( | J132: Rct | K132: + | L132: Rl | M132: + | N132: Rr | O132: ) | U132: ---(1)
B135: CT Primary Current | P135: Ipn | R135: = | S135: =J92 -> 2000 | U135: A
B136: CT Internal Resistance | P136: Rct | R136: = | S136: =J94 -> 6 | U136: W
B137: Burden of CT Leads | P137: Rl | R137: = | S137: =O109 -> 0.84045293 | U137: W
B138: Burden of the relay | P138: Rr | R138: = | S138: =D109 -> 0.1 | U138: W
B139: Maximum through Fault Current on CT sec. | P139: If | R139: = | S139: =O125/S135 -> 13.99637 | U139: A
B140: Relay normal current | P140: Inrelay (Ir) | R140: = | S140: =S58 -> 1 | U140: A
B142: Minimum required Knee point voltage, hence,
B144: Vk | C144: ³ | D144: 2 | E144: * | F144: If | H144: * | I144: ( | J144: Rct | K144: + | L144: Rl | M144: + | N144: Rr | O144: ) | U144: ---(1)
C147: ³ | D147: 2 | E147: * | F147: =S139 -> 13.99637 | H147: * | I147: ( | J147: =S136 -> 6 | K147: + | L147: =S137 -> 0.84045293 | M147: + | N147: =S138 -> 0.1 | O147: )
C150: = | D150: =D147*F147*(J147+L147+N147) -> 194.2823 | F150: V
D152: Available Vk | G152: > | H152: Required Vk
E153: =J95 -> 500 | G153: > | H153: =D150 -> 194.2823
F154: Hence CT is: | H154: =IF(E153>H153,"Suitable Dimensions","Under Dimensioned") -> Suitable Dimensions
B171: =B89 -> T1 | D171: =D89 -> Core2 | F171: HV side | H171: =H89 -> (Transformer Differential) | S171: Connected devices: | T171: =T89 -> SEL487E
B172: =B90 -> 0 | T172: =T90 -> 0
H173: Tap-1 | J173: Tap-2 | L173: Tap-3 | T173: =T91 -> 0
B174: CT Ratio: | H174: =H92 -> 3150 | J174: =J92 -> 2000 | L174: =L92 -> - | N174: / | O174: =O92 -> 1 | P174: A
B175: Class of Accuracy: | L175: =J93 -> PX
B176: CT Resistance: | K176: Rct< | L176: 3 | N176: W
B177: Knee Point Voltage: | K177: Vk> | L177: 200 | N177: V | W177: Highest Vk required = | AB177: =D235 -> #VALUE!
B178: Magnetizing Current: | K178: I0< | L178: 50 | N178: mA at Vk
...

Sheet BCU+OC-5P SEL751+7SJ85
A1: HITACHI | H1: =Title!H1 -> CT / VT | O1: =Title!O1 -> Contract No. | R1: =Title!R1 -> N-19957.1-DF5W
H2: =Title!H2 -> ADEQUACY CHECK | O2: =Title!O2 -> Date | R2: =Title!R2 -> 46106
H3: =Title!H3 -> LT14 - LEWIS 400/132kV SUBSTATION | O3: =Title!O3 -> Document No. | R3: =Title!R3 -> -
O4: =Title!O4 -> Revision No. | R4: =Title!R4 -> A
A5: =Title!A5 -> Prep. By | C5: =Title!C5 -> AP | D5: =Title!D5 -> Checked By | G5: =Title!G5 -> RB | H5: 33kV Side Trafo Feeder (100MVA) | O5: =Title!O5 -> Contractor | R5: =Title!R5 -> HITACHI
B7: T1 | D7: Core3 | H7: (OC +BCU) | S7: Connected devices: | T7: 7SJ85
T8: SEL751
H9: Tap-1 | J9: Tap-2 | L9: Tap-3 | T9: FMS
B10: CT Ratio: | H10: 3150 | J10: 2000 | L10: - | N10: / | O10: 1 | P10: A | T10: AVR
B11: Class of Accuracy: | H11: 5P | I11: 20
B12: CT Resistance: | G12: Rct< | H12: 9 | J12: W
B13: Rated Burden | G13: PN | H13: 7.5 | J13: VA | W13: =G42 -> Suitably Dimensioned
A15: Other Burdens on same CT core:
B17: Burden of | D17: =T7 -> 7SJ85 | I17: = | J17: ='CT-VT Burdens'!Q54 -> 0.02 | L17: VA | N17: CT internal Burden
B18: Burden of | D18: =T8 -> SEL751 | I18: = | J18: ='CT-VT Burdens'!Q55 -> 0.02 | L18: VA
B19: Burden of | D19: =T9 -> FMS | I19: = | J19: ='CT-VT Burdens'!Q92 -> 0.058 | L19: VA
B20: Burden of | D20: AVR | J20: ='CT-VT Burdens'!Q88 -> 0.2 | L20: VA | N20: PE | O20: = | P20: In | Q20: x | R20: In | S20: x | T20: Rct
B21: Total lead burden | I21: = | J21: ='CT-VT Burdens'!S22 -> 0.44875935 | L21: VA | O21: = | P21: =O10 -> 1 | Q21: x | R21: =O10 -> 1 | S21: x | T21: =H12 -> 9
B22: Total lead + other burden | H22: PL | I22: = | J22: =SUM(J17:J21) -> 0.74675935 | L22: VA | O22: = | P22: =P21*R21*T21 -> 9 | R22: VA
C24: Max through fault current at close in fault | Q24: Itkmax | R24: = | S24: 31500 | U24: A | V24: ** | X24: This Current Must be Linked Later to Fault Setting
C25: CT Primary Current, | Q25: Ipn | R25: = | S25: =H10 -> 3150 | U25: A
C26: Internal Burden, | Q26: PE | R26: = | S26: =P22 -> 9 | U26: VA
C27: Burden of CT Leads and burden of connected devices | Q27: PL | R27: = | S27: =J22 -> 0.74675935 | U27: VA
C28: Rated Secondary Current, | Q28: In | R28: = | S28: =O10 -> 1 | U28: A
C29: CT Accuracy Limiting Factor | Q29: n | R29: = | S29: =I11 -> 20
C30: CT Burden | Q30: PN | R30: = | S30: =H13 -> 7.5 | U30: VA
E32: Required Kssc' | F32: = | G32: Itkmax | I32: / | J32: Ipn
F33: = | G33: =S24 -> 31500 | I33: / | J33: =S25 -> 3150
F34: = | G34: =G33/J33 -> 10
E36: Available (effective) Kssc' | F36: = | G36: n | H36: x ( ( | I36: PE | J36: + | K36: PN | L36: ) / ( | M36: PE | N36: + | O36: PL | P36: )
F37: = | G37: =S29 -> 20 | H37: x ( ( | I37: =S26 -> 9 | J37: + | K37: =S30 -> 7.5 | L37: ) / ( | M37: =S26 -> 9 | N37: + | O37: =S27 -> 0.74675935 | P37: )
F38: = | G38: =G37*((I37+K37)/(M37+O37)) -> 33.857407
E40: Available Kssc' | F40: =IF(D41>G41,">","<") -> > | G40: Required Kssc'
D41: =G38 -> 33.857407 | F41: =F40 -> > | G41: =G34 -> 10
E42: Hence CT is: | G42: =IF(F40=">","Suitably Dimensioned","Under Dimensioned") -> Suitably Dimensioned
J45: ** Assumed
B48: =B7 -> T1 | D48: =D7 -> Core3 | H48: =H7 -> (OC +BCU) | S48: Connected devices: | T48: =T7 -> 7SJ85
B49: =B8 -> 0 | T49: =T8 -> SEL751
H50: Tap-1 | J50: Tap-2 | L50: Tap-3 | T50: =T9 -> FMS
B51: CT Ratio: | H51: =H10 -> 3150 | J51: =J10 -> 2000 | L51: =L10 -> - | N51: / | O51: =O10 -> 1 | P51: A | T51: =T10 -> AVR
B52: Class of Accuracy: | J52: =H11 -> 5P | K52: =I11 -> 20
B53: CT Resistance: | I53: Rct< | J53: 5 | L53: W
B54: Rated Burden | I54: PN | J54: 5 | L54: VA | W54: =G83 -> Suitably Dimentioned
A56: Other Burdens on same CT core:
B58: Burden of | D58: =T48 -> 7SJ85 | I58: = | J58: =J17 -> 0.02 | L58: VA | N58: CT internal Burden
B59: Burden of | D59: =T49 -> SEL751 | I59: = | J59: =J18 -> 0.02 | L59: VA
B60: Burden of | D60: =T50 -> FMS | I60: = | J60: =J19 -> 0.058 | L60: VA
B61: Burden of | D61: =T51 -> AVR | J61: =J20 -> 0.2 | L61: VA | N61: PE | O61: = | P61: In | Q61: x | R61: In | S61: x | T61: Rct
B62: Total lead burden | I62: = | J62: =J21 -> 0.44875935 | L62: VA | O62: = | P62: =O51 -> 1 | Q62: x | R62: =O51 -> 1 | S62: x | T62: =J53 -> 5
B63: Total lead + other burden | H63: PL | I63: = | J63: =SUM(J58:J62) -> 0.74675935 | L63: VA | O63: = | P63: =P62*R62*T62 -> 5 | R63: VA
C65: Max through fault current at close in fault | Q65: Itkmax | R65: = | S65: =S24 -> 31500 | U65: A
C66: CT Primary Current, | Q66: Ipn | R66: = | S66: =J51 -> 2000 | U66: A
C67: Internal Burden, | Q67: PE | R67: = | S67: =P63 -> 5 | U67: VA
C68: Burden of CT Leads and burden of connected devices | Q68: PL | R68: = | S68: =J63 -> 0.74675935 | U68: VA
C69: Rated Secondary Current, | Q69: In | R69: = | S69: =O51 -> 1 | U69: A
C70: CT Accuracy Limiting Factor | Q70: n | R70: = | S70: =K52 -> 20
C71: CT Burden | Q71: PN | R71: = | S71: =J54 -> 5 | U71: VA
E73: Required Kssc' | F73: = | G73: Itkmax | I73: / | J73: Ipn
F74: = | G74: =S65 -> 31500 | I74: / | J74: =S66 -> 2000
F75: = | G75: =G74/J74 -> 15.75
E77: Available (effective) Kssc' | F77: = | G77: n | H77: x ( ( | I77: PE | J77: + | K77: PN | L77: ) / ( | M77: PE | N77: + | O77: PL | P77: )
F78: = | G78: =S70 -> 20 | H78: x ( ( | I78: =S67 -> 5 | J78: + | K78: =S71 -> 5 | L78: ) / ( | M78: =S67 -> 5 | N78: + | O78: =S68 -> 0.74675935 | P78: )
F79: = | G79: =G78*((I78+K78)/(M78+O78)) -> 34.802223
E81: Available Kssc' | F81: =IF(D82>G82,">","<") -> > | G81: Required Kssc'
D82: =G79 -> 34.802223 | F82: =F81 -> > | G82: =G75 -> 15.75
E83: Hence CT is: | G83: =IF(F81=">","Suitably Dimentioned","Under Dimentioned") -> Suitably Dimentioned
B89: =B48 -> T1 | D89: =D48 -> Core3 | H89: =H48 -> (OC +BCU) | S89: Connected devices: | T89: =T48 -> 7SJ85
B90: =B49 -> 0 | T90: =T49 -> SEL751
H91: Tap-1 | J91: Tap-2 | L91: Tap-3 | T91: =T50 -> FMS
B92: CT Ratio: | H92: =H51 -> 3150 | J92: =J51 -> 2000 | L92: =L51 -> - | N92: / | O92: =O51 -> 1 | P92: A
B93: Class of Accuracy: | L93: =J52 -> 5P | M93: =K52 -> 20
B94: CT Resistance: | K94: Rct< | L94: - | N94: W
B95: Rated Burden | K95: PN | L95: - | N95: VA | W95: =G123 -> #VALUE!
A97: Other Burdens on same CT core:
B99: Burden of | D99: =T89 -> 7SJ85 | I99: = | J99: =J58 -> 0.02 | L99: VA | N99: CT internal Burden
B100: Burden of | D100: =T90 -> SEL751 | I100: = | J100: =J59 -> 0.02 | L100: VA
B101: Burden of | D101: =T91 -> FMS | I101: = | J101: =J60 -> 0.058 | L101: VA | N101: PE | O101: = | P101: In | Q101: x | R101: In | S101: x | T101: Rct
B102: Total lead burden | I102: = | J102: =J62 -> 0.44875935 | L102: VA | O102: = | P102: =O92 -> 1 | Q102: x | R102: =O92 -> 1 | S102: x | T102: =L94 -> -
B103: Total lead + other burden | H103: PL | I103: = | J103: =SUM(J99:J102) -> 0.54675935 | L103: VA | O103: = | P103: =P102*R102*T102 -> #VALUE! | R103: VA
C105: Max through fault current at close in fault | Q105: Itkmax | R105: = | S105: =S65 -> 31500 | U105: A
C106: CT Primary Current, | Q106: Ipn | R106: = | S106: =J92 -> 2000 | U106: A
C107: Internal Burden, | Q107: PE | R107: = | S107: =P103 -> #VALUE! | U107: VA
C108: Burden of CT Leads and burden of connected devices | Q108: PL | R108: = | S108: =J103 -> 0.54675935 | U108: VA
C109: Rated Secondary Current, | Q109: In | R109: = | S109: =O92 -> 1 | U109: A
C110: CT Accuracy Limiting Factor | Q110: n | R110: = | S110: =M93 -> 20
C111: CT Burden | Q111: PN | R111: = | S111: =L95 -> - | U111: VA
E113: Required Kssc' | F113: = | G113: Itkmax | I113: / | J113: Ipn
F114: = | G114: =S105 -> 31500 | I114: / | J114: =S106 -> 2000
F115: = | G115: =G114/J114 -> 15.75
E117: Available (effective) Kssc' | F117: = | G117: n | H117: x ( ( | I117: PE | J117: + | K117: PN | L117: ) / ( | M117: PE | N117: + | O117: PL | P117: )
F118: = | G118: =S110 -> 20 | H118: x ( ( | I118: =S107 -> #VALUE! | J118: + | K118: =S111 -> - | L118: ) / ( | M118: =S107 -> #VALUE! | N118: + | O118: =S108 -> 0.54675935 | P118: )
F119: = | G119: =G118*((I118+K118)/(M118+O118)) -> #VALUE!
E121: Available Kssc' | F121: =IF(D122>G122,">","<") -> #VALUE! | G121: Required Kssc'
D122: =G119 -> #VALUE! | F122: =F121 -> #VALUE! | G122: =G115 -> 15.75
E123: Hence CT is: | G123: =IF(F121=">","Suitably Dimentioned","Under Dimentioned") -> #VALUE!
V131: ABB
A133: Hence, the Recommended CT Parameters for Manufacturing are:
A134: CT / Core | D134: Ratio (A) | G134: CT Cable m/mm2 | I134: Class | K134: CT Resistance (W) @ 75OC | M134: Rated Burden of CT, VA | Q134: Relay / Instrument Type | S134: CT Suitability
A138: =B89 -> T1 | B138: =D89 -> Core3 | D138: =H92 -> 3150 | F138: =O92 -> 1 | G138: ='CT-VT Burdens'!S19 -> 50 | H138: ='CT-VT Burdens'!S10 -> 6 | I138: =L93 -> 5P | J138: =M93 -> 20 | K138: =H12 -> 9 | M138: =H13 -> 7.5 | O138: - | Q138: =CONCATENATE(T7," ",T8," ",T9," ",T10) -> 7SJ85 SEL751 FMS AVR | S138: =G42 -> Suitably Dimensioned
D139: =J92 -> 2000 | K139: =J53 -> 5 | M139: =J54 -> 5 | O139: - | S139: =G83 -> Suitably Dimentioned
...

Sheet Tariff Main-0.2FS 
A1: HITACHI | H1: =Title!H1 -> CT / VT | O1: =Title!O1 -> Contract No. | R1: =Title!R1 -> N-19957.1-DF5W
H2: =Title!H2 -> ADEQUACY CHECK | O2: =Title!O2 -> Date | R2: =Title!R2 -> 46106
H3: =Title!H3 -> LT14 - LEWIS 400/132kV SUBSTATION | O3: =Title!O3 -> Document No. | R3: =Title!R3 -> -
O4: =Title!O4 -> Revision No. | R4: =Title!R4 -> A
A5: =Title!A5 -> Prep. By | C5: =Title!C5 -> AP | D5: =Title!D5 -> Checked By | G5: =Title!G5 -> RB | H5: 33kV Side Trafo Feeder (100MVA) | O5: =Title!O5 -> Contractor | R5: =Title!R5 -> HITACHI
B7: T1 | D7: Core4 | H7: (Tariff Meter- Main) | S7: Connected devices: | T7: XC-RACK
H9: Tap-1 | J9: Tap-2 | L9: Tap-3
B10: CT Ratio: | H10: 3150 | J10: 2000 | L10: - | N10: / | O10: 1 | P10: A
B11: Class of Accuracy: | H11: 0.2sFS5
B12: CT Resistance: | G12: Rct< | H12: 9 | J12: W
B13: Factor of Safety | G13: FS | H13: 5 | W13: =J47 -> Suitable Dimensions
B14: Rated Burden | G14: PN | H14: 10 | J14: VA
A16: Other Burdens on same CT core:
B18: Burden of | D18: =T7 -> XC-RACK | I18: = | J18: ='CT-VT Burdens'!Q85 -> 0.008 | L18: VA | N18: CT internal Burden | AC18: rec670 | AE18: 100A for 1 S
B19: Burden of | D19: =T8 -> 0 | I19: = | L19: VA
B20: Burden of | D20: =T9 -> 0 | I20: = | L20: VA | N20: PE | O20: = | P20: In | Q20: x | R20: In | S20: x | T20: Rct
B21: Burden of | D21: =T10 -> 0 | I21: = | L21: VA | O21: = | P21: =O10 -> 1 | Q21: x | R21: =O10 -> 1 | S21: x | T21: =H12 -> 9
B22: Total lead burden | I22: = | J22: ='CT-VT Burdens'!S22 -> 0.44875935 | L22: VA | O22: = | P22: =P21*R21*T21 -> 9 | R22: VA
B23: Total lead + other burden | H23: PL | I23: = | J23: =SUM(J18:K22) -> 0.45675935 | L23: VA
B25: CT Primary Current, | N25: Ipn | O25: = | P25: =H10 -> 3150 | R25: A
B26: Internal Burden, | N26: PE | O26: = | P26: =H12 -> 9 | R26: VA
B27: Burden of CT Leads and burden of connected devices | N27: PL | O27: = | P27: =J23 -> 0.45675935 | R27: VA
B28: Rated Secondary Current, | N28: In | O28: = | P28: =O10 -> 1 | R28: A
B29: CT Safety Factor | N29: n | O29: = | P29: 10
B30: Safety Factor among all connected devices Fs (min) | O30: = | P30: 20 | R30: ** | S30: Assumed
C32: Minimum Safety Factor among all connected devices | Q32: Fs(min) | R32: = | S32: 20 | V32: **
C34: Total connected burden on CT | I34: = | J34: Connected devices burden | P34: + | Q34: Lead Burden
I35: = | J35: =J23 -> 0.45675935
H37: Effective Safety Factor of CT, FS' | I37: = | J37: FS | K37: x ( ( | L37: PE | M37: + | N37: PN | O37: ) / ( | P37: PE | Q37: + | R37: PL | S37: )
I38: = | J38: =H13 -> 5 | K38: x ( ( | L38: =P22 -> 9 | M38: + | N38: =H14 -> 10 | O38: ) / ( | P38: =P22 -> 9 | Q38: + | R38: =J23 -> 0.45675935 | S38: )
I39: = | J39: =J38*((L38+N38)/(P38+R38)) -> 10.045725
A41: CT is considered to be properly sized if following conditions are satisfied…
B42: 1 | H42: Rated CT Burden | I42: > | J42: Total Connected Burden | S42: …cond.1
G43: =H14 -> 10 | I43: =IF(G43>J43,">","<") -> > | J43: =J35 -> 0.45675935 | S43: =IF(G43>J43,"Satisfied","Not satisfied") -> Satisfied
B45: 2 | H45: FS(min) of connected devices | I45: > | J45: Effective Safety Factor of CT, FS' | S45: …cond.2
G46: =P30 -> 20 | I46: =IF(G46>J46,">","<") -> > | J46: =J39 -> 10.045725 | S46: =IF(G46>J46,"Satisfied","Not satisfied") -> Satisfied
H47: Hence CT is: | J47: =IF(AND(I43=">",I46=">")=TRUE,"Suitable Dimensions","Not suitable") -> Suitable Dimensions
B50: =B7 -> T1 | D50: =D7 -> Core4 | H50: =H7 -> (Tariff Meter- Main) | S50: Connected devices: | T50: =T7 -> XC-RACK
B51: =B8 -> 0
H52: Tap-1 | J52: Tap-2 | L52: Tap-3
B53: CT Ratio: | H53: =H10 -> 3150 | J53: =J10 -> 2000 | L53: =L10 -> - | N53: / | O53: =O10 -> 1 | P53: A
B54: Class of Accuracy: | J54: =H11 -> 0.2sFS5
B55: CT Resistance: | I55: Rct< | J55: 5 | L55: W
B56: Factor of Safety | I56: FS | J56: 5 | W56: =J90 -> Suitable Dimensions
B57: Rated Burden | I57: PN | J57: 7.5 | L57: VA
A59: Other Burdens on same CT core:
B61: Burden of | D61: =D18 -> XC-RACK | I61: = | J61: =J18 -> 0.008 | L61: VA | N61: CT internal Burden
B62: Burden of | D62: =D19 -> 0 | I62: = | J62: =J19 -> 0 | L62: VA
B63: Burden of | D63: =D20 -> 0 | I63: = | J63: =J20 -> 0 | L63: VA | N63: PE | O63: = | P63: In | Q63: x | R63: In | S63: x | T63: Rct
B64: Burden of | D64: =T10 -> 0 | I64: = | J64: =J21 -> 0 | L64: VA | O64: = | P64: =O53 -> 1 | Q64: x | R64: =O53 -> 1 | S64: x | T64: =J55 -> 5
B65: Total lead burden | I65: = | J65: =J22 -> 0.44875935 | L65: VA | O65: = | P65: =P64*R64*T64 -> 5 | R65: VA
B66: Total lead + other burden | H66: PL | I66: = | J66: =J23 -> 0.45675935 | L66: VA
B68: CT Primary Current, | N68: Ipn | O68: = | P68: =J53 -> 2000 | R68: A
B69: Internal Burden, | N69: PE | O69: = | P69: =J55 -> 5 | R69: VA
B70: Burden of CT Leads and burden of connected devices | N70: PL | O70: = | P70: =J66 -> 0.45675935 | R70: VA
B71: Rated Secondary Current, | N71: In | O71: = | P71: =O53 -> 1 | R71: A
B72: CT Safety Factor | N72: n | O72: = | P72: 10
B73: Safety Factor among all connected devices Fs (min) | O73: = | P73: 20 | R73: ** | S73: Assumed
C75: Minimum Safety Factor among all connected devices | Q75: Fs(min) | R75: = | S75: =S32 -> 20 | V75: **
C77: Total connected burden on CT | I77: = | J77: Connected devices burden | P77: + | Q77: Lead Burden
I78: = | J78: =J66 -> 0.45675935
H80: Effective Safety Factor of CT, FS' | I80: = | J80: FS | K80: x ( ( | L80: PE | M80: + | N80: PN | O80: ) / ( | P80: PE | Q80: + | R80: PL | S80: )
I81: = | J81: =J56 -> 5 | K81: x ( ( | L81: =P65 -> 5 | M81: + | N81: =J57 -> 7.5 | O81: ) / ( | P81: =P65 -> 5 | Q81: + | R81: =J66 -> 0.45675935 | S81: )
I82: = | J82: =J81*((L81+N81)/(P81+R81)) -> 11.453685
A84: CT is considered to be properly sized if following conditions are satisfied…
B85: 1 | H85: Rated CT Burden | I85: > | J85: Total Connected Burden | S85: …cond.1
G86: =J57 -> 7.5 | I86: =IF(G86>J86,">","<") -> > | J86: =J78 -> 0.45675935 | S86: =IF(G86>J86,"Satisfied","Not satisfied") -> Satisfied
B88: 2 | H88: FS(min) of connected devices | I88: > | J88: Effective Safety Factor of CT, FS' | S88: …cond.2
G89: =P73 -> 20 | I89: =IF(G89>J89,">","<") -> > | J89: =J82 -> 11.453685 | S89: =IF(G89>J89,"Satisfied","Not satisfied") -> Satisfied
H90: Hence CT is: | J90: =IF(AND(I86=">",I89=">")=TRUE,"Suitable Dimensions","Not suitable") -> Suitable Dimensions
B95: =B50 -> T1 | D95: =D50 -> Core4 | H95: =H50 -> (Tariff Meter- Main)
B96: =B51 -> 0
H97: Tap-1 | J97: Tap-2 | L97: Tap-3
B98: CT Ratio: | H98: =H53 -> 3150 | J98: =J53 -> 2000 | L98: =L53 -> - | N98: / | O98: =O53 -> 1 | P98: A
B99: Class of Accuracy: | L99: =J54 -> 0.2sFS5
B100: CT Resistance: | K100: Rct< | L100: - | N100: W
B101: Factor of Safety | K101: FS | L101: - | W101: =J130 -> #VALUE!
B102: Rated Burden | K102: PN | L102: - | N102: VA
A104: Other Burdens on same CT core:
B106: Burden of | D106: =D61 -> XC-RACK | I106: = | J106: =J61 -> 0.008 | L106: VA | N106: CT internal Burden
B107: Burden of | D107: =D62 -> 0 | I107: = | J107: =J62 -> 0 | L107: VA
B108: Burden of | D108: =D63 -> 0 | I108: = | J108: =J63 -> 0 | L108: VA | N108: PE | O108: = | P108: In | Q108: x | R108: In | S108: x | T108: Rct
B109: Burden of | D109: =T10 -> 0 | I109: = | J109: =J64 -> 0 | L109: VA | O109: = | P109: =O98 -> 1 | Q109: x | R109: =O98 -> 1 | S109: x | T109: =L100 -> -
B110: Total lead burden | I110: = | J110: =J65 -> 0.44875935 | L110: VA | O110: = | P110: =P109*R109*T109 -> #VALUE! | R110: VA
B111: Total lead + other burden | H111: PL | I111: = | J111: =J66 -> 0.45675935 | L111: VA
C113: Minimum Safety Factor among all connected devices | Q113: Fs(min) | R113: = | S113: =S75 -> 20
C115: Total connected burden on CT | I115: = | J115: CT Int. Burden | M115: + | N115: Connected Burden
I116: = | J116: =P110 -> #VALUE! | L116: + | M116: =J111 -> 0.45675935
I117: = | J117: =J116+M116 -> #VALUE!
H119: Effective Safety Factor of CT, FS' | I119: = | J119: FS | K119: x ( ( | L119: PE | M119: + | N119: PN | O119: ) / ( | P119: PE | Q119: + | R119: PL | S119: )
I120: = | J120: =L101 -> - | K120: x ( ( | L120: =P110 -> #VALUE! | M120: + | N120: =L102 -> - | O120: ) / ( | P120: =P110 -> #VALUE! | Q120: + | R120: =J111 -> 0.45675935 | S120: )
I121: = | J121: =J120*((L120+N120)/(P120+R120)) -> #VALUE!
A123: CT is considered to be properly sized if following conditions are satisfied…
B124: 1 | H124: Rated CT Burden | I124: > | J124: Total Connected Burden | S124: …cond.1
G125: =L102 -> - | I125: =IF(G125>J125,">","<") -> #VALUE! | J125: =J117 -> #VALUE! | S125: =IF(G125>J125,"Satisfied","Not satisfied") -> #VALUE!
B127: 2 | H127: FS(min) of connected devices | I127: > | J127: Effective Safety Factor of CT, FS' | S127: …cond.2
G128: =S113 -> 20 | I128: =IF(G128>J128,">","<") -> #VALUE! | J128: =J121 -> #VALUE! | S128: =IF(G128>J128,"Satisfied","Not satisfied") -> #VALUE!
H130: Hence CT is: | J130: =IF(AND(I125=">",I128=">")=TRUE,"Suitably Dimentioned","Not suitable") -> #VALUE!
V137: ABB
A139: Hence, the Recommended CT Parameters for Manufacturing are:
...

Sheet Tariff Check-0.2FS  (2)
A1: HITACHI | H1: =Title!H1 -> CT / VT | O1: =Title!O1 -> Contract No. | R1: =Title!R1 -> N-19957.1-DF5W
H2: =Title!H2 -> ADEQUACY CHECK | O2: =Title!O2 -> Date | R2: =Title!R2 -> 46106
H3: =Title!H3 -> LT14 - LEWIS 400/132kV SUBSTATION | O3: =Title!O3 -> Document No. | R3: =Title!R3 -> -
O4: =Title!O4 -> Revision No. | R4: =Title!R4 -> A
A5: =Title!A5 -> Prep. By | C5: =Title!C5 -> AP | D5: =Title!D5 -> Checked By | G5: =Title!G5 -> RB | H5: 33kV Side Trafo Feeder (100MVA) | O5: =Title!O5 -> Contractor | R5: =Title!R5 -> HITACHI
B7: T1 | D7: Core5 | H7: (Tariff Meter- Check) | S7: Connected devices: | T7: XC-RACK
T8: GOSSEN
H9: Tap-1 | J9: Tap-2 | L9: Tap-3
B10: CT Ratio: | H10: 3150 | J10: 2000 | L10: - | N10: / | O10: 1 | P10: A
B11: Class of Accuracy: | H11: 0.2sFS5
B12: CT Resistance: | G12: Rct< | H12: 9 | J12: W
B13: Factor of Safety | G13: FS | H13: 5 | W13: =J47 -> Suitable Dimensions
B14: Rated Burden | G14: PN | H14: 10 | J14: VA
A16: Other Burdens on same CT core:
B18: Burden of | D18: =T7 -> XC-RACK | I18: = | J18: ='CT-VT Burdens'!Q85 -> 0.008 | L18: VA | N18: CT internal Burden | AC18: rec670 | AE18: 100A for 1 S
B19: Burden of | D19: =T8 -> GOSSEN | I19: = | J19: ='CT-VT Burdens'!Q86 -> 0.25 | L19: VA
B20: Burden of | D20: =T9 -> 0 | I20: = | L20: VA | N20: PE | O20: = | P20: In | Q20: x | R20: In | S20: x | T20: Rct
B21: Burden of | D21: =T10 -> 0 | I21: = | L21: VA | O21: = | P21: =O10 -> 1 | Q21: x | R21: =O10 -> 1 | S21: x | T21: =H12 -> 9
B22: Total lead burden | I22: = | J22: ='CT-VT Burdens'!S22 -> 0.44875935 | L22: VA | O22: = | P22: =P21*R21*T21 -> 9 | R22: VA
B23: Total lead + other burden | H23: PL | I23: = | J23: =SUM(J18:K22) -> 0.70675935 | L23: VA
B25: CT Primary Current, | N25: Ipn | O25: = | P25: =H10 -> 3150 | R25: A
B26: Internal Burden, | N26: PE | O26: = | P26: =H12 -> 9 | R26: VA
B27: Burden of CT Leads and burden of connected devices | N27: PL | O27: = | P27: =J23 -> 0.70675935 | R27: VA
B28: Rated Secondary Current, | N28: In | O28: = | P28: =O10 -> 1 | R28: A
B29: CT Safety Factor | N29: n | O29: = | P29: 10
B30: Safety Factor among all connected devices Fs (min) | O30: = | P30: 20 | R30: ** | S30: Assumed
C32: Minimum Safety Factor among all connected devices | Q32: Fs(min) | R32: = | S32: 20 | V32: **
C34: Total connected burden on CT | I34: = | J34: Connected devices burden | P34: + | Q34: Lead Burden
I35: = | J35: =J23 -> 0.70675935
H37: Effective Safety Factor of CT, FS' | I37: = | J37: FS | K37: x ( ( | L37: PE | M37: + | N37: PN | O37: ) / ( | P37: PE | Q37: + | R37: PL | S37: )
I38: = | J38: =H13 -> 5 | K38: x ( ( | L38: =P22 -> 9 | M38: + | N38: =H14 -> 10 | O38: ) / ( | P38: =P22 -> 9 | Q38: + | R38: =J23 -> 0.70675935 | S38: )
I39: = | J39: =J38*((L38+N38)/(P38+R38)) -> 9.7869945
A41: CT is considered to be properly sized if following conditions are satisfied…
B42: 1 | H42: Rated CT Burden | I42: > | J42: Total Connected Burden | S42: …cond.1
G43: =H14 -> 10 | I43: =IF(G43>J43,">","<") -> > | J43: =J35 -> 0.70675935 | S43: =IF(G43>J43,"Satisfied","Not satisfied") -> Satisfied
B45: 2 | H45: FS(min) of connected devices | I45: > | J45: Effective Safety Factor of CT, FS' | S45: …cond.2
G46: =P30 -> 20 | I46: =IF(G46>J46,">","<") -> > | J46: =J39 -> 9.7869945 | S46: =IF(G46>J46,"Satisfied","Not satisfied") -> Satisfied
H47: Hence CT is: | J47: =IF(AND(I43=">",I46=">")=TRUE,"Suitable Dimensions","Not suitable") -> Suitable Dimensions
B50: =B7 -> T1 | D50: =D7 -> Core5 | H50: =H7 -> (Tariff Meter- Check) | S50: Connected devices: | T50: =T7 -> XC-RACK
B51: =B8 -> 0 | T51: =T8 -> GOSSEN
H52: Tap-1 | J52: Tap-2 | L52: Tap-3
B53: CT Ratio: | H53: =H10 -> 3150 | J53: =J10 -> 2000 | L53: =L10 -> - | N53: / | O53: =O10 -> 1 | P53: A
B54: Class of Accuracy: | J54: =H11 -> 0.2sFS5
B55: CT Resistance: | I55: Rct< | J55: 5 | L55: W
B56: Factor of Safety | I56: FS | J56: 5 | W56: =J90 -> Suitable Dimensions
B57: Rated Burden | I57: PN | J57: 7.5 | L57: VA
A59: Other Burdens on same CT core:
B61: Burden of | D61: =D18 -> XC-RACK | I61: = | J61: =J18 -> 0.008 | L61: VA | N61: CT internal Burden
B62: Burden of | D62: =D19 -> GOSSEN | I62: = | J62: =J19 -> 0.25 | L62: VA
B63: Burden of | D63: =D20 -> 0 | I63: = | J63: =J20 -> 0 | L63: VA | N63: PE | O63: = | P63: In | Q63: x | R63: In | S63: x | T63: Rct
B64: Burden of | D64: =T10 -> 0 | I64: = | J64: =J21 -> 0 | L64: VA | O64: = | P64: =O53 -> 1 | Q64: x | R64: =O53 -> 1 | S64: x | T64: =J55 -> 5
B65: Total lead burden | I65: = | J65: =J22 -> 0.44875935 | L65: VA | O65: = | P65: =P64*R64*T64 -> 5 | R65: VA
B66: Total lead + other burden | H66: PL | I66: = | J66: =J23 -> 0.70675935 | L66: VA
B68: CT Primary Current, | N68: Ipn | O68: = | P68: =J53 -> 2000 | R68: A
B69: Internal Burden, | N69: PE | O69: = | P69: =J55 -> 5 | R69: VA
B70: Burden of CT Leads and burden of connected devices | N70: PL | O70: = | P70: =J66 -> 0.70675935 | R70: VA
B71: Rated Secondary Current, | N71: In | O71: = | P71: =O53 -> 1 | R71: A
B72: CT Safety Factor | N72: n | O72: = | P72: 10
B73: Safety Factor among all connected devices Fs (min) | O73: = | P73: 20 | R73: ** | S73: Assumed
C75: Minimum Safety Factor among all connected devices | Q75: Fs(min) | R75: = | S75: =S32 -> 20 | V75: **
C77: Total connected burden on CT | I77: = | J77: Connected devices burden | P77: + | Q77: Lead Burden
I78: = | J78: =J66 -> 0.70675935
H80: Effective Safety Factor of CT, FS' | I80: = | J80: FS | K80: x ( ( | L80: PE | M80: + | N80: PN | O80: ) / ( | P80: PE | Q80: + | R80: PL | S80: )
I81: = | J81: =J56 -> 5 | K81: x ( ( | L81: =P65 -> 5 | M81: + | N81: =J57 -> 7.5 | O81: ) / ( | P81: =P65 -> 5 | Q81: + | R81: =J66 -> 0.70675935 | S81: )
I82: = | J82: =J81*((L81+N81)/(P81+R81)) -> 10.951925
A84: CT is considered to be properly sized if following conditions are satisfied…
B85: 1 | H85: Rated CT Burden | I85: > | J85: Total Connected Burden | S85: …cond.1
G86: =J57 -> 7.5 | I86: =IF(G86>J86,">","<") -> > | J86: =J78 -> 0.70675935 | S86: =IF(G86>J86,"Satisfied","Not satisfied") -> Satisfied
B88: 2 | H88: FS(min) of connected devices | I88: > | J88: Effective Safety Factor of CT, FS' | S88: …cond.2
G89: =P73 -> 20 | I89: =IF(G89>J89,">","<") -> > | J89: =J82 -> 10.951925 | S89: =IF(G89>J89,"Satisfied","Not satisfied") -> Satisfied
H90: Hence CT is: | J90: =IF(AND(I86=">",I89=">")=TRUE,"Suitable Dimensions","Not suitable") -> Suitable Dimensions
B95: =B50 -> T1 | D95: =D50 -> Core5 | H95: =H50 -> (Tariff Meter- Check)
B96: =B51 -> 0
H97: Tap-1 | J97: Tap-2 | L97: Tap-3
B98: CT Ratio: | H98: =H53 -> 3150 | J98: =J53 -> 2000 | L98: =L53 -> - | N98: / | O98: =O53 -> 1 | P98: A
B99: Class of Accuracy: | L99: =J54 -> 0.2sFS5
B100: CT Resistance: | K100: Rct< | L100: - | N100: W
B101: Factor of Safety | K101: FS | L101: - | W101: =J130 -> #VALUE!
B102: Rated Burden | K102: PN | L102: - | N102: VA
A104: Other Burdens on same CT core:
B106: Burden of | D106: =D61 -> XC-RACK | I106: = | J106: =J61 -> 0.008 | L106: VA | N106: CT internal Burden
B107: Burden of | D107: =D62 -> GOSSEN | I107: = | J107: =J62 -> 0.25 | L107: VA
B108: Burden of | D108: =D63 -> 0 | I108: = | J108: =J63 -> 0 | L108: VA | N108: PE | O108: = | P108: In | Q108: x | R108: In | S108: x | T108: Rct
B109: Burden of | D109: =T10 -> 0 | I109: = | J109: =J64 -> 0 | L109: VA | O109: = | P109: =O98 -> 1 | Q109: x | R109: =O98 -> 1 | S109: x | T109: =L100 -> -
B110: Total lead burden | I110: = | J110: =J65 -> 0.44875935 | L110: VA | O110: = | P110: =P109*R109*T109 -> #VALUE! | R110: VA
B111: Total lead + other burden | H111: PL | I111: = | J111: =J66 -> 0.70675935 | L111: VA
C113: Minimum Safety Factor among all connected devices | Q113: Fs(min) | R113: = | S113: =S75 -> 20
C115: Total connected burden on CT | I115: = | J115: CT Int. Burden | M115: + | N115: Connected Burden
I116: = | J116: =P110 -> #VALUE! | L116: + | M116: =J111 -> 0.70675935
I117: = | J117: =J116+M116 -> #VALUE!
H119: Effective Safety Factor of CT, FS' | I119: = | J119: FS | K119: x ( ( | L119: PE | M119: + | N119: PN | O119: ) / ( | P119: PE | Q119: + | R119: PL | S119: )
I120: = | J120: =L101 -> - | K120: x ( ( | L120: =P110 -> #VALUE! | M120: + | N120: =L102 -> - | O120: ) / ( | P120: =P110 -> #VALUE! | Q120: + | R120: =J111 -> 0.70675935 | S120: )
I121: = | J121: =J120*((L120+N120)/(P120+R120)) -> #VALUE!
A123: CT is considered to be properly sized if following conditions are satisfied…
B124: 1 | H124: Rated CT Burden | I124: > | J124: Total Connected Burden | S124: …cond.1
G125: =L102 -> - | I125: =IF(G125>J125,">","<") -> #VALUE! | J125: =J117 -> #VALUE! | S125: =IF(G125>J125,"Satisfied","Not satisfied") -> #VALUE!
B127: 2 | H127: FS(min) of connected devices | I127: > | J127: Effective Safety Factor of CT, FS' | S127: …cond.2
G128: =S113 -> 20 | I128: =IF(G128>J128,">","<") -> #VALUE! | J128: =J121 -> #VALUE! | S128: =IF(G128>J128,"Satisfied","Not satisfied") -> #VALUE!
H130: Hence CT is: | J130: =IF(AND(I125=">",I128=">")=TRUE,"Suitably Dimentioned","Not suitable") -> #VALUE!
V137: ABB
...

Sheet 7UT635-X
A1: =[5]Title!A1 | H1: =[5]Title!H1 -> CT / VT | O1: =[5]Title!O1 -> Contract No. | R1: =[5]Title!R1 -> N-16682
H2: =[5]Title!H2 -> CALCULATION | O2: =[5]Title!O2 -> Date | R2: =[5]Title!R2 -> 45276
A3: =[5]Title!A3 -> HITACHI ENERGY - GRID AUTOMATION | H3: =Title!H3 -> LT14 - LEWIS 400/132kV SUBSTATION | O3: =[5]Title!O3 -> Document No. | R3: =[5]Title!R3 -> N16682-CB-0070-J-7901
O4: =[5]Title!O4 -> Revision No. | R4: =[5]Title!R4 -> A
A5: =[5]Title!A5 -> Prep. By | C5: =[5]Title!C5 -> PK | D5: =[5]Title!D5 -> Checked By | G5: =[5]Title!G5 -> RN | H5: 33kV Incomer Transformer Feeder | O5: =[5]Title!O5 -> Contractor | R5: =[5]Title!R5 -> HITACHI ENERGY
B7: T1 | D7: Core2 | H7: (Transformer Differential) | S7: Connected devices: | T7: 7UT85
H9: Tap-1 | J9: Tap-2 | L9: Tap-3
B10: CT Ratio: | H10: 2500 | J10: - | L10: - | N10: / | O10: 1 | P10: A
B11: Class of Accuracy: | H11: PX
B12: CT Resistance: | G12: Rct< | H12: 10 | J12: W
B13: Knee Point Voltage: | G13: Vk> | H13: 400 | J13: V | W13: Highest Vk required = | AB13: =D60 -> 84.4
B14: Magnetizing Current: | G14: I0< | H14: 50 | J14: mA at Vk
A16: Other Burdens on same CT core:
B18: Burden of | D18: =T7 -> 7UT85 | H18: Sr' | I18: = | J18: ='CT-VT Burdens'!Q63 -> 0.1 | L18: VA
B19: Burden of | D19: =T8 -> 0 | I19: = | L19: VA
B20: Burden of | D20: =T9 -> 0 | I20: = | L20: VA
B21: Total lead burden | H21: Sl' | I21: = | J21: ='CT-VT Burdens'!S22 -> 0.44875935 | L21: VA
B22: Total lead + other burden | H22: Sl | I22: = | J22: =J19+J21 -> 0.44875935 | L22: VA
B24: Resisitance of the relay: | M24: Lead + Other resisitance connected
B25: Rr | C25: = | D25: Sr' | E25: / ( | F25: Ir | G25: x | H25: Ir | I25: ) | M25: Rl | N25: = | O25: Sl | P25: / ( | Q25: Isn | R25: x | S25: Isn | T25: )
C26: = | D26: =J18 -> 0.1 | E26: / ( | F26: =S56 -> 1 | G26: x | H26: =S56 -> 1 | I26: ) | N26: = | O26: =J22 -> 0.44875935 | P26: / ( | Q26: =O10 -> 1 | R26: x | S26: =O10 -> 1 | T26: )
C27: = | D27: =D26/(F26*H26) -> 0.1 | F27: W | N27: = | O27: =O26/(Q26*S26) -> 0.44875935 | Q27: W
B29: Hence, Total Burden connected to CT core, Rb' | L29: = | M29: =D27 -> 0.1 | O29: + | P29: =O27 -> 0.44875935 | R29: = | S29: =M29+P29 -> 0.54875935 | U29: W
A30: Power Transformer Data:
B31: Power Rating | N31: = | O31: 100 | Q31: MVA
B32: Percentage Impedance | N32: = | O32: 25 | Q32: %
B33: HV Rated Voltage, | M33: Un1 | N33: = | O33: 33 | Q33: kV
A35: Transformer Full load current | H35: Int | I35: = | J35: MVA | L35: x | M35: 1000 | N35: / | O35: √3 | P35: x | Q35: Un1 | R35: )
I36: = | J36: =O31 -> 100 | L36: x | M36: 1000 | N36: / | O36: √3 | P36: x | Q36: =O33 -> 33 | R36: )
I37: = | J37: =(O31*1000)/(SQRT(3)*O33) -> 1749.5463 | L37: A
A39: The internal fault current shall be 50kA.
A41: Internal Fault Current (LV Side) | N41: = | O41: 50000 | Q41: A
B44: Vk | C44: ³ | G44: 0.4 | H44: x | I44: Isccmax (int. fault) | N44: x ( | O44: Rct | P44: + | Q44: Rbc | R44: ) x | S44: Isr | U44: ---(1)
I45: Ipr
B50: Rated primary current of the current transformer | P50: Ipr | R50: = | S50: =H10 -> 2500 | U50: A
B51: CT Internal Resistance | P51: Rct | R51: = | S51: =H12 -> 10 | U51: W
B52: Burden of CT Leads and burden of relay | P52: Rbc | R52: = | S52: =S29 -> 0.54875935 | U52: W
B53: Rated secondary current of the current transformer | P53: Isn | R53: = | S53: =O10 -> 1 | U53: A
B54: Max fault current at close-in fault | P54: Isccmax (int. fault) | R54: = | S54: =O41 -> 50000 | U54: A
B55: Transformer nominal current | P55: Ino | R55: = | S55: =J37 -> 1749.5463 | U55: A
B56: Relay normal current | P56: Inrelay (Ir) | R56: = | S56: ='[5]CT-VT Burdens'!S18 -> 1 | U56: A
B58: Vk | C58: ³ | G58: =G44 -> 0.4 | H58: x | I58: =O41 -> 50000 | N58: x ( | O58: =S51 -> 10 | P58: + | Q58: =S52 -> 0.54875935 | R58: ) x | S58: =S53 -> 1 | U58: ---(1)
I59: =H10 -> 2500
C60: = | D60: =ROUNDUP(G58*(I58/(I59)*(O58+Q58)*S58),2) -> 84.4 | F60: V
A66: Maximum through Fault Current (LV Side) | M66: Itf | N66: = | O66: Int | Q66: / | R66: =B32 -> Percentage Impedance
N67: = | O67: =J37 -> 1749.5463 | Q67: / | R67: =O32% -> 0.25
M68: Itf | N68: = | O68: =O67/R67 -> 6998.1851 | Q68: A
B70: Vk | C70: ³ | G70: 1.6 | H70: x | I70: Isccmax (Ext. fault) | N70: x ( | O70: Rct | P70: + | Q70: Rbc | R70: ) x | S70: Isr | U70: ---(2)
I71: Ipr
B73: Rated primary current of the current transformer | P73: Ipr | R73: = | S73: =H10 -> 2500 | U73: A
B74: CT Internal Resistance | P74: Rct | R74: = | S74: =H12 -> 10 | U74: W
B75: Burden of CT Leads and burden of relay | P75: Rbc | R75: = | S75: =S29 -> 0.54875935 | U75: W
B76: Rated secondary current of the current transformer | P76: Isn | R76: = | S76: =O10 -> 1 | U76: A
B77: Max fault current at close-in fault | P77: Isccmax (Ext. fault) | R77: = | S77: =O68 -> 6998.1851 | U77: A
B78: Transformer nominal current | P78: Ino | R78: = | S78: =J37 -> 1749.5463 | U78: A
B79: Relay normal current | P79: Inrelay (Ir) | R79: = | S79: =O10 -> 1 | U79: A
B81: Vk | C81: ³ | G81: =G70 -> 1.6 | H81: x | I81: =O68 -> 6998.1851 | N81: x ( | O81: =S74 -> 10 | P81: + | Q81: =S75 -> 0.54875935 | R81: ) x | S81: =S76 -> 1 | U81: ---(2)
I82: =H10 -> 2500
C83: = | D83: =ROUNDUP(G81*(I81/(I82)*(O81+Q81)*S81),2) -> 47.25 | F83: V
A85: At least | U85: ---(3)
E86: Vk | F86: ³ | G86: 20 | H86: x | I86: Isr | J86: x ( | K86: Rct | L86: + | M86: Rbc | N86: )
B87: CT Internal Resistance | P87: Rct | R87: = | S87: =H12 -> 10 | U87: W
B88: Burden of CT Leads and burden of relay | P88: Rbc | R88: = | S88: =S29 -> 0.54875935 | U88: W
B89: Rated secondary current of the current transformer | P89: Isr | R89: = | S89: 1 | U89: A
E91: Vk | F91: ³ | G91: =G86 -> 20 | H91: =H86 -> x | I91: =S89 -> 1 | J91: x ( | K91: =S87 -> 10 | L91: + | M91: =S88 -> 0.54875935 | N91: =N86 -> )
F93: = | G93: =ROUNDUP(G91*I91*(K91+M91),2) -> 210.98
D96: KPV as per Hitachi recommendation | L96: Vk | M96: ≥ | N96: =CONCATENATE(Y96,X96,D60,Z96,D83,Z96,G93,AA96) -> max(84.4,47.25,210.98) | X96: ( | Y96: max | Z96: , | AA96: )
L97: Vk | M97: ≥ | N97: =MAX(D83,D60,G93) -> 210.98
L98: =H13 -> 400 | M98: ≥ | N98: =N97 -> 210.98
F100: Hence CT is: | H100: =IF(L98>N98,"Suitably Dimensioned","Under Dimensioned") -> Suitably Dimensioned
V101: ABB
B103: =B7 -> T1 | D103: =D7 -> Core2 | F103: HV side | H103: =H7 -> (Transformer Differential) | S103: Connected devices: | T103: =T7 -> 7UT85
B104: =B8 -> 0 | T104: =T8 -> 0
H105: Tap-1 | J105: Tap-2 | L105: Tap-3 | T105: =T9 -> 0
B106: CT Ratio: | H106: =H10 -> 2500 | J106: =J10 -> - | L106: =L10 -> - | N106: / | O106: =O10 -> 1 | P106: A
B107: Class of Accuracy: | J107: =H11 -> PX
B108: CT Resistance: | I108: Rct< | J108: 5 | L108: W
B109: Knee Point Voltage: | I109: Vk> | J109: 300 | L109: V | W109: Highest Vk required = | AB109: =D164 -> #VALUE!
B110: Magnetizing Current: | I110: I0< | J110: 40 | L110: mA at Vk
A112: Other Burdens on same CT core:
B114: Burden of | D114: =T103 -> 7UT85 | H114: Sr' | I114: = | J114: =J18 -> 0.1 | L114: VA
B115: Burden of | D115: =T104 -> 0 | I115: = | J115: =J19 -> 0 | L115: VA
B116: Burden of | D116: =T105 -> 0 | I116: = | J116: =J20 -> 0 | L116: VA
B117: Total lead burden | H117: Sl' | I117: = | J117: =J21 -> 0.44875935 | L117: VA
B118: Total lead + other burden | H118: Sl | I118: = | J118: =J115+J117 -> 0.44875935 | L118: VA
B120: Resisitance of the relay: | M120: Lead + Other resisitance connected
B121: Rr | C121: = | D121: Sr' | E121: / ( | F121: Ir | G121: x | H121: Ir | I121: ) | M121: Rl | N121: = | O121: Sl | P121: / ( | Q121: Isn | R121: x | S121: Isn | T121: )
C122: = | D122: =J114 -> 0.1 | E122: / ( | F122: =F26 -> 1 | G122: x | H122: =H26 -> 1 | I122: ) | N122: = | O122: =J118 -> 0.44875935 | P122: / ( | Q122: =O106 -> 1 | R122: x | S122: =O106 -> 1 | T122: )
C123: = | D123: =D122/(F122*H122) -> 0.1 | F123: W | N123: = | O123: =O122/(Q122*S122) -> 0.44875935 | Q123: W
B125: Hence, Total Burden connected to CT core, Rb' | L125: = | M125: =D123 -> 0.1 | O125: + | P125: =O123 -> 0.44875935 | R125: = | S125: =M125+P125 -> 0.54875935 | U125: W
A126: Power Transformer Data:
B127: Power Rating | N127: = | O127: =O31 -> 100 | Q127: MVA
B128: Percentage Impedance | N128: = | O128: =O32 -> 25 | Q128: %
B129: HV Rated Voltage, | M129: Un1 | N129: = | O129: =O33 -> 33 | Q129: kV
A131: Transformer Full load current | H131: Int | I131: = | J131: MVA | L131: x | M131: 1000 | N131: / | O131: √3 | P131: x | Q131: Un1 | R131: )
I132: = | J132: =O127 -> 100 | L132: x | M132: 1000 | N132: / | O132: √3 | P132: x | Q132: =O129 -> 33 | R132: )
I133: = | J133: =(O127*1000)/(SQRT(3)*O129) -> 1749.5463 | L133: A
A135: According to Clause 5.2 of ESI 48-3, the maximum through fault current shall be 16 times of the rated fault current.
A137: Maximum through Fault Current (HV Side) | M137: Itf | N137: = | O137: Int | Q137: x | R137: 16
N138: = | O138: =+J133 -> 1749.5463 | Q138: x | R138: 16
...

Sheet OC+BCPU+FMS-X (2)
A1: HITACHI | H1: =Title!H1 -> CT / VT | O1: =Title!O1 -> Contract No. | R1: =Title!R1 -> N-19957.1-DF5W
H2: =Title!H2 -> ADEQUACY CHECK | O2: =Title!O2 -> Date | R2: =Title!R2 -> 46106
H3: =Title!H3 -> LT14 - LEWIS 400/132kV SUBSTATION | O3: =Title!O3 -> Document No. | R3: =Title!R3 -> -
O4: =Title!O4 -> Revision No. | R4: =Title!R4 -> A
A5: =Title!A5 -> Prep. By | C5: =Title!C5 -> AP | D5: =Title!D5 -> Checked By | G5: =Title!G5 -> RB | H5: 33kV Incomer Transformer Feeder | O5: =Title!O5 -> Contractor | R5: =Title!R5 -> HITACHI
B7: T1 | D7: Core3 | H7: (OC+BCPU+FMS) | S7: Connected devices: | T7: REC670
T8: REF615
H9: Tap-1 | J9: Tap-2 | L9: Tap-3 | T9: FMS
B10: CT Ratio: | H10: 2500 | J10: - | L10: - | N10: / | O10: 1 | P10: A
B11: Class of Accuracy: | H11: PX
B12: CT Resistance: | G12: Rct< | H12: 10 | J12: W
B13: Knee Point Voltage: | G13: Vk> | H13: 325 | J13: V | W13: =#REF! -> #REF!
B14: Magnetizing Current: | G14: I0< | H14: 50 | J14: mA at Vk
A16: Other Burdens on same CT core:
B18: Burden of | D18: =T7 -> REC670 | I18: = | J18: ='CT-VT Burdens'!Q48 -> 0.02 | L18: VA | N18: CT internal Burden
B19: Burden of | D19: =T8 -> REF615 | I19: = | J19: ='CT-VT Burdens'!Q55 -> 0.02 | L19: VA | N19: PE | O19: = | P19: In | Q19: x | R19: In | S19: x | T19: Rct
B20: Burden of | D20: =T9 -> FMS | I20: = | J20: ='CT-VT Burdens'!Q92 -> 0.058 | L20: VA | O20: = | P20: =O10 -> 1 | Q20: x | R20: =O10 -> 1 | S20: x | T20: =H12 -> 10
B21: Total lead burden | I21: = | J21: ='CT-VT Burdens'!S22 -> 0.44875935 | L21: VA | O21: = | P21: =P20*R20*T20 -> 10 | R21: VA
B22: Total lead + other burden | H22: PL | I22: = | J22: =SUM(J18:J21) -> 0.54675935 | L22: VA
B24: Non-directional instantaneous and definitive time, phase and residual overcurrent protection
B25: Ealreq = | E25: 1.5 | F25: x | G25: Iop | H25: Isr | J25: x | K25: ( | L25: Rct | M25: + | N25: Rl | O25: + | P25: Sr | S25: ) | T25: ---(1)
H26: Ipr | P26: Ir | Q26: x | R26: Ir
C28: 6 times rated primary current concidered | R28: = | S28: 6
C29: The primary operate value (A) | Q29: Iop | R29: = | S29: =S28*S30 -> 15000 | U29: A
C30: The rated primary CT current (A) | Q30: Ipr | R30: = | S30: =H10 -> 2500 | U30: A
C31: The rated secondary CT current (A) | Q31: Isr | R31: = | S31: =O10 -> 1 | U31: A
C32: The rated current of the protection IED (A) | Q32: Ir | R32: = | S32: =O10 -> 1 | U32: A
C33: The secondary resistance of the CT (ohm) | Q33: Rct | R33: = | S33: =H12 -> 10 | U33: ohm
C34: The resistance of the secondary cable and additional load (ohm). | Q34: RL | R34: = | S34: =J22 -> 0.54675935 | U34: ohm
C35: The burden of an IED current input channel (VA) | Q35: SR | R35: = | S35: =J18 -> 0.02 | U35: VA
B37: Ealreq = | D37: 1.5 | E37: x | F37: =S29 -> 15000 | H37: x | I37: =S31 -> 1 | K37: x | L37: ( | M37: =S33 -> 10 | N37: + | O37: =S34 -> 0.54675935 | P37: + | Q37: =S35 -> 0.02 | T37: )
I38: =S30 -> 2500 | Q38: =S32 -> 1 | R38: x | S38: =S32 -> 1
C40: = | D40: =ROUNDUP(D37*F37*(I37/I38)*(M37+O37+(Q37/(Q38*S38))),2) -> 95.11 | F40: V
B49: Non-directional inverse time delayed phase and residual overcurrentprotection
B51: Ealreq = | E51: 20 | F51: x | G51: Iop | H51: Isr | J51: x | K51: ( | L51: Rct | M51: + | N51: Rl | O51: + | P51: Sr | S51: ) | T51: ---(1)
H52: Ipr | P52: Ir | Q52: x | R52: Ir
C54: 1.2 times rated primary current concidered | R54: = | S54: 1.2
C55: The primary operate value (A) | Q55: Iop | R55: = | S55: =S54*S56 -> 3000 | U55: A
C56: The rated primary CT current (A) | Q56: Ipr | R56: = | S56: =H10 -> 2500 | U56: A
C57: The rated secondary CT current (A) | Q57: Isr | R57: = | S57: =O10 -> 1 | U57: A
C58: The rated current of the protection IED (A) | Q58: Ir | R58: = | S58: =S32 -> 1 | U58: A
C59: The secondary resistance of the CT (ohm) | Q59: Rct | R59: = | S59: =H12 -> 10 | U59: ohm
C60: The resistance of the secondary cable and additional load (ohm). | Q60: RL | R60: = | S60: =J22 -> 0.54675935 | U60: ohm
C61: The burden of an IED current input channel (VA) | Q61: SR | R61: = | S61: =J18 -> 0.02 | U61: VA
B63: Ealreq = | D63: =E51 -> 20 | E63: x | F63: =S55 -> 3000 | H63: x | I63: =S57 -> 1 | K63: x | L63: ( | M63: =S59 -> 10 | N63: + | O63: =S60 -> 0.54675935 | P63: + | Q63: =S61 -> 0.02 | T63: )
I64: =S56 -> 2500 | Q64: =S58 -> 1 | R64: x | S64: =S58 -> 1
C66: = | D66: =ROUNDUP(D63*F63*(I63/I64)*(M63+O63+(Q63/(Q64*S64))),2) -> 253.61 | F66: V
D68: KPV as per Hitachi recommendation | L68: Eal | M68: ≥ | N68: =CONCATENATE(Y68,X68,D40,Z68,D66,AA68) -> max(95.11,253.61) | X68: ( | Y68: max | Z68: , | AA68: )
L69: Eal | M69: ≥ | N69: =MAX(D66,D40) -> 253.61
L70: =H13 -> 325 | M70: ≥ | N70: =N69 -> 253.61
F72: Hence CT is: | H72: =IF(L70>N70,"Suitably Dimensioned","Under Dimensioned") -> Suitably Dimensioned
V103: ABB
B105: =B7 -> T1 | D105: =D7 -> Core3 | H105: =H7 -> (OC+BCPU+FMS) | S105: Connected devices: | T105: =T7 -> REC670
T106: =T8 -> REF615
H107: Tap-1 | J107: Tap-2 | L107: Tap-3 | T107: =T9 -> FMS
B108: CT Ratio: | H108: =H10 -> 2500 | J108: =J10 -> - | L108: =L10 -> - | N108: / | O108: =O10 -> 1 | P108: A
B109: Class of Accuracy: | J109: =H11 -> PX
B110: CT Resistance: | I110: Rct< | J110: 12 | L110: W
B111: Knee Point Voltage: | I111: Vk> | J111: 1200 | L111: V | W111: =G159 -> #VALUE!
B112: Magnetizing Current: | I112: I0< | J112: 50 | L112: mA at Vk
A114: Other Burdens on same CT core:
B116: Burden of | D116: =T105 -> REC670 | I116: = | J116: =J18 -> 0.02 | L116: VA | N116: CT internal Burden
B117: Burden of | D117: =T106 -> REF615 | I117: = | J117: =J19 -> 0.02 | L117: VA | N117: PE | O117: = | P117: In | Q117: x | R117: In | S117: x | T117: Rct
B118: Burden of | D118: =T107 -> FMS | I118: = | J118: =J20 -> 0.058 | L118: VA | O118: = | P118: =O108 -> 1 | Q118: x | R118: =O108 -> 1 | S118: x | T118: =J110 -> 12
B119: Total lead burden | I119: = | J119: =J21 -> 0.44875935 | L119: VA | O119: = | P119: =P118*R118*T118 -> 12 | R119: VA
B120: Total lead + other burden | H120: PL | I120: = | J120: =SUM(J116:J119) -> 0.54675935 | L120: VA
A122: The design values according to BS can be approximately transferred in to IEC60044 Standard using the following formula:
C125: Vk | D125: = | E125: ( ( | F125: PN | G125: + | H125: PE | I125: ) x | J125: n | K125: ) / ( | L125: In | M125: x | N125: 1.3 | O125: )
A126: Or
C127: PN | D127: = | E127: ( ( | F127: 1.3 | G127: x | H127: Vk | J127: x | K127: In | L127: ) / | M127: n | N127: ) - | O127: PE
C129: Max through fault current at close in fault | Q129: Itkmax | R129: = | S129: =S29 -> 15000 | U129: A
C130: CT Primary Current, | Q130: Ipn | R130: = | S130: =J108 -> - | U130: A
C131: Rated Knee Point Voltage, | Q131: Vk | R131: = | S131: =J111 -> 1200 | U131: V
C132: Internal Burden, | Q132: PE | R132: = | S132: =P119 -> 12 | U132: VA
C133: Burden of CT Leads and burden of connected devices | Q133: PL | R133: = | S133: =J120 -> 0.54675935 | U133: VA
C134: Rated Secondary Current, | Q134: In | R134: = | S134: =O108 -> 1 | U134: A
C135: CT Accuracy Limiting Factor | Q135: n | R135: = | S135: 20
C136: CT Burden | Q136: PN
C138: PN | D138: = | E138: ( ( | F138: 1.3 | G138: x | H138: Vk | J138: x | K138: In | L138: ) / | M138: n | N138: ) - | O138: PE
C139: PN | D139: = | E139: ( ( | F139: 1.3 | G139: x | H139: =S131 -> 1200 | J139: x | K139: =S134 -> 1 | L139: ) / | M139: =S135 -> 20 | N139: ) - | O139: =S132 -> 12
D140: = | E140: =((F139*H139*K139)/M139)-O139 -> 66 | G140: VA
V147: ABB
E149: Required Kssc' | F149: = | G149: Itkmax | I149: / | J149: Ipn
F150: = | G150: =S129 -> 15000 | I150: / | J150: =S130 -> -
F151: = | G151: =G150/J150 -> #VALUE!
E153: Available (effective) Kssc' | F153: = | G153: n | H153: x ( ( | I153: PE | J153: + | K153: PN | L153: ) / ( | M153: PE | N153: + | O153: PL | P153: )
F154: = | G154: =S135 -> 20 | H154: x ( ( | I154: =S132 -> 12 | J154: + | K154: =E140 -> 66 | L154: ) / ( | M154: =S132 -> 12 | N154: + | O154: =S133 -> 0.54675935 | P154: )
F155: = | G155: =G154*((I154+K154)/(M154+O154)) -> 124.33489
E157: Available Kssc' | F157: =IF(D158>G158,">","<") -> #VALUE! | G157: Required Kssc'
D158: =G155 -> 124.33489 | F158: =F157 -> #VALUE! | G158: =G151 -> #VALUE!
E159: Hence CT is: | G159: =IF(F157=">","Suitably Dimentioned","Under Dimentioned") -> #VALUE!
V191: ABB
B193: =B105 -> T1 | D193: =D105 -> Core3 | H193: =H105 -> (OC+BCPU+FMS) | S193: Connected devices: | T193: =T105 -> REC670
T194: =T106 -> REF615
H195: Tap-1 | J195: Tap-2 | L195: Tap-3 | T195: =T107 -> FMS
B196: CT Ratio: | H196: =H108 -> 2500 | J196: =J108 -> - | L196: =L108 -> - | N196: / | O196: =O108 -> 1 | P196: A
B197: Class of Accuracy: | L197: =J109 -> PX
B198: CT Resistance: | K198: Rct< | L198: 8 | N198: W
B199: Knee Point Voltage: | K199: Vk> | L199: 800 | N199: V | W199: =G247 -> #VALUE!
B200: Magnetizing Current: | K200: I0< | L200: 75 | N200: mA at Vk
...

Sheet Main Tariff Meter 
A1: HITACHI | H1: =Title!H1 -> CT / VT | O1: =Title!O1 -> Contract No. | R1: =Title!R1 -> N-19957.1-DF5W
H2: =Title!H2 -> ADEQUACY CHECK | O2: =Title!O2 -> Date | R2: =Title!R2 -> 46106
H3: =Title!H3 -> LT14 - LEWIS 400/132kV SUBSTATION | O3: =Title!O3 -> Document No. | R3: =Title!R3 -> -
O4: =Title!O4 -> Revision No. | R4: =Title!R4 -> A
A5: =Title!A5 -> Prep. By | C5: =Title!C5 -> AP | D5: =Title!D5 -> Checked By | G5: =Title!G5 -> RB | H5: 33kV Incomer Transformer Feeder | O5: =Title!O5 -> Contractor | R5: =Title!R5 -> HITACHI
B7: T1 | D7: Core4 | H7: (Main Tariff Meter) | S7: Connected devices: | T7: EMH
H9: Tap-1 | J9: Tap-2 | L9: Tap-3
B10: CT Ratio: | H10: 2500 | J10: - | L10: - | N10: / | O10: 1 | P10: A
B11: Class of Accuracy: | H11: 0.2FS5
B12: CT Resistance: | G12: Rct< | H12: 10 | J12: W
B13: Factor of Safety | G13: FS | H13: 5 | W13: =J47 -> Suitable Dimensions
B14: Rated Burden | G14: PN | H14: 10
A16: Other Burdens on same CT core:
B18: Burden of | D18: =T7 -> EMH | I18: = | J18: ='CT-VT Burdens'!Q85 -> 0.008 | L18: VA | N18: CT internal Burden | AC18: rec670 | AE18: 100A for 1 S
B19: Burden of | D19: =T8 -> 0 | I19: = | L19: VA
B20: Burden of | D20: =T9 -> 0 | I20: = | L20: VA | N20: PE | O20: = | P20: In | Q20: x | R20: In | S20: x | T20: Rct
B21: Burden of | D21: =T10 -> 0 | I21: = | L21: VA | O21: = | P21: =O10 -> 1 | Q21: x | R21: =O10 -> 1 | S21: x | T21: =H12 -> 10
B22: Total lead burden | I22: = | J22: ='CT-VT Burdens'!S22 -> 0.44875935 | L22: VA | O22: = | P22: =P21*R21*T21 -> 10 | R22: VA
