Workbook
Name ____________DAD11: #REF!
Name __________DAD11: #REF!
Name _________DAD11: #REF!
Name _________DAD11: #REF!
Name _________DAD11: #REF!
Name _________DAD11: #REF!
Name _________DAD11: #REF!
Name _________DAD11: #REF!
Name _________DAD11: #REF!
Name _________DAD11: #REF!
Name _________DAD11: #REF!
Name _________DAD11: #REF!
Name _________DAD11: #REF!
Name _________DAD11: #REF!
Name _________DAD11: #REF!
Name _________DAD11: #REF!
Name ________DAD11: #REF!
Name _______DAD11: #REF!
Name ______DAD11: #REF!
Name _____DAD11: #REF!
Name ____DAD11: #REF!
Name ___DAD11: #REF!
Name ___DAD11: #REF!
Name ___DAD11: #REF!
Name ___DAD11: #REF!
Name ___DAD11: #REF!
Name __DAD11: #REF!
Name _DAD11: #REF!
Name a: #REF!
Name a: #REF!
Name a: #REF!
Name a: #REF!
Name a: #REF!
Name a: #REF!
Name a: #REF!
Name a: #REF!
Name a: #REF!
Name a: #REF!
Name a: #REF!
Name a: #REF!
Name a: #REF!
Name a: #REF!
Name a: #REF!
Name a: #REF!
Name a: #REF!
Name a: #REF!
Name a: #REF!
Name a: #REF!
Name a: #REF!
Name AA: #REF!
Name AA: #REF!
Name AA: #REF!
Name AA: #REF!
Name AA: #REF!
Name AA: #REF!
Name AA: #REF!
Name AA: #REF!
Name AA: #REF!
Name AA: #REF!
Name AA: #REF!

Sheet Title
A1: HITACHI | H1: CT / VT | O1: Contract No. | R1: N-19957.2-DF4W
H2: ADEQUACY CHECK | O2: Date | R2: 46134
H3: 132/33kV SUBSTATION DF4W AT AL DHAFRA AREA | O3: Document No. | R3: -
O4: Revision No. | R4: A
A5: Prep. By | C5: AP | D5: Checked By | G5: RB | H5: Title Sheet | O5: Contractor | R5: HITACHI
E17: =H3 -> 132/33kV SUBSTATION DF4W AT AL DHAFRA AREA
E20: CT/VT ADEQUACY CHECK
L22: CT & VT CALCULATIONS
M34: Hitachi
M35: Substation Automation Systems
M37: Date: | P37: =R2 -> 46134
M38: Prepared by: | P38: Arulprakasam K
M39: Checked by: | P39: Ramesh Babu
M40: Approved by: | P40: Rudresh N

Sheet INDEX
A1: =Title!A1 -> HITACHI | H1: =Title!H1 -> CT / VT | O1: =Title!O1 -> Contract No. | R1: =Title!R1 -> N-19957.2-DF4W
H2: =Title!H2 -> ADEQUACY CHECK | O2: =Title!O2 -> Date | R2: =Title!R2 -> 46134
H3: =Title!H3 -> 132/33kV SUBSTATION DF4W AT AL DHAFRA AREA | O3: =Title!O3 -> Document No. | R3: =Title!R3 -> -
O4: =Title!O4 -> Revision No. | R4: =Title!R4 -> A
A5: =Title!A5 -> Prep. By | C5: =Title!C5 -> AP | D5: =Title!D5 -> Checked By | G5: =Title!G5 -> RB | H5: Index | O5: =Title!O5 -> Contractor | R5: =Title!R5 -> HITACHI
C8: INDEX
R10: Pg:No
C11: 1 | D11: NOTES | N11: Page 4 of 25 | R11: 3
C12: 2 | D12: SUMMARY SHEET | N12: Page 5 of 25 | R12: 4 | Y12: CT / VT Data Summary
C13: 3 | D13: CT/VT BURDEN DETAILS | Q13: - | R13: 11
C14: 4 | D14: CT ADEQUACY CHECK | R14: 14
C15: 5 | D15: PARAMETERS AND FAULT CALCULATIONS | Q15: - | R15: 15 | Y15: Parameters & Fault Calculations
C16: 6 | D16: 132KV CABLE FEEDERS | R16: 19
C17: 7 | D17: 132kV_100MVA TR. FEEDERS | R17: 47
D18: 132kV_100MVA TR. FEEDERS
C19: 8 | D19: 132kV_CAPACITOR BANK
C20: 9 | D20: 132kV BUS COUPLER | R20: 118
C21: 10 | D21: 132kV BUS SECTION | R21: 127
C22: 11 | D22: VT ADEQUACY CHECK | R22: 136
C23: 12 | D23: 132KV CABLE FEEDER VT | R23: 137
C24: 13 | D24: 132kV BUS VT
AD31: Supporting Documents
C32: ANNEXURE-A | G32: Over All SLD | R32: 141 | AD32: Annexure- A | AG32: Relays Burden
C33: ANNEXURE-B | G33: Input requirements list | R33: 144 | AD33: Annexure- B | AG33: CT requirements of RET670
C34: ANNEXURE-C | G34: CT requirements of RED670 | R34: 150 | AD34: Annexure- C | AG34: CT requirements of RET615
C35: ANNEXURE-D | G35: CT requirements of REF615 | R35: 160 | AD35: Annexure- D | AG35: CT requirements of REF615
C36: ANNEXURE-E | G36: CT requirements of REC670 | R36: 170 | AD36: Annexure- E | AG36: ESI Standard 48-3
C37: ANNEXURE-F | G37: CT requirements of REB500 | R37: 174
C38: ANNEXURE-G | G38: CT requirements of P545 | R38: 127 | AD38: Annexure- E | AG38: ESI Standard 48-3
C39: ANNEXURE-H | G39: CT requirements of 7SL86 | R39: 249 | AD39: Annexure- F | AG39: 220kV SS-516 SLD
C40: ANNEXURE-I | G40: CT requirements of SEL487E | R40: 255
C41: ANNEXURE-H | G41: CT requirements of IDM+X | R41: 137
C42: ANNEXURE-G | G42: CT requirements of RET670 | R42: 178
C43: ANNEXURE-H | G43: CT requirements of 7SL86 | R43: 188
C44: ANNEXURE-I | G44: CT requirements of 7UT85 | R44: 200
C45: ANNEXURE-J | G45: CT requirements of 6MD85 | R45: 217
C46: ANNEXURE-K | G46: CT requirements of CP-L96A | R46: 221

Sheet Notes Or Assumptions
A1: HITACHI | H1: =Title!H1 -> CT / VT | O1: =Title!O1 -> Contract No. | R1: =Title!R1 -> N-19957.2-DF4W
H2: =Title!H2 -> ADEQUACY CHECK | O2: =Title!O2 -> Date | R2: =Title!R2 -> 46134
H3: =Title!H3 -> 132/33kV SUBSTATION DF4W AT AL DHAFRA AREA | O3: =Title!O3 -> Document No. | R3: =Title!R3 -> -
O4: =Title!O4 -> Revision No. | R4: =Title!R4 -> A
A5: =Title!A5 -> Prep. By | C5: =Title!C5 -> AP | D5: =Title!D5 -> Checked By | G5: =Title!G5 -> RB | H5: Notes | O5: =Title!O5 -> Contractor | R5: =Title!R5 -> HITACHI
C8: Notes
B10: 1 | C10: The maximum CT lead length from the SWGR CT secondary terminal to relay terminals are considered as 160m
B12: 2 | C12: Size of the CT lead considered as 6 Sq. mm for calculation | Z12: 165m Lead Resistance of the current loop from the 33kV Incomer SWGR to 220kV Transformer Protection Panel.
B13: 3 | C13: The maximum VT lead length from the VT secondary terminal to relay terminals are considered as 160m
B14: 4 | C14: Size of the VT lead considered as 2.5 Sq. mm for calculation
B15: 5 | C15: Bus fault level is considered as 50 kA/3s for 132kV
B16: 6 | C16: X/R ratio is considered as 15 for 132kV system.
G54: Notes
G55: 1. CT Adequacy Check calculation of Remote End Cable Feeders are part of different submission
G56: 2. The CT sizing calculation is done for two type of relays RED670 and 7SD522 for cable feeders
G57: 3. Class X type CTs are proposed against that of Class TPS type CTs as per SOW
H63: Note:
G64: 1 | H64: This Calculation is Applicable for all the three S/S
G65: 2
H66: MV Max. Bus fault level/Switchgear Rating is assumed as 31.5kA as per Specification S-AAA-GEN-SFL (REV.0-2011) clause 3
H67: MV X/R Ratio is assumed as 15
H68: LV Max. Bus fault level/Switchgear Rating is assumed as 25kA as per Specification S-AAA-GEN-SFL (REV.0-2011) clause 3
H69: LV X/R Ratio is assumed as 15
H70: Power Cable Type is assumed as CU XLPE type .
H71: Positive Sequence Resistance, Positive Sequence Reactance , Zero Sequence Resistance and Zero Sequence Reactance of the power cable are assumed
H72: Route Length of the power cable is assumed as 5km
H73: Minimum 33kV Busbar Fault Current is Assumed as 20kA
H74: 33/11kV Transformer Impedance is Assumed to be 12%

Sheet CT-VT Data landscape
A1: HITACHI | H1: =Title!H1&" "&Title!H2 -> CT / VT ADEQUACY CHECK | T1: =Title!O1 -> Contract No. | W1: =Title!R1 -> N-19957.2-DF4W
T2: =Title!O2 -> Date | W2: =Title!R2 -> 46134
H3: =Title!H3 -> 132/33kV SUBSTATION DF4W AT AL DHAFRA AREA | T3: =Title!O3 -> Document No. | W3: =Title!R3 -> -
T4: =Title!O4 -> Revision No. | W4: =Title!R4 -> A
A5: =Title!A5 -> Prep. By | C5: =Title!C5 -> AP | D5: =Title!D5 -> Checked By | G5: =Title!G5 -> RB | H5: Summary Sheet | T5: =Title!O5 -> Contractor | W5: =Title!R5 -> HITACHI
H7: CT parameters (Summary)
A8: 220/132kV Over All Transformer Differential (320MVA) Q08, Q13
A9: (Transformer Differential - 132kV side CT)
A10: CT / Core | D10: Ratio (A) | G10: CT Cable m/mm2 | I10: Class | K10: Rct @ 75OC (Ω) | M10: Rated Vk (V) | O10: Im @ Vk (mA) | Q10: Connected Devices | S10: CT Suitability | W10: Required Vk (V)
A11: ='[2]RET670_650-PX (LV)'!A398 -> BC1 | B11: ='[2]RET670_650-PX (LV)'!B398 -> Core1 | D11: ='[2]RET670_650-PX (LV)'!D398 -> 1500 | F11: ='[2]RET670_650-PX (LV)'!F398 -> 1 | G11: ='[2]RET670_650-PX (LV)'!G398 -> 50 | H11: ='[2]RET670_650-PX (LV)'!H398 -> 2.5 | I11: ='[2]RET670_650-PX (LV)'!I398 -> PX | K11: ='[2]RET670_650-PX (LV)'!K398 -> 3 | M11: ='[2]RET670_650-PX (LV)'!M398 -> 1500 | O11: ='[2]RET670_650-PX (LV)'!O398 -> 37.76 | Q11: ='[2]RET670_650-PX (LV)'!Q398 -> RET670 | S11: ='[2]RET670_650-PX (LV)'!S398 -> Suitably Dimensioned | W11: ='[2]RET670_650-PX (LV)'!H100 -> 94.143205
D12: ='[2]RET670_650-PX (LV)'!D399 -> - | K12: ='[2]RET670_650-PX (LV)'!K399 -> - | M12: ='[2]RET670_650-PX (LV)'!M399 -> - | O12: ='[2]RET670_650-PX (LV)'!O399 -> - | S12: - | W12: -
D13: ='[2]RET670_650-PX (LV)'!D400 -> - | K13: ='[2]RET670_650-PX (LV)'!K400 -> - | M13: ='[2]RET670_650-PX (LV)'!M400 -> - | O13: ='[2]RET670_650-PX (LV)'!O400 -> - | S13: ='[2]RET670_650-PX (LV)'!S400 -> - | W13: -
A14: (Transformer Differential - 220kV side CT)
A15: CT / Core | D15: Ratio (A) | G15: CT Cable m/mm2 | I15: Class | K15: Rct @ 75OC (Ω) | M15: Rated Vk (V) | O15: Im @ Vk (mA) | Q15: Connected Devices | S15: CT Suitability | W15: Required Vk (V)
A16: ='[2]RET670_650-PX (HV-T12) '!A398 -> T12 | B16: ='[2]RET670_650-PX (HV-T12) '!B398 -> Core1 | D16: ='[2]RET670_650-PX (HV-T12) '!D398 -> 1200 | F16: ='[2]RET670_650-PX (HV-T12) '!F398 -> 1 | G16: ='[2]RET670_650-PX (HV-T12) '!G398 -> 50 | H16: ='[2]RET670_650-PX (HV-T12) '!H398 -> 2.5 | I16: ='[2]RET670_650-PX (HV-T12) '!I398 -> PX | K16: ='[2]RET670_650-PX (HV-T12) '!K398 -> 5 | M16: ='[2]RET670_650-PX (HV-T12) '!M398 -> 1000 | O16: ='[2]RET670_650-PX (HV-T12) '!O398 -> 30 | Q16: ='[2]RET670_650-PX (HV-T12) '!Q398 -> RET670 | S16: ='[2]RET670_650-PX (HV-T12) '!S398 -> Suitably Dimensioned | W16: ='[2]RET670_650-PX (HV-T12) '!H100 -> 177.39685
D17: ='[2]RET670_650-PX (HV-T12) '!D399 -> - | K17: ='[2]RET670_650-PX (HV-T12) '!K399 -> - | M17: ='[2]RET670_650-PX (HV-T12) '!M399 -> - | O17: ='[2]RET670_650-PX (HV-T12) '!O399 -> - | S17: ='[2]RET670_650-PX (HV-T12) '!S399 -> - | W17: -
D18: ='[2]RET670_650-PX (HV-T12) '!D400 -> - | K18: ='[2]RET670_650-PX (HV-T12) '!K400 -> - | M18: ='[2]RET670_650-PX (HV-T12) '!M400 -> - | O18: ='[2]RET670_650-PX (HV-T12) '!O400 -> - | S18: ='[2]RET670_650-PX (HV-T12) '!S400 -> - | W18: -
A19: (OCEF Protection)
A20: CT / Core | D20: Ratio (A) | G20: CT Cable m/mm2 | I20: Class | K20: Rct @ 75OC (Ω) | M20: Rated Vk (V) | O20: Im @ Vk (mA) | Q20: Connected Devices | S20: CT Suitability | W20: Required Vk (V)
A21: ='[2]REF615 OC-5P (5)'!A141 -> BC1 | B21: ='[2]REF615 OC-5P (5)'!B141 -> Core3 | D21: ='[2]REF615 OC-5P (5)'!D141 -> 1500 | F21: ='[2]REF615 OC-5P (5)'!F141 -> 1 | G21: ='[2]REF615 OC-5P (5)'!G141 -> 50 | H21: ='[2]REF615 OC-5P (5)'!H141 -> 2.5 | I21: ='[2]REF615 OC-5P (5)'!I141 -> 5P | K21: ='[2]REF615 OC-5P (5)'!K141 -> 4 | M21: ='[2]REF615 OC-5P (5)'!M141 -> 30 | O21: ='[2]REF615 OC-5P (5)'!O141 -> - | Q21: ='[2]REF615 OC-5P (5)'!Q141 -> REF615+REF615 | S21: ='[2]REF615 OC-5P (5)'!S141 -> Suitably Dimensioned | W21: ='[2]REF615 OC-5P (5)'!G40 -> 26.666667
D22: ='[2]REF615 OC-5P (5)'!D142 -> - | K22: ='[2]REF615 OC-5P (5)'!K142 -> - | M22: ='[2]REF615 OC-5P (5)'!M142 -> - | O22: ='[2]REF615 OC-5P (5)'!O142 -> - | S22: ='[2]REF615 OC-5P (5)'!S142 -> - | W22: -
D23: ='[2]REF615 OC-5P (5)'!D143 -> - | K23: ='[2]REF615 OC-5P (5)'!K143 -> - | M23: ='[2]REF615 OC-5P (5)'!M143 -> - | O23: ='[2]REF615 OC-5P (5)'!O143 -> - | S23: ='[2]REF615 OC-5P (5)'!S143 -> - | W23: -
A24: (Low Imp. Busbar - 132kV side CT)
A25: CT / Core | D25: Ratio (A) | G25: CT Cable m/mm2 | I25: Class | K25: Rct @ 75OC (Ω) | M25: Rated Vk (V) | O25: Im @ Vk (mA) | Q25: Connected Devices | S25: CT Suitability | W25: Required Vk (V)
A26: ='[2]REB500-PX (5)'!A260 -> BC1 | B26: ='[2]REB500-PX (5)'!B260 -> Core5 | D26: ='[2]REB500-PX (5)'!D260 -> 3150 | F26: ='[2]REB500-PX (5)'!F260 -> 1 | G26: ='[2]REB500-PX (5)'!G260 -> 100 | H26: ='[2]REB500-PX (5)'!H260 -> 4 | I26: ='[2]REB500-PX (5)'!I260 -> PX | K26: ='[2]REB500-PX (5)'!K260 -> 10 | M26: ='[2]REB500-PX (5)'!M260 -> 3150 | O26: ='[2]REB500-PX (5)'!O260 -> 210.8 | Q26: ='[2]REB500-PX (5)'!Q260 -> REB500 | S26: ='[2]REB500-PX (5)'!S260 -> Suitably Dimensioned | W26: ='[2]REB500-PX (5)'!G148 -> 10
D27: ='[2]REB500-PX (5)'!D261 -> 1500 | K27: ='[2]REB500-PX (5)'!K261 -> 5 | M27: ='[2]REB500-PX (5)'!M261 -> 1000 | O27: ='[2]REB500-PX (5)'!O261 -> 147.73 | S27: ='[2]REB500-PX (5)'!S261 -> Suitably Dimensioned | W27: -
D28: ='[2]REB500-PX (5)'!D262 -> - | K28: ='[2]REB500-PX (5)'!K262 -> - | M28: ='[2]REB500-PX (5)'!M262 -> - | O28: ='[2]REB500-PX (5)'!O262 -> - | S28: ='[2]REB500-PX (5)'!S262 -> - | W28: -
A33: (Hi Imp. REF - 132kV Side CT)
A34: CT / Core | D34: Ratio (A) | G34: CT Cable m/mm2 | I34: Class | K34: Rct @ 75OC (Ω) | M34: Rated Vk (V) | O34: Im @ Vk (mA) | Q34: Connected Devices | S34: CT Suitability | W34: Required Vk (V)
A35: ='[2]RET615_Trafo LV REF (High)'!A91 -> BC1 | B35: ='[2]RET615_Trafo LV REF (High)'!B91 -> Core2 | D35: ='[2]RET615_Trafo LV REF (High)'!D91 -> 1500 | F35: ='[2]RET615_Trafo LV REF (High)'!F91 -> 1 | G35: ='[2]RET615_Trafo LV REF (High)'!G91 -> 50 | H35: ='[2]RET615_Trafo LV REF (High)'!H91 -> 2.5 | I35: ='[2]RET615_Trafo LV REF (High)'!I91 -> PX | K35: ='[2]RET615_Trafo LV REF (High)'!K91 -> 3 | M35: ='[2]RET615_Trafo LV REF (High)'!M91 -> 1500 | O35: ='[2]RET615_Trafo LV REF (High)'!O91 -> 74.39 | Q35: ='[2]RET615_Trafo LV REF (High)'!Q91 -> RET615 | S35: ='[2]RET615_Trafo LV REF (High)'!S91 -> Suitably Dimensioned | W35: ='[2]RET615_Trafo LV REF (High)'!G78 -> 308.19171
D36: ='[2]RET615_Trafo LV REF (High)'!D92 -> - | K36: ='[2]RET615_Trafo LV REF (High)'!K92 -> - | M36: ='[2]RET615_Trafo LV REF (High)'!M92 -> - | O36: ='[2]RET615_Trafo LV REF (High)'!O92 -> - | S36: ='[2]RET615_Trafo LV REF (High)'!S92 -> -
D37: ='[2]RET615_Trafo LV REF (High)'!D93 -> - | K37: ='[2]RET615_Trafo LV REF (High)'!K93 -> - | M37: ='[2]RET615_Trafo LV REF (High)'!M93 -> - | O37: ='[2]RET615_Trafo LV REF (High)'!O93 -> - | S37: ='[2]RET615_Trafo LV REF (High)'!S93 -> -
A38: ='[2]RET615_Trafo LV REF (High)'!A94 -> T2N | B38: ='[2]RET615_Trafo LV REF (High)'!B94 -> Core1 | D38: ='[2]RET615_Trafo LV REF (High)'!D94 -> 1500 | F38: ='[2]RET615_Trafo LV REF (High)'!F94 -> 1 | G38: ='[2]RET615_Trafo LV REF (High)'!G94 -> 50 | H38: ='[2]RET615_Trafo LV REF (High)'!H94 -> 2.5 | I38: ='[2]RET615_Trafo LV REF (High)'!I94 -> PX | K38: ='[2]RET615_Trafo LV REF (High)'!K94 -> 10 | M38: ='[2]RET615_Trafo LV REF (High)'!M94 -> 1500 | O38: ='[2]RET615_Trafo LV REF (High)'!O94 -> 100 | Q38: ='[2]RET615_Trafo LV REF (High)'!Q94 -> RET615 | S38: ='[2]RET615_Trafo LV REF (High)'!S94 -> Suitably Dimensioned | W38: ='[2]RET615_Trafo LV REF (High)'!G78 -> 308.19171
D39: ='[2]RET615_Trafo LV REF (High)'!D95 -> - | K39: ='[2]RET615_Trafo LV REF (High)'!K95 -> - | M39: ='[2]RET615_Trafo LV REF (High)'!M95 -> - | O39: ='[2]RET615_Trafo LV REF (High)'!O95 -> - | S39: ='[2]RET615_Trafo LV REF (High)'!S95 -> -
D40: ='[2]RET615_Trafo LV REF (High)'!D96 -> - | K40: ='[2]RET615_Trafo LV REF (High)'!K96 -> - | M40: ='[2]RET615_Trafo LV REF (High)'!M96 -> - | O40: ='[2]RET615_Trafo LV REF (High)'!O96 -> - | S40: ='[2]RET615_Trafo LV REF (High)'!S96 -> -
A41: ='[2]RET615_Trafo LV REF (High)'!A97 -> 0 | B41: ='[2]RET615_Trafo LV REF (High)'!B97 -> 0 | D41: ='[2]RET615_Trafo LV REF (High)'!D97 -> 1500 | F41: ='[2]RET615_Trafo LV REF (High)'!F97 -> 1 | G41: ='[2]RET615_Trafo LV REF (High)'!G97 -> 50 | H41: ='[2]RET615_Trafo LV REF (High)'!H97 -> 2.5 | I41: ='[2]RET615_Trafo LV REF (High)'!I97 -> PX | K41: ='[2]RET615_Trafo LV REF (High)'!K97 -> 3 | M41: ='[2]RET615_Trafo LV REF (High)'!M97 -> 1500 | O41: ='[2]RET615_Trafo LV REF (High)'!O97 -> 74.39 | Q41: ='[2]RET615_Trafo LV REF (High)'!Q97 -> RET615 | S41: ='[2]RET615_Trafo LV REF (High)'!S97 -> Suitably Dimensioned | W41: ='[2]RET615_Trafo LV REF (High)'!G78 -> 308.19171
D42: ='[2]RET615_Trafo LV REF (High)'!D98 -> - | K42: ='[2]RET615_Trafo LV REF (High)'!K98 -> - | M42: ='[2]RET615_Trafo LV REF (High)'!M98 -> - | O42: ='[2]RET615_Trafo LV REF (High)'!O98 -> - | S42: ='[2]RET615_Trafo LV REF (High)'!S98 -> -
D43: ='[2]RET615_Trafo LV REF (High)'!D99 -> - | K43: ='[2]RET615_Trafo LV REF (High)'!K99 -> - | M43: ='[2]RET615_Trafo LV REF (High)'!M99 -> - | O43: ='[2]RET615_Trafo LV REF (High)'!O99 -> - | S43: ='[2]RET615_Trafo LV REF (High)'!S99 -> -
A44: (BCU)
A45: CT / Core | D45: Ratio (A) | G45: CT Cable m/mm2 | I45: Class | K45: Rct @ 75OC (Ω) | M45: Rated Burden (VA) | Q45: Connected Devices | S45: CT Suitability
A46: ='[2]BCU-0.2FS (2)'!A137 -> BC1 | B46: ='[2]BCU-0.2FS (2)'!B137 -> Core4 | D46: ='[2]BCU-0.2FS (2)'!D137 -> 1500 | F46: ='[2]BCU-0.2FS (2)'!F137 -> 1 | G46: ='[2]BCU-0.2FS (2)'!H137 -> 50 | H46: ='[2]BCU-0.2FS (2)'!I137 -> 2.5 | I46: ='[2]BCU-0.2FS (2)'!J137 -> 1FS5 | K46: ='[2]BCU-0.2FS (2)'!O137 -> 20 | M46: ='[2]BCU-0.2FS (2)'!O137 -> 20 | O46: - | Q46: ='[2]BCU-0.2FS (2)'!R137 -> REC670 | S46: ='[2]BCU-0.2FS (2)'!U137 -> Not suitable
D47: - | K47: - | M47: - | O47: - | S47: -
D48: - | K48: - | M48: - | O48: - | S48: -
A49: (SBEF Protection - 132kV side CT)
A50: CT / Core | D50: Ratio (A) | G50: CT Cable m/mm2 | I50: Class | K50: Rct @ 75OC (Ω) | M50: Rated Burden (VA) | Q50: Connected Devices | S50: CT Suitability | W50: Required Vk (V)
A51: ='[2]REF615 OC-5P (SBEF)'!A141 -> T2N | B51: ='[2]REF615 OC-5P (SBEF)'!B141 -> Core2 | D51: ='[2]REF615 OC-5P (SBEF)'!D141 -> 1500 | F51: ='[2]REF615 OC-5P (SBEF)'!F141 -> 1 | G51: ='[2]REF615 OC-5P (SBEF)'!G141 -> 50 | H51: ='[2]REF615 OC-5P (SBEF)'!H141 -> 2.5 | I51: ='[2]REF615 OC-5P (SBEF)'!I141 -> 5P | J51: ='[2]REF615 OC-5P (SBEF)'!J141 -> 20 | K51: ='[2]REF615 OC-5P (SBEF)'!K141 -> 4 | M51: ='[2]REF615 OC-5P (SBEF)'!M141 -> 15 | O51: ='[2]REF615 OC-5P (SBEF)'!O141 -> - | Q51: ='[2]REF615 OC-5P (SBEF)'!Q141 -> REF615 | S51: ='[2]REF615 OC-5P (SBEF)'!S141 -> Suitably Dimensioned | W51: ='[2]REF615 OC-5P (SBEF)'!G40 -> 26.666667
D52: ='[2]REF615 OC-5P (SBEF)'!D142 -> - | K52: ='[2]REF615 OC-5P (SBEF)'!K142 -> - | M52: ='[2]REF615 OC-5P (SBEF)'!M142 -> - | O52: ='[2]REF615 OC-5P (SBEF)'!O142 -> - | S52: ='[2]REF615 OC-5P (SBEF)'!S142 -> - | W52: -
D53: ='[2]REF615 OC-5P (SBEF)'!D143 -> - | K53: ='[2]REF615 OC-5P (SBEF)'!K143 -> - | M53: ='[2]REF615 OC-5P (SBEF)'!M143 -> - | O53: ='[2]REF615 OC-5P (SBEF)'!O143 -> - | S53: ='[2]REF615 OC-5P (SBEF)'!S143 -> - | W53: -
A54: 132KV CABLE FEEDERS (E03,E07,E10,E14,E15)
A55: Cable Main-1 Diff&Dist.
A56: CT / Core | D56: Ratio (A) | G56: CT Cable m/mm2 | I56: Class | K56: Rct @ 75OC (Ω) | M56: Rated Vk (V) | O56: Im @ Vk (mA) | Q56: Connected Devices | S56: CT Suitability | W56: Required Vk (V) | Z56: Required Vk (V)
A57: ='RED670 IED TEMPLATE'!A629 -> T1 | B57: ='RED670 IED TEMPLATE'!B629 -> Core1 | D57: ='RED670 IED TEMPLATE'!D629 -> 1500 | F57: ='RED670 IED TEMPLATE'!F629 -> 1 | G57: ='CT-VT Burdens'!S21 -> 120 | H57: ='CT-VT Burdens'!S10 -> 6 | I57: ='RED670 IED TEMPLATE'!I629 -> PX | K57: ='RED670 IED TEMPLATE'!K629 -> 20 | M57: ='RED670 IED TEMPLATE'!M629 -> 3000 | O57: ='RED670 IED TEMPLATE'!O629 -> 10 | Q57: ='RED670 IED TEMPLATE'!Q629 -> RED670 | S57: ='RED670 IED TEMPLATE'!S629 -> Suitably Dimensioned | W57: ='RED670 IED TEMPLATE'!H320 -> 1508.5412 | Z57: ='TR. MAIN-1 MF '!H310 -> 171.17022
D58: ='RED670 IED TEMPLATE'!D630 -> 1800 | K58: ='RED670 IED TEMPLATE'!K630 -> 5.6 | M58: ='RED670 IED TEMPLATE'!M630 -> 1250 | O58: ='RED670 IED TEMPLATE'!O630 -> 20 | S58: ='RED670 IED TEMPLATE'!S630 -> Suitably Dimensioned | W58: ='RED670 IED TEMPLATE'!H481 -> 399.87112 | Z58: ='TR. MAIN-1 MF '!H442 -> 219.57453
D59: ='RED670 IED TEMPLATE'!D631 -> - | K59: ='RED670 IED TEMPLATE'!K631 -> - | M59: ='RED670 IED TEMPLATE'!M631 -> - | O59: ='RED670 IED TEMPLATE'!O631 -> - | S59: ='RED670 IED TEMPLATE'!S631 -> - | W59: -
A60: Cable Main-2 Diff&Dist.+FMS/PMU
A61: CT / Core | D61: Ratio (A) | G61: CT Cable m/mm2 | I61: Class | K61: Rct @ 75OC (Ω) | M61: Rated Vk (V) | O61: Im @ Vk (mA) | Q61: Connected Devices | S61: CT Suitability | W61: Required Vk (V) | Z61: Required Vk (V)
A62: ='CABLE MAIN-2'!A424 -> T1 | B62: ='CABLE MAIN-2'!B424 -> Core2 | D62: ='CABLE MAIN-2'!D424 -> 3200 | F62: ='CABLE MAIN-2'!F424 -> 1 | G62: ='CT-VT Burdens'!S21 -> 120 | H62: ='CT-VT Burdens'!S10 -> 6 | I62: ='CABLE MAIN-2'!I424 -> PX | K62: ='CABLE MAIN-2'!K424 -> 9.8 | M62: ='CABLE MAIN-2'!M424 -> 2000 | O62: ='CABLE MAIN-2'!O424 -> 10 | Q62: ='CABLE MAIN-2'!Q424 -> 7SL86 | S62: ='CABLE MAIN-2'!S424 -> Suitably Dimensioned | W62: ='CABLE MAIN-2'!H105 -> 598.03947 | Z62: ='SEL487E-X'!H71 -> 324.6116
D63: ='CABLE MAIN-2'!D425 -> 1800 | K63: ='CABLE MAIN-2'!K425 -> 5.6 | M63: ='CABLE MAIN-2'!M425 -> 1250 | O63: ='CABLE MAIN-2'!O425 -> 20 | S63: ='CABLE MAIN-2'!S425 -> Suitably Dimentioned | W63: ='CABLE MAIN-2'!H256 -> 656.3896 | Z63: ='SEL487E-X'!H153 -> 458.66419
D64: ='CABLE MAIN-2'!D426 -> - | K64: ='CABLE MAIN-2'!K426 -> - | M64: ='CABLE MAIN-2'!M426 -> - | O64: ='CABLE MAIN-2'!O426 -> - | S64: ='CABLE MAIN-2'!S426 -> - | W64: -
A65: METERING+BCU+PQM
A66: CT / Core | D66: Ratio (A) | G66: CT Cable m/mm2 | I66: Class | K66: Rct @ 75OC (Ω) | M66: Rated Burden (VA) | O66: Im @ Vk (mA) | Q66: Connected Devices | S66: CT Suitability | W66: Required FS' | Z66: Required Vk (V)
A67: ='BCU+AMMETER'!A140 -> 0 | B67: ='BCU+AMMETER'!B140 -> 0 | D67: ='BCU+AMMETER'!D140 -> 0 | F67: ='BCU+AMMETER'!F140 -> 0 | G67: ='CT-VT Burdens'!S21 -> 120 | H67: ='CT-VT Burdens'!S10 -> 6 | I67: ='BCU+AMMETER'!I140 -> 0 | K67: ='BCU+AMMETER'!K140 -> 0 | M67: ='BCU+AMMETER'!M140 -> 0 | O67: - | Q67: ='BCU+AMMETER'!Q140 -> 0 | S67: ='BCU+AMMETER'!S140 -> 0 | W67: ='BCU+AMMETER'!J45 -> 0 | Z67: ='7SJ85 IED TEMPLATE'!G242 -> 10.5
D68: ='BCU+AMMETER'!D141 -> 0 | K68: ='BCU+AMMETER'!K141 -> + | M68: ='BCU+AMMETER'!M141 -> 0 | O68: ='7SJ85 IED TEMPLATE'!O340 -> - | S68: ='BCU+AMMETER'!S141 -> 0 | W68: ='BCU+AMMETER'!J85 -> 0 | Z68: ='7SJ85 IED TEMPLATE'!G283 -> 15.75
D69: ='BCU+AMMETER'!D142 -> 0 | K69: ='BCU+AMMETER'!K142 -> +j | M69: ='BCU+AMMETER'!M142 -> 0 | O69: ='7SJ85 IED TEMPLATE'!O341 -> - | S69: ='BCU+AMMETER'!S142 -> 0 | W69: -
A70: MAIN-1 BBP
A71: CT / Core | D71: Ratio (A) | G71: CT Cable m/mm2 | I71: Class | K71: Rct @ 75OC (Ω) | M71: Rated Vk (V) | O71: Im @ Vk (mA) | Q71: Connected Devices | S71: CT Suitability | W71: Required Vk (V)
A72: =A77 -> T1 | B72: Core4 | D72: =D77 -> 3200 | F72: =F77 -> 1 | G72: =G77 -> 120 | H72: =H77 -> 6 | I72: =I77 -> PX | K72: =K77 -> 8 | M72: =M77 -> 900 | O72: =O77 -> 10 | Q72: =Q77 -> REB500 | S72: =S77 -> Suitably Dimensioned | W72: =W77 -> 87.331415
D73: =D78 -> 2000 | K73: =K78 -> 5 | M73: =M78 -> 500 | O73: =O78 -> 20 | S73: =S78 -> Suitably Dimensioned | W73: =W78 -> 58.531415
D74: =D79 -> - | K74: =K79 -> - | M74: =M79 -> - | O74: =O79 -> - | S74: =S79 -> - | W74: =W79 -> -
A75: MAIN-2 BBP+BFP
A76: CT / Core | D76: Ratio (A) | G76: CT Cable m/mm2 | I76: Class | K76: Rct @ 75OC (Ω) | M76: Rated Vk (V) | O76: Im @ Vk (mA) | Q76: Connected Devices | S76: CT Suitability | W76: Required Vk (V)
A77: ='MAIN-1 BBP+BFP'!A264 -> T1 | B77: Core5 | D77: ='MAIN-1 BBP+BFP'!D264 -> 3200 | F77: ='MAIN-1 BBP+BFP'!F264 -> 1 | G77: ='CT-VT Burdens'!S21 -> 120 | H77: ='CT-VT Burdens'!S10 -> 6 | I77: ='MAIN-1 BBP+BFP'!I264 -> PX | K77: ='MAIN-1 BBP+BFP'!K264 -> 8 | M77: ='MAIN-1 BBP+BFP'!M264 -> 900 | O77: ='MAIN-1 BBP+BFP'!O264 -> 10 | Q77: ='MAIN-1 BBP+BFP'!Q264 -> REB500 | S77: ='MAIN-1 BBP+BFP'!S264 -> Suitably Dimensioned | W77: ='MAIN-1 BBP+BFP'!M81 -> 87.331415
D78: ='MAIN-1 BBP+BFP'!D265 -> 2000 | K78: ='MAIN-1 BBP+BFP'!K265 -> 5 | M78: ='MAIN-1 BBP+BFP'!M265 -> 500 | O78: ='MAIN-1 BBP+BFP'!O265 -> 20 | S78: ='MAIN-1 BBP+BFP'!S265 -> Suitably Dimensioned | W78: ='MAIN-1 BBP+BFP'!M161 -> 58.531415
D79: ='MAIN-1 BBP+BFP'!D266 -> - | K79: ='MAIN-1 BBP+BFP'!K266 -> - | M79: ='MAIN-1 BBP+BFP'!M266 -> - | O79: ='MAIN-1 BBP+BFP'!O266 -> - | S79: ='MAIN-1 BBP+BFP'!S266 -> - | W79: -
A83: 132kV_100MVA TR. FEEDERS (E06,E11,E13)
A84: MAIN-1 Multi Func. Trans. Prtn +HV REF
A85: CT / Core | D85: Ratio (A) | G85: CT Cable m/mm2 | I85: Class | K85: Rct @ 75OC (Ω) | M85: Rated Vk (V) | O85: Im @ Vk (mA) | Q85: Connected Devices | S85: CT Suitability | W85: Required Vk (V) | Z85: Required Vk (V)
A86: ='TR. MAIN-1 MF '!A609 -> T1 | B86: ='TR. MAIN-1 MF '!B609 -> Core1 | D86: ='TR. MAIN-1 MF '!D609 -> 3200 | F86: ='TR. MAIN-1 MF '!F609 -> 1 | G86: ='CT-VT Burdens'!S21 -> 120 | H86: ='CT-VT Burdens'!S10 -> 6 | I86: ='TR. MAIN-1 MF '!I609 -> PX | K86: ='TR. MAIN-1 MF '!K609 -> 16 | M86: ='TR. MAIN-1 MF '!M609 -> 1600 | O86: ='TR. MAIN-1 MF '!O609 -> 10 | Q86: ='TR. MAIN-1 MF '!Q609 -> RET670 | S86: ='TR. MAIN-1 MF '!S609 -> Suitably Dimensioned | W86: ='TR. MAIN-1 MF '!H310 -> 171.17022 | Z86: ='[2]REF615 OC-5P_HV_SBEF(8)'!G40 -> 33.333333
D87: ='TR. MAIN-1 MF '!D610 -> 600 | K87: ='TR. MAIN-1 MF '!K610 -> 3 | M87: ='TR. MAIN-1 MF '!M610 -> 400 | O87: ='TR. MAIN-1 MF '!O610 -> 30 | S87: ='TR. MAIN-1 MF '!S610 -> Suitably Dimensioned | W87: ='TR. MAIN-1 MF '!H442 -> 219.57453
D88: ='TR. MAIN-1 MF '!D611 -> - | K88: ='TR. MAIN-1 MF '!K611 -> - | M88: ='TR. MAIN-1 MF '!M611 -> - | O88: ='TR. MAIN-1 MF '!O611 -> - | S88: ='TR. MAIN-1 MF '!S611 -> - | W88: -
A89: MAIN-2 Multi Func. Trans. Prtn +HV REF
A90: CT / Core | D90: Ratio (A) | G90: CT Cable m/mm2 | I90: Class | K90: Rct @ 75OC (Ω) | M90: Rated Vk (V) | O90: Im @ Vk (mA) | Q90: Connected Devices | S90: CT Suitability | W90: Required Vk (V)
A91: ='TR. MAIN-2 MF '!A702 -> T1 | B91: ='TR. MAIN-2 MF '!B702 -> Core2 | D91: ='TR. MAIN-2 MF '!D702 -> 3200 | F91: ='TR. MAIN-2 MF '!F702 -> 1 | G91: ='CT-VT Burdens'!S21 -> 120 | H91: ='CT-VT Burdens'!S10 -> 6 | I91: ='TR. MAIN-2 MF '!I702 -> PX | K91: ='TR. MAIN-2 MF '!K702 -> 16 | M91: ='TR. MAIN-2 MF '!M702 -> 1600 | O91: ='TR. MAIN-2 MF '!O702 -> 10 | Q91: ='TR. MAIN-2 MF '!Q702 -> 7UT85 | S91: ='TR. MAIN-2 MF '!S702 -> Suitably Dimensioned | W91: ='TR. MAIN-2 MF '!N93 -> 343.55
D92: ='TR. MAIN-2 MF '!D703 -> 600 | K92: ='TR. MAIN-2 MF '!K703 -> 3 | M92: ='TR. MAIN-2 MF '!M703 -> 400 | O92: ='TR. MAIN-2 MF '!O703 -> 30 | S92: ='TR. MAIN-2 MF '!S703 -> Suitably Dimensioned | W92: ='TR. MAIN-2 MF '!N218 -> 139.24
D93: ='TR. MAIN-2 MF '!D704 -> - | K93: ='TR. MAIN-2 MF '!K704 -> - | M93: ='TR. MAIN-2 MF '!M704 -> - | O93: ='TR. MAIN-2 MF '!O704 -> - | S93: ='TR. MAIN-2 MF '!S704 -> - | W93: -
A94: METERING+BCU+PQM
A95: CT / Core | D95: Ratio (A) | G95: CT Cable m/mm2 | I95: Class | K95: Rct @ 75OC (Ω) | M95: Rated Burden (VA) | O95: Im @ Vk (mA) | Q95: Connected Devices | S95: CT Suitability | W95: Required FS'
A96: ='BCU+PQM+AMMETER'!A141 -> T1 | B96: ='BCU+PQM+AMMETER'!B141 -> Core3 | D96: ='BCU+PQM+AMMETER'!D141 -> 3200 | F96: ='BCU+PQM+AMMETER'!F141 -> 1 | G96: ='CT-VT Burdens'!S21 -> 120 | H96: ='CT-VT Burdens'!S10 -> 6 | I96: ='BCU+PQM+AMMETER'!I141 -> 0.5 | K96: ='BCU+PQM+AMMETER'!K141 -> 5 | M96: ='BCU+PQM+AMMETER'!M141 -> 30 | O96: ='BCU+PQM+AMMETER'!O141 -> - | Q96: ='BCU+PQM+AMMETER'!Q141 -> REC670 + CP-L96A | S96: ='BCU+PQM+AMMETER'!S141 -> Suitably Dimensioned | W96: ='BCU+PQM+AMMETER'!J45 -> 21.612883
D97: ='BCU+PQM+AMMETER'!D142 -> 600 | K97: ='BCU+PQM+AMMETER'!K142 -> 1 | M97: ='BCU+PQM+AMMETER'!M142 -> 10 | O97: ='OC+BCPU+FMS-X (2)'!O287 -> - | S97: ='BCU+PQM+AMMETER'!S142 -> Suitably Dimensioned | W97: ='BCU+PQM+AMMETER'!J86 -> 13.424383
D98: ='BCU+PQM+AMMETER'!D143 -> - | K98: ='BCU+PQM+AMMETER'!K143 -> - | M98: ='BCU+PQM+AMMETER'!M143 -> - | O98: ='OC+BCPU+FMS-X (2)'!O288 -> - | S98: ='BCU+PQM+AMMETER'!S143 -> - | W98: -
A99: MAIN-1 BBP
A100: CT / Core | D100: Ratio (A) | G100: CT Cable m/mm2 | I100: Class | K100: Rct @ 75OC (Ω) | M100: Rated Vk (V) | O100: Im @ Vk (mA) | Q100: Connected Devices | S100: CT Suitability | W100: Required Vk (V)
A101: =A106 -> T1 | B101: Core4 | D101: =D106 -> 3200 | F101: =F106 -> 1 | G101: =G106 -> 120 | H101: =H106 -> 6 | I101: =I106 -> PX | K101: =K106 -> 8 | M101: =M106 -> 900 | O101: =O106 -> 10 | Q101: =Q106 -> REB500 | S101: =S106 -> Suitably Dimensioned | W101: =W106 -> 87.331415
D102: =D107 -> 2000 | K102: =K107 -> 5 | M102: =M107 -> 500 | O102: =O107 -> 30 | S102: =S107 -> Suitably Dimensioned | W102: =W107 -> 58.531415
D103: =D108 -> - | K103: =K108 -> - | M103: =M108 -> - | O103: =O108 -> - | S103: =S108 -> - | W103: =W108 -> -
A104: MAIN-2 BBP/BFP
A105: CT / Core | D105: Ratio (A) | G105: CT Cable m/mm2 | I105: Class | K105: Rct @ 75OC (Ω) | M105: Rated Vk (V) | O105: Im @ Vk (mA) | Q105: Connected Devices | S105: CT Suitability | W105: Required Vk (V)
A106: ='MAIN-1 BBP+BFP (2)'!A264 -> T1 | B106: Core5 | D106: ='MAIN-1 BBP+BFP (2)'!D264 -> 3200 | F106: ='MAIN-1 BBP+BFP (2)'!F264 -> 1 | G106: ='MAIN-1 BBP+BFP (2)'!G264 -> 120 | H106: ='MAIN-1 BBP+BFP (2)'!H264 -> 6 | I106: ='MAIN-1 BBP+BFP (2)'!I264 -> PX | K106: ='MAIN-1 BBP+BFP (2)'!K264 -> 8 | M106: ='MAIN-1 BBP+BFP (2)'!M264 -> 900 | O106: ='MAIN-1 BBP+BFP (2)'!O264 -> 10 | Q106: ='MAIN-1 BBP+BFP (2)'!Q264 -> REB500 | S106: ='MAIN-1 BBP+BFP (2)'!S264 -> Suitably Dimensioned | W106: ='MAIN-1 BBP+BFP (2)'!M81 -> 87.331415
D107: ='MAIN-1 BBP+BFP (2)'!D265 -> 2000 | K107: ='MAIN-1 BBP+BFP (2)'!K265 -> 5 | M107: ='MAIN-1 BBP+BFP (2)'!M265 -> 500 | O107: ='MAIN-1 BBP+BFP (2)'!O265 -> 30 | S107: ='MAIN-1 BBP+BFP (2)'!S265 -> Suitably Dimensioned | W107: ='MAIN-1 BBP+BFP (2)'!M161 -> 58.531415
D108: ='MAIN-1 BBP+BFP (2)'!D266 -> - | K108: ='MAIN-1 BBP+BFP (2)'!K266 -> - | M108: ='MAIN-1 BBP+BFP (2)'!M266 -> - | O108: ='MAIN-1 BBP+BFP (2)'!O266 -> - | S108: ='MAIN-1 BBP+BFP (2)'!S266 -> - | W108: -
...

Sheet CT-VT Burdens
A1: HITACHI | H1: =Title!H1 -> CT / VT | O1: =Title!O1 -> Contract No. | R1: =Title!R1 -> N-19957.2-DF4W
H2: =Title!H2 -> ADEQUACY CHECK | O2: =Title!O2 -> Date | R2: =Title!R2 -> 46134
H3: =Title!H3 -> 132/33kV SUBSTATION DF4W AT AL DHAFRA AREA | O3: =Title!O3 -> Document No. | R3: =Title!R3 -> -
O4: =Title!O4 -> Revision No. | R4: =Title!R4 -> A
A5: =Title!A5 -> Prep. By | C5: =Title!C5 -> AP | D5: =Title!D5 -> Checked By | G5: =Title!G5 -> RB | H5: CT / VT Burdens | O5: =Title!O5 -> Contractor | R5: =Title!R5 -> HITACHI
B8: For CT Wiring
B9: Burden of the connecting leads :
C10: Conductor cross section in mm2 | Q10: A | R10: = | S10: 6 | U10: mm2 | V10: **
C11: Resistance in W/km at 200 C | Q11: R20 | R11: = | S11: 3.69 | U11: Ω/km | X11: 7.41
C12: Specific resistance at 200 C | I12: (copper wires) | Q12: a | R12: = | S12: 0.00393 | U12: K-1
B14: Resistance in Ω/km at t0 C = | H14: R20 [ 1 + a ( t - 200 C ) ]
C15: Resistance in ohms/km at 750 C = | R15: = | S15: =S11*(1+S12*(75-20)) -> 4.4875935 | U15: Ω/km | X15: =S11*(1+S12*(75-20)) -> 4.4875935 | Z15: 5.61
C16: Resistance in ohms/m at 750 C = | Q16: R | R16: = | S16: =S15/1000 -> 0.0044875935 | U16: Ω/m
C17: Secondary current of CT | Q17: Is | R17: = | S17: 1 | U17: A
C18: Relay Rated current | Q18: Ir | R18: = | S18: 1 | U18: A
C21: Conductor length in meters ( CT to relay ) | Q21: l | R21: = | S21: 120 | U21: m | V21: **
C22: Lead Resistance from the CT to Relay | Q22: RL =R x l | R22: = | S22: =S16*S21 -> 0.53851122 | U22: Ω
C23: Lead Resistance of the current loop from the CT to Relay | Q23: 2RL = 2 x R x l | R23: = | S23: =2*S16*S21 -> 1.0770224 | U23: Ω | X23: =2*S16*S21 -> 1.0770224 | Z23: =2*S16*S21 -> 1.0770224
C24: VA consumption of the connecting leads | Q24: Pl = Is2 x Rl | R24: = | S24: =S17*S17*S23 -> 1.0770224 | U24: VA | X24: =S17*S17*S23 -> 1.0770224
C26: For 132kV_100MVA TR. FEEDERS
C27: Conductor length in meters ( CT to relay ) | Q27: l | R27: = | S27: 130 | U27: m | V27: **
C28: Lead Resistance from the CT to Relay | Q28: RL =R x l | R28: = | S28: =S16*S27 -> 0.58338716 | U28: Ω
C29: Lead Resistance of the current loop from the CT to Relay | Q29: 2RL = 2 x R x l | R29: = | S29: =2*S28 -> 1.1667743 | U29: Ω
C30: VA consumption of the connecting leads | Q30: Pl = Is2 x Rl | R30: = | S30: =S17*S17*S29 -> 1.1667743 | U30: VA
C32: For 132kV_IBT INCOMER FEEDERS
C33: Conductor length in meters ( CT to relay ) | Q33: l | R33: = | S33: 140 | U33: m | V33: **
C34: Lead Resistance from the CT to Relay | Q34: RL =R x l | R34: = | S34: =S16*S33 -> 0.62826309 | U34: Ω
C35: Lead Resistance of the current loop from the CT to Relay | Q35: 2RL = 2 x R x l | R35: = | S35: =2*S34 -> 1.2565262 | U35: Ω
C36: VA consumption of the connecting leads | Q36: Pl = Is2 x Rl | R36: = | S36: =S17*S17*S35 -> 1.2565262 | U36: VA
C38: For 132kV BUS SECTION
C39: Conductor length in meters ( CT to relay ) | Q39: l | R39: = | S39: 160 | U39: m | V39: **
C40: Lead Resistance from the CT to Relay | Q40: RL =R x l | R40: = | S40: =S16*S39 -> 0.71801496 | U40: Ω
C41: Lead Resistance of the current loop from the CT to Relay | Q41: 2RL = 2 x R x l | R41: = | S41: =2*S40 -> 1.4360299 | U41: Ω
C42: VA consumption of the connecting leads | Q42: Pl = Is2 x Rl | R42: = | S42: =S17*S17*S41 -> 1.4360299 | U42: VA
C43: 165m Lead Resistance of the current loop from the 33kV Incomer SWGR to 220kV Transformer Protection Panel. | S43: =S16*165 -> 0.74045293 | U43: VA
C48: For 132kV BUS COUPLER
C49: Conductor length in meters ( CT to relay ) | Q49: l | R49: = | S49: 140 | U49: m | V49: **
C50: Lead Resistance from the CT to Relay | Q50: RL =R x l | R50: = | S50: =S16*S49 -> 0.62826309 | U50: Ω
C51: Lead Resistance of the current loop from the CT to Relay | Q51: 2RL = 2 x R x l | R51: = | S51: =2*S50 -> 1.2565262 | U51: Ω
C52: VA consumption of the connecting leads | Q52: Pl = Is2 x Rl | R52: = | S52: =S17*S17*S51 -> 1.2565262 | U52: VA
B54: For VT Wiring
B55: Burden of the connecting leads :
C56: Conductor cross section in mm2 | Q56: A | R56: = | S56: 2.5 | U56: mm2 | V56: **
C57: Resistance in W/km at 200 C | Q57: R20 | R57: = | S57: 8.87 | U57: Ω/km
C58: Specific resistance at 200 C | I58: (copper wires) | Q58: a | R58: = | S58: 0.00393 | U58: K-1
B60: Resistance in Ω/km at t0 C = | I60: R20 [ 1 + a ( t - 200 C ) ]
C61: Resistance in W/km at 750 C = | R61: = | S61: =S57*(1+S58*(75-20)) -> 10.78725 | U61: Ω/km
C62: Resistance in W/m at 750 C = | Q62: R | R62: = | S62: =S61/1000 -> 0.01078725 | U62: Ω/m
C63: Primary Voltage of VT | Q63: Vp | R63: = | S63: 132 / √3 | U63: kV
C64: Secondary Voltage of VT | Q64: Vs | R64: = | S64: 0.11 / √3 | U64: kV
C67: Conductor length in meters ( VT to relay ) | Q67: l | R67: = | S67: 120 | U67: m | V67: **
C68: Lead Resistance from the VT to Relay | Q68: RL =R x l | R68: = | S68: =S62*S67 -> 1.2944701 | U68: Ω
C69: Lead Resistance of the current loop from the VT to Relay | Q69: 2RL = 2 x R x l | R69: = | S69: =2*S62*S67 -> 2.5889401 | U69: Ω
C71: For 132kV_100MVA TR. FEEDERS
C72: Conductor length in meters ( VT to relay ) | Q72: l | R72: = | S72: 130 | U72: m | V72: **
C73: Lead Resistance from the VT to Relay | Q73: RL =R x l | R73: = | S73: =S62*S72 -> 1.4023426 | U73: Ω
C74: Lead Resistance of the current loop from the VT to Relay | Q74: 2RL = 2 x R x l | R74: = | S74: =2*S73 -> 2.8046851 | U74: Ω
C76: For 132kV_IBT INCOMER FEEDERS
C77: Conductor length in meters ( VT to relay ) | Q77: l | R77: = | S77: 140 | U77: m | V77: **
C78: Lead Resistance from the VT to Relay | Q78: RL =R x l | R78: = | S78: =S62*S77 -> 1.5102151 | U78: Ω
C79: Lead Resistance of the current loop from the VT to Relay | Q79: 2RL = 2 x R x l | R79: = | S79: =2*S78 -> 3.0204301 | U79: Ω
C87: For 132kV BUS SECTION
C88: Conductor length in meters ( VT to relay ) | Q88: l | R88: = | S88: 160 | U88: m | V88: **
C89: Lead Resistance from the VT to Relay | Q89: RL =R x l | R89: = | S89: =S62*S88 -> 1.7259601 | U89: Ω
C90: Lead Resistance of the current loop from the VT to Relay | Q90: 2RL = 2 x R x l | R90: = | S90: =2*S89 -> 3.4519202 | U90: Ω
C92: For 132kV BUS COUPLER
C93: Conductor length in meters ( VT to relay ) | Q93: l | R93: = | S93: 140 | U93: m | V93: **
C94: Lead Resistance from the VT to Relay | Q94: RL =R x l | R94: = | S94: =S62*S93 -> 1.5102151 | U94: Ω
C95: Lead Resistance of the current loop from the VT to Relay | Q95: 2RL = 2 x R x l | R95: = | S95: =2*S94 -> 3.0204301 | U95: Ω
I96: ** | J96: Assumed
B103: CT/VT Burden of Connected Devices (per phase): | Q103: CT at 1A | S103: VT at 110V | W103: Note: Pl. refer the manual for CT/VT burden at different rated currents and voltages
C104: Relion 670/650 series Relays | O104: IED 670/650 | Q104: 0.02 | S104: 0.02 | U104: VA | X104: 150mVA for 5A | AB104: =0.15/5^2 -> 0.006
C105: Busbar Protection Relay | O105: REB500 | Q105: 0.01 | S105: 0.15 | U105: VA
C106: ABB REx 52x Relays | O106: REJ525/REJ521/REX521 | Q106: 0.1 | S106: 0.5 | U106: VA
C107: ABB Relion 650 series Relays | O107: IED650 | Q107: 0.02 | S107: 0.02 | U107: VA
C108: ABB SPACOM Relays | O108: SPAJ/SPAU/SPAF 1xxC series | Q108: 0.1 | S108: 0.5 | U108: VA
C109: ABB REx54x series Relays | O109: REF54x/RET54x | Q109: 0.02 | S109: 0.5 | U109: VA
C110: ABB Relion 630/620 series Relays | O110: IED630/620 | Q110: 0.02 | S110: 0.05 | U110: VA
C111: ABB Relion 615 series Relays | O111: IED615 | Q111: 0.02 | S111: 0.05 | U111: VA
C112: ABB REU523 Relay | O112: REU523 | Q112: - | S112: 0.1 | U112: VA
C113: FMS | O113: Indactic 650 | Q113: 0.2 | U113: VA
C114: TOSHIBA Line Diff. Relay | O114: GRL 100 | Q114: 0.1 | S114: 0.1 | U114: VA
C115: TOSHIBA Line Dist. Relay | O115: GRZ 101 | Q115: 0.1 | S115: 0.1 | U115: VA
C117: SIEMENS Line Distance Protection | O117: 7SA52xx | Q117: 0.1 | S117: 0.1 | U117: VA
C118: SIEMENS Siprotec Relay | O118: 7SD522/7SL86 | Q118: 0.1 | S118: 0.1 | U118: VA
C119: SIEMENS Transformer Protection Relay | O119: 7UT85 | Q119: 0.1 | S119: 0.1 | U119: VA | Y119: 7UT633/635
C120: AVR Relay | O120: Tapcon260 | Q120: - | S120: 1 | U120: VA
C121: SIEMENS BFR + O/C relay | O121: 7SJ6144 | Q121: 0.05 | S121: - | U121: VA
C122: SIEMENS Pilot wire prot. relay | O122: SOLKAR RF / N | Q122: 0.05 | S122: - | U122: VA
C123: SIEMENS Low Imp. Busbar prot. relay | O123: 7SS5xx | Q123: 0.1 | S123: - | U123: VA
C125: AREVA Low Imp. Busbar prot. Relay | O125: P74x | Q125: 0.04 | S125: - | U125: VA
C126: AREVA P63_ Tr. Diff. Relay | O126: P63x | Q126: 0.1 | S126: 0.3 | U126: VA
C127: AREVA High Imp. Busbar prot. relay | O127: MCAG3x | Q127: 1 | S127: - | U127: VA
C128: AREVA CT sup. Relay | O128: MVTP31 | Q128: 0.002 | S128: - | U128: VA
C129: AREVA Line Differential+Distance+DEF Protection | O129: P54x | Q129: 0.15 | S129: 0.02 | U129: VA
C130: Siemens High Impedance Busbar Protection | O130: DAD | Q130: 0.1 | S130: - | U130: VA
C131: SEL Transformer Differential Relay | O131: SEL487E | Q131: 0.1 | S131: 0.1
C132: SIEMENS Relay | O132: 7SJ8 | Q132: 0.1 | S132: 0.1 | U132: VA
C133: SEL 751 | O133: SEL751 | Q133: 0.01 | S133: 0.1 | U133: VA
C134: SEL Transformer Differential Relay 478E | O134: SEL 487E | Q134: 0.1 | S134: 0.1 | U134: VA
...

Sheet CT ADEQUACY
E22: CT ADEQUACY CHECK

Sheet Parameters & Fault Cal. (4)
A1: HITACHI | H1: =Title!H1 -> CT / VT | O1: =Title!O1 -> Contract No. | R1: =Title!R1 -> N-19957.2-DF4W
H2: =Title!H2 -> ADEQUACY CHECK | O2: =Title!O2 -> Date | R2: =Title!R2 -> 46134
H3: =Title!H3 -> 132/33kV SUBSTATION DF4W AT AL DHAFRA AREA | O3: =Title!O3 -> Document No. | R3: =Title!R3 -> -
O4: =Title!O4 -> Revision No. | R4: =Title!R4 -> A
A5: =Title!A5 -> Prep. By | C5: =Title!C5 -> AP | D5: =Title!D5 -> Checked By | G5: =Title!G5 -> RB | H5: Parameters & Fault Calculations for 132kV FEEDERS | O5: =Title!O5 -> Contractor | R5: =Title!R5 -> HITACHI
B7: System Parameters:
C8: System Frequency | Q8: 50 | S8: Hz
C9: Bus Voltage Level | Q9: 132 | S9: kV
C10: Max. Bus fault level | Q10: 50 | S10: kA
C11: X/R Ratio | Q11: 15 | X11: As per Transco spec page 7/34
C12: MV Bus Voltage Level | Q12: 132 | S12: kV
C13: MV Max. Bus fault level/Switchgear Rating | Q13: 40 | S13: kA | X13: As pre SLD
C14: LV X/R Ratio
B16: Power line parameters:
A17: Assumed Cable: | E17: 3 | F17: C, | G17: CU | H17: HDPE, | J17: 240 | L17: mm2, | N17: 1 | O17: Cables/phase
B18: Cable Details
C20: Positive Sequence- Resistance | O20: R1 | P20: = | Q20: 0.0221 | S20: Ω/Km
C21: Positive Sequence- Reactance | O21: X1 | P21: = | Q21: 0.16 | S21: Ω/Km
C22: Zero Sequence- Resistance | O22: R0 | P22: = | Q22: 0.13 | S22: Ω/Km
C23: Zero Sequence- Reactance | O23: X0 | P23: = | Q23: 0.06 | S23: Ω/Km
C24: Route length | P24: = | Q24: 1.74 | S24: km
C26: Cable +Ve seq. impedence | J26: Z1 | K26: = | L26: =Q20/N17 -> 0.0221 | N26: + j | O26: =Q21/N17 -> 0.16 | Q26: Ω/Km
C27: Cable Zero seq. impedence | J27: Z0 | K27: = | L27: =Q22/N17 -> 0.13 | N27: + j | O27: =Q23/N17 -> 0.06 | Q27: Ω/Km
C28: Total cable +Ve seq. impedence | J28: Z1L | K28: = | L28: =L26*Q24 -> 0.038454 | N28: + j | O28: =O26*Q24 -> 0.2784 | Q28: Ω
C29: Total cable Zero seq. impedence | J29: Z0L | K29: = | L29: =L27*Q24 -> 0.2262 | N29: + j | O29: =O27*Q24 -> 0.1044 | Q29: Ω
B31: Fault Current & Time Constant Calculations:
C32: Maximum HV Busbar fault current | P32: = | Q32: =Q10*1000 -> 50000 | S32: A
C33: HV rating of Busbar | P33: = | Q33: =Q9*1000 -> 132000 | S33: V
C34: Maximum MV Busbar fault current | P34: = | Q34: =Q13*1000 -> 40000 | S34: A
C35: MV rating of Busbar | P35: = | Q35: =Q12*1000 -> 132000 | S35: V
A37: For the above fault condition Source impedance (Zs), considering voltage | P37: = | Q37: 1 | S37: pu
E38: Zs | F38: = | G38: (V | H38: X | I38: =Q37 -> 1 | J38: ) / | K38: (√3 | L38: x | M38: I) | P38: = | Q38: =(Q33*Q37)/(SQRT(3)*Q32) -> 1.5242047 | S38: Ω
E39: Source X / R ratio | F39: = | G39: 2 | H39: x | I39: p | J39: x | K39: f | L39: x | M39: (L/R)
E40: System X/R Ratio | L40: X/R | P40: = | Q40: =Q11 -> 15
E41: System Frequency | L41: f | P41: = | Q41: =Q8 -> 50
C42: Now, | E42: Impedence Angle | L42: øs = | M42: Tan-1(X/R)
E43: Impedence Angle in radians | L43: øs | P43: = | Q43: =ATAN(Q40) -> 1.5042282
E44: Impedence Angle in Degrees | L44: øs | P44: = | Q44: =DEGREES(Q43) -> 86.185925
E46: System Resistance | K46: Rs | L46: =Zs x Cos øs | P46: = | Q46: =Q38*COS(Q43) -> 0.10138859 | S46: W
E47: System Reactance | K47: Xs | L47: =Zs x Sin øs | P47: = | Q47: =Q38*SIN(Q43) -> 1.5208288 | S47: W
C48: Hence, | E48: Source Impedence | K48: Zs | L48: = | N48: =Q46 -> 0.10138859 | P48: + j | Q48: =Q47 -> 1.5208288 | S48: W
A49: Source Impedance Ratio (SIR)
C50: SIR | D50: = | E50: Zs | F50: / | G50: (80% * Z1L) | L50: where, | N50: Z1L | O50: = | P50: =SQRT(L28^2+O28^2) -> 0.28104318 | R50: ohm
D51: = | E51: =Q38 -> 1.5242047 | G51: / | H51: ( 0.8 * | J51: =P50 -> 0.28104318 | L51: )
D52: = | E52: =E51/(0.8*J51) -> 6.7792283
A56: Determination of System Time-constant (L/R):
B57: Source X / R ratio | G57: = | H57: 2 | I57: x | J57: p | K57: x | L57: f | M57: x | N57: (L/R)
B58: System X/R Ratio | O58: X/R | P58: = | Q58: =Q11 -> 15
B59: System Frequency | O59: f | P59: = | Q59: =Q8 -> 50 | S59: Hz
B60: Hence, System tp (L/R) | G60: = | H60: X/R | I60: / | J60: 2 | K60: x | L60: p | M60: x | N60: f | P60: = | Q60: =(Q58*1000)/(J60*(22/7)*Q59) -> 47.727273 | S60: ms
A62: Determination of Fault Current for 3-ph Through Fault:
A63: Fault Impedence | E63: Z1t | F63: = | H63: Zs | I63: + | J63: Z1L
F64: = ( | G64: =N48 -> 0.10138859 | I64: + j | J64: =Q48 -> 1.5208288 | L64: ) + ( | M64: =L28 -> 0.038454 | O64: + j | P64: =O28 -> 0.2784 | R64: )
F65: = | G65: =G64+M64 -> 0.13984259 | I65: +j | J65: =J64+P64 -> 1.7992288 | L65: W
F67: = | G67: =SQRT(G65^2+J65^2) -> 1.8046552 | I67: Ð | J67: =DEGREES(ATAN(J65/G65)) -> 85.555699 | L67: W
E68: Therefore, X/R ratio | F68: = | G68: =J65/G65 -> 12.866101
B69: Hence, 3-ph fault current for Through faults | L69: = | M69: =Q33 -> 132000 | O69: x | P69: =Q37 -> 1
M70: =+G67 -> 1.8046552 | O70: x | P70: √3 | Q70: =SQRT(3) -> 1.7320508
L71: = | M71: =M69*P69/(M70*SQRT(3)) -> 42229.804 | O71: A
A73: Determination of Time-constant for 3-ph Through fault (L/R):
B74: X / R ratio | G74: = | H74: 2 | I74: x | J74: p | K74: x | L74: f | M74: x | N74: (L/R)
B75: X/R Ratio for 3-ph Through Fault | O75: X/R | P75: = | Q75: =G68 -> 12.866101
B76: System Frequency | O76: f | P76: = | Q76: =Q8 -> 50 | S76: Hz
B77: Hence, System tp (L/R) | G77: = | H77: X/R | I77: / | J77: 2 | K77: x | L77: p | M77: x | N77: f | P77: = | Q77: =(Q75*1000)/(J77*(22/7)*Q76) -> 40.937593 | S77: ms
A79: Determination of 1-ph to Earth Through fault
A80: Cable Impedence | E80: Zot | F80: = | H80: Zs | I80: + | J80: Z0L
F81: = ( | G81: =N48 -> 0.10138859 | I81: + j | J81: =Q48 -> 1.5208288 | L81: ) + ( | M81: =L29 -> 0.2262 | O81: + j | P81: =O29 -> 0.1044 | R81: )
F82: = | G82: =G81+M81 -> 0.32758859 | I82: +j | J82: =J81+P81 -> 1.6252288 | L82: W
F83: = | G83: =SQRT(G82^2+J82^2) -> 1.6579153 | I83: Ð | J83: =DEGREES(ATAN(J82/G82)) -> 78.603897 | L83: W
A85: Fault Impedence | E85: Z0f | F85: = | H85: Z1t | I85: + | J85: Z2t | K85: + | L85: Zot
B86: = ( | C86: =G65 -> 0.13984259 | E86: +j | F86: =J65 -> 1.7992288 | H86: ) + ( | I86: =G65 -> 0.13984259 | K86: +j | L86: =J65 -> 1.7992288 | N86: ) + ( | O86: =G82 -> 0.32758859 | Q86: +j | R86: =J82 -> 1.6252288 | T86: )
B87: = | C87: =C86+I86+O86 -> 0.60727377 | E87: +j | F87: =F86+L86+R86 -> 5.2236865
B88: = | C88: =SQRT(C87^2+F87^2) -> 5.258867 | E88: Ð | F88: =DEGREES(ATAN(F87/C87)) -> 83.36891 | H88: W | N88: Therefore, X/R ratio | O88: = | P88: =F87/C87 -> 8.6018643
B90: Hence, 1-ph fault current for Through faults | L90: = | M90: =Q33 -> 132000 | O90: x | P90: =Q37 -> 1 | R90: x | S90: 3
M91: =+C88 -> 5.258867 | O91: x | P91: √3 | Q91: =SQRT(3) -> 1.7320508
L92: = | M92: =(M90*P90*S90)/(M91*SQRT(3)) -> 43475.278 | O92: A
A98: Determination of Time-constant for 1-ph to earth Through fault (L/R):
B99: X / R ratio | G99: = | H99: 2 | I99: x | J99: p | K99: x | L99: f | M99: x | N99: (L/R)
B100: X/R Ratio for 1-ph to Earth Through Fault | O100: X/R | P100: = | Q100: =P88 -> 8.6018643
B101: System Frequency | O101: f | P101: = | Q101: =Q8 -> 50 | S101: Hz
B102: Hence, System tp (L/R) | G102: = | H102: X/R | I102: / | J102: 2 | K102: x | L102: p | M102: x | N102: f | P102: = | Q102: =(Q100*1000)/(J102*(22/7)*Q101) -> 27.369568 | S102: ms
A104: Calculation of 3-ph fault current Endzone-1 (80%)
A105: Fault Impedence | E105: Z1zone-1 | F105: = | H105: Zs | I105: + | J105: (0.8 | K105: x | L105: Z1L)
F106: = ( | G106: =N48 -> 0.10138859 | I106: + j | J106: =Q48 -> 1.5208288 | L106: ) + | M106: 0.8 | N106: x ( | O106: =L28 -> 0.038454 | Q106: + j | R106: =O28 -> 0.2784 | T106: )
F107: = | G107: =G106+(0.8*O106) -> 0.13215179 | I107: +j | J107: =J106+(0.8*R106) -> 1.7435488 | L107: W
F108: = | G108: =SQRT(G107^2+J107^2) -> 1.7485499 | I108: Ð | J108: =DEGREES(ATAN(J107/G107)) -> 85.66557 | L108: W
E109: Therefore, X/R ratio | F109: = | G109: =J107/G107 -> 13.193532
B110: Hence, 3-ph fault current for Endzone-1 faults | L110: = | M110: =Q33 -> 132000 | O110: x | P110: =Q37 -> 1
M111: =+G108 -> 1.7485499 | O111: x | P111: √3 | Q111: =SQRT(3) -> 1.7320508
L112: = | M112: =M110*P110/(M111*SQRT(3)) -> 43584.822 | O112: A
A114: Determination of Time-constant for 3-ph Fault Endzone-1 (L/R):
B115: X / R ratio | G115: = | H115: 2 | I115: x | J115: p | K115: x | L115: f | M115: x | N115: (L/R)
B116: X/R Ratio for 3-ph Fault Endzone-1 | O116: X/R | P116: = | Q116: =G109 -> 13.193532
B117: System Frequency | O117: f | P117: = | Q117: =Q8 -> 50 | S117: Hz
B118: Hence, System tp (L/R) | G118: = | H118: X/R | I118: / | J118: 2 | K118: x | L118: p | M118: x | N118: f | P118: = | Q118: =(Q116*1000)/(J118*(22/7)*Q117) -> 41.979419 | S118: ms
A120: Calculation of 1-ph to earth fault current EndZone-1 (80%)
A121: Cable Impedence | E121: Zozone-1 | F121: = | H121: Zs | I121: + | J121: (0.8 | K121: * | L121: Z0L)
F122: = ( | G122: =N48 -> 0.10138859 | I122: + j | J122: =Q48 -> 1.5208288 | L122: ) + | M122: 0.8 | N122: x ( | O122: =L29 -> 0.2262 | Q122: + j | R122: =O29 -> 0.1044 | T122: )
F123: = | G123: =G122+(0.8*O122) -> 0.28234859 | I123: +j | J123: =J122+(0.8*R122) -> 1.6043488 | L123: W
F124: = | G124: =SQRT(G123^2+J123^2) -> 1.6290046 | I124: Ð | J124: =DEGREES(ATAN(J123/G123)) -> 80.018753 | L124: W
...

Sheet BAY1
E22: 132KV CABLE FEEDERS (E03,E07,E10,E14,E15)

Sheet BUP BCU
A1: HITACHI | H1: =Title!H1 -> CT / VT | O1: =Title!O1 -> Contract No. | R1: =Title!R1 -> N-19957.2-DF4W
H2: =Title!H2 -> ADEQUACY CHECK | O2: =Title!O2 -> Date | R2: =Title!R2 -> 46134
H3: =Title!H3 -> 132/33kV SUBSTATION DF4W AT AL DHAFRA AREA | O3: =Title!O3 -> Document No. | R3: =Title!R3 -> -
O4: =Title!O4 -> Revision No. | R4: =Title!R4 -> A
A5: =Title!A5 -> Prep. By | C5: =Title!C5 -> AP | D5: =Title!D5 -> Checked By | G5: =Title!G5 -> RB | H5: BUS SECTION COUPLER | O5: =Title!O5 -> Contractor | R5: =Title!R5 -> HITACHI
B7: T1 | D7: Core1 | H7: (OC+BCPU+FMS) | S7: Connected devices: | T7: REC670
T8: REF650
H9: Tap-1 | J9: Tap-2 | L9: Tap-3
B10: CT Ratio: | H10: 2500 | J10: - | L10: - | N10: / | O10: 1 | P10: A
B11: Class of Accuracy: | H11: 5P20
B12: CT Resistance: | G12: Rct< | H12: 5 | J12: W
B13: Knee Point Voltage: | G13: Vk> | H13: 750 | J13: V | W13: =#REF! -> #REF!
B14: Magnetizing Current: | G14: I0< | H14: 50 | J14: mA at Vk
A16: Other Burdens on same CT core:
B18: Burden of | D18: =T7 -> REC670 | I18: = | J18: ='CT-VT Burdens'!Q104 -> 0.02 | L18: VA | N18: CT internal Burden
B19: Burden of | D19: =T8 -> REF650 | I19: = | J19: ='CT-VT Burdens'!Q104 -> 0.02 | L19: VA | N19: PE | O19: = | P19: In | Q19: x | R19: In | S19: x | T19: Rct
B20: Burden of | D20: =T9 -> 0 | I20: = | L20: VA | O20: = | P20: =O10 -> 1 | Q20: x | R20: =O10 -> 1 | S20: x | T20: =H12 -> 5
B21: Total lead burden | I21: = | J21: ='CT-VT Burdens'!S24 -> 1.0770224 | L21: VA | O21: = | P21: =P20*R20*T20 -> 5 | R21: VA
B22: Total lead + other burden | H22: PL | I22: = | J22: =SUM(J18:J21) -> 1.1170224 | L22: VA
B24: Non-directional instantaneous and definitive time, phase and residual overcurrent protection
B25: Ealreq = | E25: 1.5 | F25: x | G25: Iop | H25: Isr | J25: x | K25: ( | L25: Rct | M25: + | N25: Rl | O25: + | P25: Sr | S25: ) | T25: ---(1)
H26: Ipr | P26: Ir | Q26: x | R26: Ir
C28: 6 times rated primary current concidered
C29: The primary operate value (A) | Q29: Iop | R29: = | S29: =6*S30 -> 15000 | U29: A
C30: The rated primary CT current (A) | Q30: Ipr | R30: = | S30: =H10 -> 2500 | U30: A
C31: The rated secondary CT current (A) | Q31: Isr | R31: = | S31: =O10 -> 1 | U31: A
C32: The rated current of the protection IED (A) | Q32: Ir | R32: = | S32: =O10 -> 1 | U32: A
C33: The secondary resistance of the CT (ohm) | Q33: Rct | R33: = | S33: =H12 -> 5 | U33: ohm
C34: The resistance of the secondary cable and additional load (ohm). | Q34: RL | R34: = | S34: =J22 -> 1.1170224 | U34: ohm
C35: The burden of an IED current input channel (VA) | Q35: SR | R35: = | S35: =J18 -> 0.02 | U35: VA
B37: Ealreq = | D37: 1.5 | E37: x | F37: =S29 -> 15000 | H37: x | I37: =S31 -> 1 | K37: x | L37: ( | M37: =S33 -> 5 | N37: + | O37: =S34 -> 1.1170224 | P37: + | Q37: =S35 -> 0.02 | T37: )
I38: =S30 -> 2500 | Q38: =S32 -> 1 | R38: x | S38: =S32 -> 1
C40: = | D40: =ROUNDUP(D37*F37*(I37/I38)*(M37+O37+(Q37/(Q38*S38))),2) -> 55.24 | F40: V
B49: Non-directional inverse time delayed phase and residual overcurrentprotection
B51: Ealreq = | E51: 20 | F51: x | G51: Iop | H51: Isr | J51: x | K51: ( | L51: Rct | M51: + | N51: Rl | O51: + | P51: Sr | S51: ) | T51: ---(1)
H52: Ipr | P52: Ir | Q52: x | R52: Ir
C54: 1.2 times rated primary current concidered
C55: The primary operate value (A) | Q55: Iop | R55: = | S55: =1.2*S56 -> 3000 | U55: A
C56: The rated primary CT current (A) | Q56: Ipr | R56: = | S56: =H10 -> 2500 | U56: A
C57: The rated secondary CT current (A) | Q57: Isr | R57: = | S57: =O10 -> 1 | U57: A
C58: The rated current of the protection IED (A) | Q58: Ir | R58: = | S58: =S32 -> 1 | U58: A
C59: The secondary resistance of the CT (ohm) | Q59: Rct | R59: = | S59: =H12 -> 5 | U59: ohm
C60: The resistance of the secondary cable and additional load (ohm). | Q60: RL | R60: = | S60: =J22 -> 1.1170224 | U60: ohm
C61: The burden of an IED current input channel (VA) | Q61: SR | R61: = | S61: =J18 -> 0.02 | U61: VA
B63: Ealreq = | D63: =E51 -> 20 | E63: x | F63: =S55 -> 3000 | H63: x | I63: =S57 -> 1 | K63: x | L63: ( | M63: =S59 -> 5 | N63: + | O63: =S60 -> 1.1170224 | P63: + | Q63: =S61 -> 0.02 | T63: )
I64: =S56 -> 2500 | Q64: =S58 -> 1 | R64: x | S64: =S58 -> 1
C66: = | D66: =ROUNDUP(D63*F63*(I63/I64)*(M63+O63+(Q63/(Q64*S64))),2) -> 147.29 | F66: V
D68: KPV as per Hitachi recommendation | L68: Eal | M68: ≥ | N68: =CONCATENATE(Y68,X68,D40,Z68,D66,AA68) -> max(55.24,147.29) | X68: ( | Y68: max | Z68: , | AA68: )
L69: Eal | M69: ≥ | N69: =MAX(D66,D40) -> 147.29
L70: =H13 -> 750 | M70: ≥ | N70: =N69 -> 147.29
F72: Hence CT is: | H72: =IF(L70>N70,"Suitably Dimensioned","Under Dimensioned") -> Suitably Dimensioned
A93: Hence, the Recommended CT Parameters for Manufacturing are:
A94: CT / Core | D94: Ratio (A) | G94: CT Cable m/mm2 | I94: Class | K94: CT Resistance (W) @ 75OC | M94: Limiting Secondary Voltage (Ual), V | O94: Mag. Current (Io), mA at Vk | Q94: Relay / Instrument Type | S94: CT Suitability
A98: =B7 -> T1 | B98: =D7 -> Core1 | D98: =H10 -> 2500 | F98: =O10 -> 1 | G98: ='CT-VT Burdens'!S21 -> 120 | H98: ='CT-VT Burdens'!S10 -> 6 | I98: =H11 -> 5P20 | K98: =H12 -> 5 | M98: =H13 -> 750 | O98: =H14 -> 50 | Q98: =CONCATENATE(T7,"+",T8,"+",T9) -> REC670+REF650+ | S98: Suitably Dimensioned
D99: - | K99: - | M99: - | O99: - | S99: -
D100: - | K100: - | M100: - | O100: - | S100: -

Sheet RED670 IED TEMPLATE
A1: RED 670 IED TEMPLATE
B6: For CT Wiring | Q6: EXAMPLE INPUTS | U6: (UNITS)
B7: Inputs from the USER for CT parameters : | W7: Note: CT requirements for other protection functions are different. Pl. refer to Application Manual
C8: Conductor cross section in mm2 | Q8: A | R8: = | S8: 6 | U8: mm2 | V8: **
C9: Resistance at 200 C | Q9: R20 | R9: = | S9: 3.69 | U9: Ω/km
C10: Specific resistance at 200 C | I10: a is a Constant value which is | Q10: a | R10: = | S10: 0.00393 | U10: K-1
C11: Secondary current of CT | Q11: Is | R11: = | S11: 1 | U11: A
C12: Relay Rated current | Q12: Ir | R12: = | S12: 1 | U12: A
C13: Conductor length in meters ( CT to relay ) | Q13: L | R13: = | S13: 120 | U13: m | V13: ** | W13: Highest Vk required = | AB13: =Q318 -> 1508.5412
C14: Temperature t | I14: t is a Constant value which is | Q14: t | R14: = | S14: 75
B15: CALCULATIONS FOR CT WIRING:
B16: Resistance in Ω/km at t0 C = | H16: R20 [ 1 + a ( t - 200 C ) ]/1000
B17: After Substituting in these above Formula, Multiply by 0.001 for KM to M conversion.
C18: Resistance in ohms/m at 750 C = | Q18: R75 | R18: = | S18: =S9*(1+S10*(75-20))/1000 -> 0.0044875935 | U18: Ω/m
C19: Lead Resistance For CT | O19: RI | Q19: 2RL = 2 x R x L | R19: = | S19: 1.08 | U19: Ω
C20: VA consumption of the connecting leads | O20: PI | Q20: = Is2 X RI | R20: = | S20: =S11*S11*S19 -> 1.08 | U20: VA
Q22: EXAMPLE INPUTS | U22: (UNITS)
B23: For VT Wiring
B24: INPUTS FROM THE USER FOR VT PARAMETERS
B25: Burden of the connecting leads :
C26: Conductor cross section in mm2 | Q26: A | R26: = | S26: 2.5 | U26: mm2 | V26: **
C27: Resistance in W/km at 200 C | Q27: R20 | R27: = | S27: 8.87 | U27: Ω/km
C28: Specific resistance at 200 C | I28: (copper wires) | Q28: a | R28: = | S28: 0.00393 | U28: K-1
C29: Primary Voltage of VT | Q29: Vp | R29: = | S29: 132 / √3 | U29: kV
C30: Secondary Voltage of VT | Q30: Vs | R30: = | S30: 0.11 / √3 | U30: kV
C31: Conductor length For VT | Q31: l | R31: = | S31: 120 | U31: m | V31: **
B32: CALCULATIONS FOR CT WIRING:
B33: Resistance in Ω/km at t0 C R75 = | I33: R20 [ 1 + a ( t - 200 C ) ]/1000
C34: Resistance in W/km at 750 C = | R34: = | S34: =S27*(1+S28*(75-20)) -> 10.78725 | U34: Ω/km
C35: Resistance in W/m at 750 C = | Q35: R75 | R35: = | S35: =S34/1000 -> 0.01078725 | U35: Ω/m
C36: Lead Resistance of the current loop from the VT to Relay | O36: RI | Q36: 2RL = 2 x R x l | R36: = | S36: =2*S35*S31 -> 2.5889401 | U36: Ω
A38: The above CT Wiring and VT Wiring calculations is done for all the IEDs. SO, The inputs will be same for all IEDs in each bay. The formula will be same for all the bays. But the inputs might differ for each bays.
B43: IED BURDENS FOR CT VT CALCULATION | Q43: CT at 1A | S43: VT at 110V
A44: Relion 670/650 series Relays Such as (RED670,REC670,REB650,RET670) | O44: IED 670/650 | Q44: 0.02 | S44: 0.02 | U44: VA
A46: SIEMENS Siprotec Relay | M46: 7SLJ86 | Q46: 0.01 | S46: 0.01
A47: All relion series 670 and 650 IEDs will have 0.02 burden for both CT and VT
A48: The above values are the IED burden values. These are Standard values for Each IEDs
A50: INPUTS FROM USERS | O50: EXAMPLE INPUTS
B51: System Parameters:
C52: System Frequency | Q52: 50 | S52: Hz
C53: Bus Voltage Level | Q53: 132 | S53: kV
C54: Max. Bus fault level | Q54: 50 | S54: kA
C55: X/R Ratio | Q55: 15
B56: Power line parameter Inputs :
A57: Assumed Cable: | E57: 3 | F57: C, | G57: CU | H57: HDPE, | J57: 240 | L57: mm2, | N57: 1 | O57: Cables/phase
B58: Cable Details Inputs
C60: Positive Sequence- Resistance | O60: R1 | P60: = | Q60: 0.0221 | S60: Ω/Km
C61: Positive Sequence- Reactance | O61: X1 | P61: = | Q61: 0.16 | S61: Ω/Km
C62: Zero Sequence- Resistance | O62: R0 | P62: = | Q62: 0.13 | S62: Ω/Km
C63: Zero Sequence- Reactance | O63: X0 | P63: = | Q63: 0.06 | S63: Ω/Km
C64: Route length | O64: RL | P64: = | Q64: 1.74 | S64: km
A65: FORMULA
C66: Cable +Ve seq. impedence | J66: Z1 | K66: = | L66: R1 /1 | N66: + j | O66: X1/1 | Q66: Ω/Km
C67: Cable Zero seq. impedence | J67: Z0 | K67: = | L67: R0/1 | N67: + j | O67: X0/1 | Q67: Ω/Km | Z67: =IF(E320>H320,">","<") -> >
C68: Total cable +Ve seq. impedence | J68: Z1L | K68: = | L68: R1/1*RL | N68: + j | O68: X1/1*RL | Q68: Ω
C69: Total cable Zero seq. impedence | J69: Z0L | K69: = | L69: R1/1*RL | N69: + j | O69: X0/1*RL | Q69: Ω | Z69: =IF(G319=">","Suitably Dimensioned","Under Dimensioned") -> Suitably Dimensioned
A71: The calculated Values for the above formulas :
C72: Cable +Ve seq. impedence | J72: Z1 | K72: = | L72: =Q60/N57 -> 0.0221 | N72: + j | O72: =Q61/N57 -> 0.16 | Q72: Ω/Km
C73: Cable Zero seq. impedence | J73: Z0 | K73: = | L73: =Q62/N57 -> 0.13 | N73: + j | O73: =Q63/N57 -> 0.06 | Q73: Ω/Km
C74: Total cable +Ve seq. impedence | J74: Z1L | K74: = | L74: =L72*Q64 -> 0.038454 | N74: + j | O74: =O72*Q64 -> 0.2784 | Q74: Ω
C75: Total cable Zero seq. impedence | J75: Z0L | K75: = | L75: =L73*Q64 -> 0.2262 | N75: + j | O75: =O73*Q64 -> 0.1044 | Q75: Ω
B77: Fault Current & Time Constant Calculations:
C78: Maximum HV Busbar fault current | J78: Formula = Max. Bus fault level*1000
O79: I | P79: = | Q79: =Q54*1000 -> 50000 | S79: A
A80: HV rating of Busbar Formula = Bus Voltage Level*1000
O81: V | P81: = | Q81: =Q53*1000 -> 132000 | S81: V
A82: For the above fault condition Source impedance (Zs), considering voltage | Q82: 1
E83: Zs | F83: = | G83: (V | H83: X | I83: 1 | J83: ) / | K83: (√3 | L83: x | M83: I) | S83: Ω
A84: = (132000 X 1 ) / (√3 X 50000) =>
C85: Zs | D85: = | E85: =(Q81*Q82)/(SQRT(3)*Q79) -> 1.5242047
A86: Source X / R ratio Formula
F87: = | G87: 2 | H87: x | I87: p | J87: x | K87: f | L87: x | M87: (L/R)
A88: USER INPUTS
E89: System X/R Ratio | L89: X/R | P89: = | Q89: =Q55 -> 15
E90: System Frequency | L90: f | P90: = | Q90: =Q52 -> 50
C91: Now, | E91: Impedence Angle Formula | L91: øs = | M91: Tan-1(X/R) | P91: = | Q91: =ATAN(Q89) -> 1.5042282
P92: =
E95: System Resistance | K95: Rs | L95: =Zs x Cos øs | P95: = | Q95: =E85*COS(Q91) -> 0.10138859 | S95: W
E96: System Reactance | K96: Xs | L96: =Zs x Sin øs | P96: = | Q96: =E85*SIN(Q91) -> 1.5208288 | S96: W
E97: Source Impedence Formula | K97: Zs | L97: = | N97: Rs | P97: +j | Q97: Xs
C98: Hence, | E98: Source Impedence | K98: Zs | L98: = | N98: =Q95 -> 0.10138859 | P98: + j | Q98: =Q96 -> 1.5208288 | S98: W
A99: Source Impedance Ratio (SIR)
C100: SIR | D100: = | E100: Zs | F100: / | G100: (80% * Z1L) | L100: where, | N100: Z1L | O100: = | P100: =SQRT(L74^2+O74^2) -> 0.28104318 | R100: ohm
D101: = | E101: =E85 -> 1.5242047 | G101: / | H101: ( 0.8 * | J101: =P100 -> 0.28104318 | L101: )
D102: = | E102: =E101/(0.8*J101) -> 6.7792283
A106: Determination of System Time-constant (L/R):
B108: System X/R Ratio | O108: X/R | P108: = | Q108: =Q55 -> 15
B109: System Frequency | O109: f | P109: = | Q109: =Q52 -> 50 | S109: Hz
O110: p | P110: = | Q110: 3.1428571
B111: Hence, System tp (L/R) | G111: = | H111: X/R | I111: / | J111: 2 | K111: x | L111: p | M111: x | N111: f | P111: = | Q111: =(Q108*1000)/(J111*(22/7)*Q109) -> 47.727273 | S111: ms
A113: Determination of Fault Current for 3-ph Through Fault:
A114: Fault Impedence | E114: Z1t | F114: = | H114: Zs | I114: + | J114: Z1L
F115: = ( | G115: =N98 -> 0.10138859 | I115: + j | J115: =Q98 -> 1.5208288 | L115: ) + ( | M115: =L74 -> 0.038454 | O115: + j | P115: =O74 -> 0.2784 | R115: )
F116: = | G116: =G115+M115 -> 0.13984259 | I116: +j | J116: =J115+P115 -> 1.7992288 | L116: W
F118: = | G118: SQRT ((0.1398)^2+ (J 1.7992)^2)
F119: = | G119: =SQRT(G116^2+J116^2) -> 1.8046552 | I119: Ð | J119: =DEGREES(ATAN(J116/G116)) -> 85.555699 | L119: W | M119: (DEGREES(ATAN(J124/G124))
E120: Therefore, X/R ratio | F120: = | G120: =J116/G116 -> 12.866101
B121: Hence, 3-ph fault current for Through faults | J121: HV RATING OF BUSBAR X 1.0 Z1t X √3
M123: =Q81 -> 132000 | P123: =Q82 -> 1
M124: =+G119 -> 1.8046552 | O124: x | P124: √3 | Q124: =SQRT(3) -> 1.7320508
...

Sheet 7SJ85 IED TEMPLATE
H2: 7SJ85 IED TEMPLATE
B5: For CT Wiring | Q5: EXAMPLE INPUTS | U5: (UNITS) | X5: For CT Wiring | AM5: EXAMPLE INPUTS | AQ5: (UNITS)
B6: Inputs from the USER for CT parameters : | X6: Inputs from the USER for CT parameters :
C7: Conductor cross section in mm2 | Q7: A | R7: = | S7: 6 | U7: mm2 | V7: ** | Y7: Conductor cross section in mm2 | AM7: A | AN7: = | AO7: 6 | AQ7: mm2 | AR7: **
C8: Resistance at 200 C | Q8: R20 | R8: = | S8: 3.69 | U8: Ω/km | Y8: Resistance at 200 C | AM8: R20 | AN8: = | AO8: 3.69 | AQ8: Ω/km
C9: Specific resistance at 200 C | I9: a is a Constant value which is | Q9: a | R9: = | S9: 0.00393 | U9: K-1 | Y9: Specific resistance at 200 C | AE9: a is a Constant value which is | AM9: a | AN9: = | AO9: 0.00393 | AQ9: K-1
C10: Secondary current of CT | Q10: Is | R10: = | S10: 1 | U10: A | Y10: Secondary current of CT | AM10: Is | AN10: = | AO10: 1 | AQ10: A
C11: Relay Rated current | Q11: Ir | R11: = | S11: 1 | U11: A | Y11: Relay Rated current | AM11: Ir | AN11: = | AO11: 1 | AQ11: A
C12: Conductor length in meters ( CT to relay ) | Q12: L | R12: = | S12: 120 | U12: m | V12: ** | Y12: Conductor length in meters ( CT to relay ) | AM12: L | AN12: = | AO12: 120 | AQ12: m | AR12: **
C13: Temperature t | I13: t is a Constant value which is | Q13: t | R13: = | S13: 75 | Y13: Temperature t | AE13: t is a Constant value which is | AM13: t | AN13: = | AO13: 75
B14: CALCULATIONS FOR CT WIRING: | X14: CALCULATIONS FOR CT WIRING:
B15: Resistance in Ω/km at t0 C = | H15: R20 [ 1 + a ( t - 200 C ) ]/1000 | X15: Resistance in Ω/km at t0 C = | AD15: R20 [ 1 + a ( t - 200 C ) ]/1000
B16: After Substituting in these above Formula, Multiply by 0.001 for KM to M conversion. | X16: After Substituting in these above Formula, Multiply by 0.001 for KM to M conversion. | AT16: =AO12*(1+AO13*(75-20)) -> 495120 | AV16: 5.61
C17: Resistance in ohms/m at 750 C = | Q17: R75 | R17: = | S17: =S8*(1+S9*(75-20))/1000 -> 0.0044875935 | U17: Ω/m | Y17: Resistance in ohms/m at 750 C = | AM17: R75 | AN17: = | AO17: =AO8*(1+AO9*(75-20))/1000 -> 0.0044875935 | AQ17: Ω/m
C18: Lead Resistance For CT | O18: RI | Q18: 2RL = 2 x R x L | R18: = | S18: 1.08 | U18: Ω | Y18: Lead Resistance For CT | AK18: RI | AM18: 2RL = 2 x R x L | AN18: = | AO18: 1.08 | AQ18: Ω
C19: VA consumption of the connecting leads | O19: PI | Q19: = Is2 X RI | R19: = | S19: =S10*S10*S18 -> 1.08 | U19: VA | Y19: VA consumption of the connecting leads | AK19: PI | AM19: = Is2 X RI | AN19: = | AO19: =AO10*AO10*AO18 -> 1.08 | AQ19: VA
Q21: EXAMPLE INPUTS | U21: (UNITS) | AM21: EXAMPLE INPUTS | AQ21: (UNITS) | AT21: This Current Must be Linked Later to Fault Setting
B22: For VT Wiring | X22: For VT Wiring
B23: INPUTS FROM THE USER FOR VT PARAMETERS | X23: INPUTS FROM THE USER FOR VT PARAMETERS
B24: Burden of the connecting leads : | X24: Burden of the connecting leads :
C25: Conductor cross section in mm2 | Q25: A | R25: = | S25: 2.5 | U25: mm2 | V25: ** | Y25: Conductor cross section in mm2 | AM25: A | AN25: = | AO25: 2.5 | AQ25: mm2 | AR25: **
C26: Resistance in W/km at 200 C | Q26: R20 | R26: = | S26: 8.87 | U26: Ω/km | Y26: Resistance in W/km at 200 C | AM26: R20 | AN26: = | AO26: 8.87 | AQ26: Ω/km
C27: Specific resistance at 200 C | I27: (copper wires) | Q27: a | R27: = | S27: 0.00393 | U27: K-1 | Y27: Specific resistance at 200 C | AE27: (copper wires) | AM27: a | AN27: = | AO27: 0.00393 | AQ27: K-1
C28: Primary Voltage of VT | Q28: Vp | R28: = | S28: 132 / √3 | U28: kV | Y28: Primary Voltage of VT | AM28: Vp | AN28: = | AO28: 132 / √3 | AQ28: kV
C29: Secondary Voltage of VT | Q29: Vs | R29: = | S29: 0.11 / √3 | U29: kV | Y29: Secondary Voltage of VT | AM29: Vs | AN29: = | AO29: 0.11 / √3 | AQ29: kV
C30: Conductor length For VT | Q30: l | R30: = | S30: 120 | U30: m | V30: ** | Y30: Conductor length For VT | AM30: l | AN30: = | AO30: 120 | AQ30: m | AR30: **
B31: CALCULATIONS FOR CT WIRING: | X31: CALCULATIONS FOR CT WIRING:
B32: Resistance in Ω/km at t0 C R75 = | I32: R20 [ 1 + a ( t - 200 C ) ]/1000 | X32: Resistance in Ω/km at t0 C R75 = | AE32: R20 [ 1 + a ( t - 200 C ) ]/1000
C33: Resistance in W/km at 750 C = | R33: = | S33: =S26*(1+S27*(75-20)) -> 10.78725 | U33: Ω/km | Y33: Resistance in W/km at 750 C = | AN33: = | AO33: =AO26*(1+AO27*(75-20)) -> 10.78725 | AQ33: Ω/km
C34: Resistance in W/m at 750 C = | Q34: R75 | R34: = | S34: =S33/1000 -> 0.01078725 | U34: Ω/m | Y34: Resistance in W/m at 750 C = | AM34: R75 | AN34: = | AO34: =AO33/1000 -> 0.01078725 | AQ34: Ω/m
C35: Lead Resistance of the current loop from the VT to Relay | O35: RI | Q35: 2RL = 2 x R x l | R35: = | S35: =2*S34*S30 -> 2.5889401 | U35: Ω | Y35: Lead Resistance of the current loop from the VT to Relay | AK35: RI | AM35: 2RL = 2 x R x l | AN35: = | AO35: =2*AO34*AO30 -> 2.5889401 | AQ35: Ω
A37: The above CT Wiring and VT Wiring calculations is done for all the IEDs. SO, The inputs will be same for all IEDs in each bay. The formula will be same for all the bays. But the inputs might differ for each bays. | W37: The above CT Wiring and VT Wiring calculations is done for all the IEDs. SO, The inputs will be same for all IEDs in each bay. The formula will be same for all the bays. But the inputs might differ for each bays.
B42: IED BURDENS FOR CT VT CALCULATION | Q42: CT at 1A | S42: VT at 110V | X42: IED BURDENS FOR CT VT CALCULATION | AM42: CT at 1A | AO42: VT at 110V
A43: Relion 670/650 series Relays Such as (RED670,REC670,REB650,RET670) | O43: IED 670/650 | Q43: 0.02 | S43: 0.02 | U43: VA | W43: Relion 670/650 series Relays Such as (RED670,REC670,REB650,RET670) | AK43: IED 670/650 | AM43: 0.02 | AO43: 0.02 | AQ43: VA
A45: SIEMENS Siprotec Relay | M45: 7SLJ86 | Q45: 0.01 | S45: 0.01 | W45: SIEMENS Siprotec Relay | AI45: 7SLJ86 | AM45: 0.01 | AO45: 0.01
A46: All relion series 670 and 650 IEDs will have 0.02 burden for both CT and VT | W46: All relion series 670 and 650 IEDs will have 0.02 burden for both CT and VT
A47: The above values are the IED burden values. These are Standard values for Each IEDs | W47: The above values are the IED burden values. These are Standard values for Each IEDs
A49: INPUTS FROM USERS | O49: EXAMPLE INPUTS | W49: INPUTS FROM USERS | AK49: EXAMPLE INPUTS
B50: System Parameters: | X50: System Parameters:
C51: System Frequency | Q51: 50 | S51: Hz | Y51: System Frequency | AM51: 50 | AO51: Hz
C52: Bus Voltage Level | Q52: 132 | S52: kV | Y52: Bus Voltage Level | AM52: 132 | AO52: kV
C53: Max. Bus fault level | Q53: 50 | S53: kA | Y53: Max. Bus fault level | AM53: 50 | AO53: kA
C54: X/R Ratio | Q54: 15 | Y54: X/R Ratio | AM54: 15
B55: Power line parameter Inputs : | X55: Power line parameter Inputs :
A56: Assumed Cable: | E56: 3 | F56: C, | G56: CU | H56: HDPE, | J56: 240 | L56: mm2, | N56: 1 | O56: Cables/phase | W56: Assumed Cable: | AA56: 3 | AB56: C, | AC56: CU | AD56: HDPE, | AF56: 240 | AH56: mm2, | AJ56: 1 | AK56: Cables/phase
B57: Cable Details Inputs | X57: Cable Details Inputs
C59: Positive Sequence- Resistance | O59: R1 | P59: = | Q59: 0.0221 | S59: Ω/Km | Y59: Positive Sequence- Resistance | AK59: R1 | AL59: = | AM59: 0.0221 | AO59: Ω/Km
C60: Positive Sequence- Reactance | O60: X1 | P60: = | Q60: 0.16 | S60: Ω/Km | Y60: Positive Sequence- Reactance | AK60: X1 | AL60: = | AM60: 0.16 | AO60: Ω/Km
C61: Zero Sequence- Resistance | O61: R0 | P61: = | Q61: 0.13 | S61: Ω/Km | Y61: Zero Sequence- Resistance | AK61: R0 | AL61: = | AM61: 0.13 | AO61: Ω/Km
C62: Zero Sequence- Reactance | O62: X0 | P62: = | Q62: 0.06 | S62: Ω/Km | Y62: Zero Sequence- Reactance | AK62: X0 | AL62: = | AM62: 0.06 | AO62: Ω/Km
C63: Route length | O63: RL | P63: = | Q63: 1.74 | S63: km | Y63: Route length | AK63: RL | AL63: = | AM63: 1.74 | AO63: km
A64: FORMULA | W64: FORMULA
C65: Cable +Ve seq. impedence | J65: Z1 | K65: = | L65: R1 /1 | N65: + j | O65: X1/1 | Q65: Ω/Km | Y65: Cable +Ve seq. impedence | AF65: Z1 | AG65: = | AH65: R1 /1 | AJ65: + j | AK65: X1/1 | AM65: Ω/Km
C66: Cable Zero seq. impedence | J66: Z0 | K66: = | L66: R0/1 | N66: + j | O66: X0/1 | Q66: Ω/Km | Y66: Cable Zero seq. impedence | AF66: Z0 | AG66: = | AH66: R0/1 | AJ66: + j | AK66: X0/1 | AM66: Ω/Km
C67: Total cable +Ve seq. impedence | J67: Z1L | K67: = | L67: R1/1*RL | N67: + j | O67: X1/1*RL | Q67: Ω | Y67: Total cable +Ve seq. impedence | AF67: Z1L | AG67: = | AH67: R1/1*RL | AJ67: + j | AK67: X1/1*RL | AM67: Ω
C68: Total cable Zero seq. impedence | J68: Z0L | K68: = | L68: R1/1*RL | N68: + j | O68: X0/1*RL | Q68: Ω | Y68: Total cable Zero seq. impedence | AF68: Z0L | AG68: = | AH68: R1/1*RL | AJ68: + j | AK68: X0/1*RL | AM68: Ω
A70: The calculated Values for the above formulas : | W70: The calculated Values for the above formulas :
C71: Cable +Ve seq. impedence | J71: Z1 | K71: = | L71: =Q59/N56 -> 0.0221 | N71: + j | O71: =Q60/N56 -> 0.16 | Q71: Ω/Km | Y71: Cable +Ve seq. impedence | AF71: Z1 | AG71: = | AH71: =AM59/AJ56 -> 0.0221 | AJ71: + j | AK71: =AM60/AJ56 -> 0.16 | AM71: Ω/Km
C72: Cable Zero seq. impedence | J72: Z0 | K72: = | L72: =Q61/N56 -> 0.13 | N72: + j | O72: =Q62/N56 -> 0.06 | Q72: Ω/Km | Y72: Cable Zero seq. impedence | AF72: Z0 | AG72: = | AH72: =AM61/AJ56 -> 0.13 | AJ72: + j | AK72: =AM62/AJ56 -> 0.06 | AM72: Ω/Km
C73: Total cable +Ve seq. impedence | J73: Z1L | K73: = | L73: =L71*Q63 -> 0.038454 | N73: + j | O73: =O71*Q63 -> 0.2784 | Q73: Ω | Y73: Total cable +Ve seq. impedence | AF73: Z1L | AG73: = | AH73: =AH71*AM63 -> 0.038454 | AJ73: + j | AK73: =AK71*AM63 -> 0.2784 | AM73: Ω
C74: Total cable Zero seq. impedence | J74: Z0L | K74: = | L74: =L72*Q63 -> 0.2262 | N74: + j | O74: =O72*Q63 -> 0.1044 | Q74: Ω | Y74: Total cable Zero seq. impedence | AF74: Z0L | AG74: = | AH74: =AH72*AM63 -> 0.2262 | AJ74: + j | AK74: =AK72*AM63 -> 0.1044 | AM74: Ω
B76: Fault Current & Time Constant Calculations: | X76: Fault Current & Time Constant Calculations:
C77: Maximum HV Busbar fault current | J77: Formula = Max. Bus fault level*1000 | Y77: Maximum HV Busbar fault current | AF77: Formula = Max. Bus fault level*1000
O78: I | P78: = | Q78: =Q53*1000 -> 50000 | S78: A | AK78: I | AL78: = | AM78: =AM53*1000 -> 50000 | AO78: A
A79: HV rating of Busbar Formula = Bus Voltage Level*1000 | W79: HV rating of Busbar Formula = Bus Voltage Level*1000
O80: V | P80: = | Q80: =Q52*1000 -> 132000 | S80: V | AK80: V | AL80: = | AM80: =AM52*1000 -> 132000 | AO80: V
A81: For the above fault condition Source impedance (Zs), considering voltage | Q81: 1 | W81: For the above fault condition Source impedance (Zs), considering voltage | AM81: 1
E82: Zs | F82: = | G82: (V | H82: X | I82: 1 | J82: ) / | K82: (√3 | L82: x | M82: I) | S82: Ω | AA82: Zs | AB82: = | AC82: (V | AD82: X | AE82: 1 | AF82: ) / | AG82: (√3 | AH82: x | AI82: I) | AO82: Ω
A83: = (132000 X 1 ) / (√3 X 50000) => | W83: = (132000 X 1 ) / (√3 X 50000) => | AS83: =G324 -> #VALUE!
C84: Zs | D84: = | E84: =(Q80*Q81)/(SQRT(3)*Q78) -> 1.5242047 | Y84: Zs | Z84: = | AA84: =(AM80*AM81)/(SQRT(3)*AM78) -> 1.5242047
A85: Source X / R ratio Formula | W85: Source X / R ratio Formula
F86: = | G86: 2 | H86: x | I86: p | J86: x | K86: f | L86: x | M86: (L/R) | AB86: = | AC86: 2 | AD86: x | AE86: p | AF86: x | AG86: f | AH86: x | AI86: (L/R)
A87: USER INPUTS | W87: USER INPUTS
E88: System X/R Ratio | L88: X/R | P88: = | Q88: =Q54 -> 15 | AA88: System X/R Ratio | AH88: X/R | AL88: = | AM88: =AM54 -> 15
E89: System Frequency | L89: f | P89: = | Q89: =Q51 -> 50 | AA89: System Frequency | AH89: f | AL89: = | AM89: =AM51 -> 50
C90: Now, | E90: Impedence Angle Formula | L90: øs = | M90: Tan-1(X/R) | Y90: Now, | AA90: Impedence Angle Formula | AH90: øs = | AI90: Tan-1(X/R)
E91: Impedence Angle in radians | L91: øs | P91: = | Q91: =ATAN(Q88) -> 1.5042282 | AA91: Impedence Angle in radians | AH91: øs | AL91: = | AM91: =ATAN(AM88) -> 1.5042282
E94: System Resistance | K94: Rs | L94: =Zs x Cos øs | P94: = | Q94: =E84*COS(Q91) -> 0.10138859 | S94: W | AA94: System Resistance | AG94: Rs | AH94: =Zs x Cos øs | AL94: = | AM94: =AA84*COS(AM91) -> 0.10138859 | AO94: W
E95: System Reactance | K95: Xs | L95: =Zs x Sin øs | P95: = | Q95: =E84*SIN(Q91) -> 1.5208288 | S95: W | AA95: System Reactance | AG95: Xs | AH95: =Zs x Sin øs | AL95: = | AM95: =AA84*SIN(AM91) -> 1.5208288 | AO95: W
E96: Source Impedence Formula | K96: Zs | L96: = | N96: Rs | P96: +j | Q96: Xs | AA96: Source Impedence Formula | AG96: Zs | AH96: = | AJ96: Rs | AL96: +j | AM96: Xs
C97: Hence, | E97: Source Impedence | K97: Zs | L97: = | N97: =Q94 -> 0.10138859 | P97: + j | Q97: =Q95 -> 1.5208288 | S97: W | Y97: Hence, | AA97: Source Impedence | AG97: Zs | AH97: = | AJ97: =AM94 -> 0.10138859 | AL97: + j | AM97: =AM95 -> 1.5208288 | AO97: W
A98: Source Impedance Ratio (SIR) | W98: Source Impedance Ratio (SIR)
C99: SIR | D99: = | E99: Zs | F99: / | G99: (80% * Z1L) | L99: where, | N99: Z1L | O99: = | P99: =SQRT(L73^2+O73^2) -> 0.28104318 | R99: ohm | Y99: SIR | Z99: = | AA99: Zs | AB99: / | AC99: (80% * Z1L) | AH99: where, | AJ99: Z1L | AK99: = | AL99: =SQRT(AH73^2+AK73^2) -> 0.28104318 | AN99: ohm
D100: = | E100: =E84 -> 1.5242047 | G100: / | H100: ( 0.8 * | J100: =P99 -> 0.28104318 | L100: ) | Z100: = | AA100: =AA84 -> 1.5242047 | AC100: / | AD100: ( 0.8 * | AF100: =AL99 -> 0.28104318 | AH100: )
D101: = | E101: =E100/(0.8*J100) -> 6.7792283 | Z101: = | AA101: =AA100/(0.8*AF100) -> 6.7792283
A105: Determination of System Time-constant (L/R): | W105: Determination of System Time-constant (L/R):
B107: System X/R Ratio | O107: X/R | P107: = | Q107: =Q54 -> 15 | X107: System X/R Ratio | AK107: X/R | AL107: = | AM107: =AM54 -> 15
B108: System Frequency | O108: f | P108: = | Q108: =Q51 -> 50 | S108: Hz | X108: System Frequency | AK108: f | AL108: = | AM108: =AM51 -> 50 | AO108: Hz
O109: p | P109: = | Q109: 3.1428571 | AK109: p | AL109: = | AM109: 3.1428571
B110: Hence, System tp (L/R) | G110: = | H110: X/R | I110: / | J110: 2 | K110: x | L110: p | M110: x | N110: f | P110: = | Q110: =(Q107*1000)/(J110*(22/7)*Q108) -> 47.727273 | S110: ms | X110: Hence, System tp (L/R) | AC110: = | AD110: X/R | AE110: / | AF110: 2 | AG110: x | AH110: p | AI110: x | AJ110: f | AL110: = | AM110: =(AM107*1000)/(AF110*(22/7)*AM108) -> 47.727273 | AO110: ms
A112: Determination of Fault Current for 3-ph Through Fault: | W112: Determination of Fault Current for 3-ph Through Fault:
A113: Fault Impedence | E113: Z1t | F113: = | H113: Zs | I113: + | J113: Z1L | W113: Fault Impedence | AA113: Z1t | AB113: = | AD113: Zs | AE113: + | AF113: Z1L
F114: = ( | G114: =N97 -> 0.10138859 | I114: + j | J114: =Q97 -> 1.5208288 | L114: ) + ( | M114: =L73 -> 0.038454 | O114: + j | P114: =O73 -> 0.2784 | R114: ) | AB114: = ( | AC114: =AJ97 -> 0.10138859 | AE114: + j | AF114: =AM97 -> 1.5208288 | AH114: ) + ( | AI114: =AH73 -> 0.038454 | AK114: + j | AL114: =AK73 -> 0.2784 | AN114: )
F115: = | G115: =G114+M114 -> 0.13984259 | I115: +j | J115: =J114+P114 -> 1.7992288 | L115: W | AB115: = | AC115: =AC114+AI114 -> 0.13984259 | AE115: +j | AF115: =AF114+AL114 -> 1.7992288 | AH115: W
F116: = | G116: SQRT ((0.1398)^2+ (J 1.7992)^2) | AB116: = | AC116: SQRT ((0.1398)^2+ (J 1.7992)^2)
F117: = | G117: =SQRT(G115^2+J115^2) -> 1.8046552 | I117: Ð | J117: =DEGREES(ATAN(J115/G115)) -> 85.555699 | L117: W | M117: (DEGREES(ATAN(J124/G124)) | AB117: = | AC117: =SQRT(AC115^2+AF115^2) -> 1.8046552 | AE117: Ð | AF117: =DEGREES(ATAN(AF115/AC115)) -> 85.555699 | AH117: W | AI117: (DEGREES(ATAN(J124/G124))
E118: Therefore, X/R ratio | F118: = | G118: =J115/G115 -> 12.866101 | AA118: Therefore, X/R ratio | AB118: = | AC118: =AF115/AC115 -> 12.866101
B119: Hence, 3-ph fault current for Through faults | J119: HV RATING OF BUSBAR X 1.0 Z1t X √3 | X119: Hence, 3-ph fault current for Through faults | AF119: HV RATING OF BUSBAR X 1.0 Z1t X √3
M121: =Q80 -> 132000 | P121: =Q81 -> 1 | AI121: =AM80 -> 132000 | AL121: =AM81 -> 1
M122: =+G117 -> 1.8046552 | O122: x | P122: √3 | Q122: =SQRT(3) -> 1.7320508 | AI122: =+AC117 -> 1.8046552 | AK122: x | AL122: √3 | AM122: =SQRT(3) -> 1.7320508
...

Sheet TR. MAIN-2 MF 
A1: HITACHI | H1: =[3]Title!H1 -> CT / VT | O1: =Title!O1 -> Contract No. | R1: =Title!R1 -> N-19957.2-DF4W
H2: =[3]Title!H2 -> CALCULATION | O2: =Title!O2 -> Date | R2: =Title!R2 -> 46134
H3: =Title!H3 -> 132/33kV SUBSTATION DF4W AT AL DHAFRA AREA | O3: =Title!O3 -> Document No. | R3: =Title!R3 -> -
O4: =Title!O4 -> Revision No. | R4: =Title!R4 -> A
A5: =[3]Title!A5 -> Prep. By | C5: =[3]Title!C5 -> PK | D5: =[3]Title!D5 -> Checked By | G5: =[3]Title!G5 -> RN | H5: 132kV_100MVA TR. FEEDERS | O5: =Title!O5 -> Contractor | R5: =Title!R5 -> HITACHI
B7: T1 | D7: Core2 | G7: (Multi Func. Trans. Prtn + FMS + HV REF) | S7: Connected devices: | T7: 7UT85
H9: Tap-1 | J9: Tap-2 | L9: Tap-3
B10: CT Ratio: | H10: 3200 | J10: 600 | L10: - | N10: / | O10: 1 | P10: A
B11: Class of Accuracy: | H11: PX
B12: CT Resistance: | G12: Rct< | H12: 16 | J12: W
B13: Knee Point Voltage: | G13: Vk> | H13: 1600 | J13: V | W13: Highest Vk required = | AB13: =D57 -> 107.36
B14: Magnetizing Current: | G14: I0< | H14: 10 | J14: mA at Vk
A16: Other Burdens on same CT core:
B18: Burden of | D18: =T7 -> 7UT85 | H18: Sr' | I18: = | J18: ='CT-VT Burdens'!Q119 -> 0.1 | L18: VA
B19: Burden of | D19: =T8 -> 0 | I19: = | L19: VA
B20: Burden of | D20: =T9 -> 0 | I20: = | L20: VA
B21: Total lead burden | H21: Sl' | I21: = | J21: ='CT-VT Burdens'!S24 -> 1.0770224 | L21: VA
B22: Total lead + other burden | H22: Sl | I22: = | J22: =J19+J21 -> 1.0770224 | L22: VA
B24: Resisitance of the relay: | M24: Lead + Other resisitance connected
B25: Rr | C25: = | D25: Sr' | E25: / ( | F25: Ir | G25: x | H25: Ir | I25: ) | M25: Rl | N25: = | O25: Sl | P25: / ( | Q25: Isn | R25: x | S25: Isn | T25: )
C26: = | D26: =J18 -> 0.1 | E26: / ( | F26: =S53 -> 1 | G26: x | H26: =S53 -> 1 | I26: ) | N26: = | O26: =J22 -> 1.0770224 | P26: / ( | Q26: =O10 -> 1 | R26: x | S26: =O10 -> 1 | T26: )
C27: = | D27: =D26/(F26*H26) -> 0.1 | F27: W | N27: = | O27: =O26/(Q26*S26) -> 1.0770224 | Q27: W
B29: Hence, Total Burden connected to CT core, Rb' | L29: = | M29: =D27 -> 0.1 | O29: + | P29: =O27 -> 1.0770224 | R29: = | S29: =M29+P29 -> 1.1770224 | U29: W
A30: Power Transformer Data:
B31: Power Rating | N31: = | O31: 100 | Q31: MVA
B32: Percentage Impedance | N32: = | O32: 25 | Q32: %
B33: HV Rated Voltage, | M33: Un1 | N33: = | O33: 132 | Q33: kV
A35: Transformer Full load current | H35: Int | I35: = | J35: MVA | L35: x | M35: 1000 | N35: / | O35: √3 | P35: x | Q35: Un1 | R35: )
I36: = | J36: =O31 -> 100 | L36: x | M36: 1000 | N36: / | O36: √3 | P36: x | Q36: =O33 -> 132 | R36: )
I37: = | J37: =(O31*1000)/(SQRT(3)*O33) -> 437.38657 | L37: A
A38: The internal fault current shall be 50kA.
A40: Internal Fault Current (LV Side) | N40: = | O40: 50000 | Q40: A
B42: Vk | C42: ³ | G42: 0.4 | H42: x | I42: Isccmax (int. fault) | N42: x ( | O42: Rct | P42: + | Q42: Rbc | R42: ) x | S42: Isr | U42: ---(1)
I43: Ipr
B47: Rated primary current of the current transformer | P47: Ipr | R47: = | S47: =H10 -> 3200 | U47: A
B48: CT Internal Resistance | P48: Rct | R48: = | S48: =H12 -> 16 | U48: W
B49: Burden of CT Leads and burden of relay | P49: Rbc | R49: = | S49: =S29 -> 1.1770224 | U49: W
B50: Rated secondary current of the current transformer | P50: Isn | R50: = | S50: =O10 -> 1 | U50: A
B51: Max fault current at close-in fault | P51: Isccmax (int. fault) | R51: = | S51: =O40 -> 50000 | U51: A
B52: Transformer nominal current | P52: Ino | R52: = | S52: =J37 -> 437.38657 | U52: A
B53: Relay normal current | P53: Inrelay (Ir) | R53: = | S53: ='[3]CT-VT Burdens'!S18 -> 1 | U53: A
B55: Vk | C55: ³ | G55: =G42 -> 0.4 | H55: x | I55: =O40 -> 50000 | N55: x ( | O55: =S48 -> 16 | P55: + | Q55: =S49 -> 1.1770224 | R55: ) x | S55: =S50 -> 1 | U55: ---(1)
I56: =H10 -> 3200
C57: = | D57: =ROUNDUP(G55*(I55/(I56)*(O55+Q55)*S55),2) -> 107.36 | F57: V
A63: Maximum through Fault Current (LV Side) | M63: Itf | N63: = | O63: Int | Q63: / | R63: =B32 -> Percentage Impedance
N64: = | O64: =J37 -> 437.38657 | Q64: / | R64: =O32% -> 0.25
M65: Itf | N65: = | O65: =O64/R64 -> 1749.5463 | Q65: A
B67: Vk | C67: ³ | G67: 1.6 | H67: x | I67: Isccmax (Ext. fault) | N67: x ( | O67: Rct | P67: + | Q67: Rbc | R67: ) x | S67: Isr | U67: ---(2)
I68: Ipr
B70: Rated primary current of the current transformer | P70: Ipr | R70: = | S70: =H10 -> 3200 | U70: A
B71: CT Internal Resistance | P71: Rct | R71: = | S71: =H12 -> 16 | U71: W
B72: Burden of CT Leads and burden of relay | P72: Rbc | R72: = | S72: =S29 -> 1.1770224 | U72: W
B73: Rated secondary current of the current transformer | P73: Isn | R73: = | S73: =O10 -> 1 | U73: A
B74: Max fault current at close-in fault | P74: Isccmax (Ext. fault) | R74: = | S74: =O65 -> 1749.5463 | U74: A
B75: Transformer nominal current | P75: Ino | R75: = | S75: =J37 -> 437.38657 | U75: A
B76: Relay normal current | P76: Inrelay (Ir) | R76: = | S76: =O10 -> 1 | U76: A
B78: Vk | C78: ³ | G78: =G67 -> 1.6 | H78: x | I78: =O65 -> 1749.5463 | N78: x ( | O78: =S71 -> 16 | P78: + | Q78: =S72 -> 1.1770224 | R78: ) x | S78: =S73 -> 1 | U78: ---(2)
I79: =H10 -> 3200
C80: = | D80: =ROUNDUP(G78*(I78/(I79)*(O78+Q78)*S78),2) -> 15.03 | F80: V
A81: At least | U81: ---(3)
E82: Vk | F82: ³ | G82: 20 | H82: x | I82: Isr | J82: x ( | K82: Rct | L82: + | M82: Rbc | N82: )
B83: CT Internal Resistance | P83: Rct | R83: = | S83: =H12 -> 16 | U83: W
B84: Burden of CT Leads and burden of relay | P84: Rbc | R84: = | S84: =S29 -> 1.1770224 | U84: W
B85: Rated secondary current of the current transformer | P85: Isr | R85: = | S85: 1 | U85: A
E87: Vk | F87: ³ | G87: =G82 -> 20 | H87: =H82 -> x | I87: =S85 -> 1 | J87: x ( | K87: =S83 -> 16 | L87: + | M87: =S84 -> 1.1770224 | N87: =N82 -> )
F88: = | G88: =ROUNDUP(G87*I87*(K87+M87),2) -> 343.55
D91: KPV as per Hitachi recommendation | L91: Vk | M91: ≥ | N91: =CONCATENATE(Y91,X91,D57,Z91,D80,Z91,G88,AA91) -> max(107.36,15.03,343.55) | X91: ( | Y91: max | Z91: , | AA91: )
L92: Vk | M92: ≥ | N92: =MAX(D80,D57,G88) -> 343.55
K93: =H13 -> 1600 | M93: ≥ | N93: =N92 -> 343.55
F95: Hence CT is: | H95: =IF(K93>N93,"Suitably Dimensioned","Under Dimensioned") -> Suitably Dimensioned
B131: =B7 -> T1 | D131: Core2 | H131: =G7 -> (Multi Func. Trans. Prtn + FMS + HV REF) | S131: Connected devices: | T131: 7UT85
B132: =B8 -> 0
H133: Tap-1 | J133: Tap-2 | L133: Tap-3 | T133: =T9 -> 0
B134: CT Ratio: | H134: =H10 -> 3200 | J134: =J10 -> 600 | L134: =L10 -> - | N134: / | O134: =O10 -> 1 | P134: A
B135: Class of Accuracy: | J135: =H11 -> PX
B136: CT Resistance: | I136: Rct< | J136: 3 | L136: W
B137: Knee Point Voltage: | I137: Vk> | J137: 400 | L137: V | W137: Highest Vk required = | AB137: =D248 -> 0
B138: Magnetizing Current: | I138: I0< | J138: 30 | L138: mA at Vk
A140: Other Burdens on same CT core:
B142: Burden of | D142: =T131 -> 7UT85 | H142: Sr' | I142: = | J142: =J18 -> 0.1 | L142: VA
B143: Burden of | D143: =T132 -> 0 | I143: = | J143: =J19 -> 0 | L143: VA
B144: Burden of | D144: =T133 -> 0 | I144: = | J144: =J20 -> 0 | L144: VA
B145: Total lead burden | H145: Sl' | I145: = | J145: =J21 -> 1.0770224 | L145: VA
B146: Total lead + other burden | H146: Sl | I146: = | J146: =J143+J145 -> 1.0770224 | L146: VA
B148: Resisitance of the relay: | M148: Lead + Other resisitance connected
B149: Rr | C149: = | D149: Sr' | E149: / ( | F149: Ir | G149: x | H149: Ir | I149: ) | M149: Rl | N149: = | O149: Sl | P149: / ( | Q149: Isn | R149: x | S149: Isn | T149: )
C150: = | D150: =J142 -> 0.1 | E150: / ( | F150: =F26 -> 1 | G150: x | H150: =H26 -> 1 | I150: ) | N150: = | O150: =J146 -> 1.0770224 | P150: / ( | Q150: =O134 -> 1 | R150: x | S150: =O134 -> 1 | T150: )
C151: = | D151: =D150/(F150*H150) -> 0.1 | F151: W | N151: = | O151: =O150/(Q150*S150) -> 1.0770224 | Q151: W
B153: Hence, Total Burden connected to CT core, Rb' | L153: = | M153: =D151 -> 0.1 | O153: + | P153: =O151 -> 1.0770224 | R153: = | S153: =M153+P153 -> 1.1770224 | U153: W
A154: Power Transformer Data:
B155: Power Rating | N155: = | O155: =O31 -> 100 | Q155: MVA
B156: Percentage Impedance | N156: = | O156: =O32 -> 25 | Q156: %
B157: HV Rated Voltage, | M157: Un1 | N157: = | O157: =O33 -> 132 | Q157: kV
A159: Transformer Full load current | H159: Int | I159: = | J159: MVA | L159: x | M159: 1000 | N159: / | O159: √3 | P159: x | Q159: Un1 | R159: )
I160: = | J160: =O155 -> 100 | L160: x | M160: 1000 | N160: / | O160: √3 | P160: x | Q160: =O157 -> 132 | R160: )
I161: = | J161: =(O155*1000)/(SQRT(3)*O157) -> 437.38657 | L161: A
A163: According to Clause 5.2 of ESI 48-3, the maximum through fault current shall be 16 times of the rated fault current.
A164: The internal fault current shall be 50kA.
A165: Internal Fault Current (LV Side) | N165: = | O165: 50000 | Q165: A
B167: Vk | C167: ³ | G167: 0.4 | H167: x | I167: Isccmax (int. fault) | N167: x ( | O167: Rct | P167: + | Q167: Rbc | R167: ) x | S167: Isr | U167: ---(1)
...

Sheet CABLE MAIN-2
B7: T1 | D7: Core2 | F7: Main-1 | H7: (Line Diff&Dist.+FMS/PMU) | S7: Connected devices: | T7: 7SL86
H9: Tap-1 | J9: Tap-2 | L9: Tap-3
B10: CT Ratio: | H10: 3200 | J10: 1800 | L10: - | N10: / | O10: 1 | P10: A
B11: Class of Accuracy: | H11: ='[3]RED670_2.2C42-PX'!H11:I11 -> PX
B12: CT Resistance: | G12: Rct < | H12: 9.8 | J12: W
B13: Knee Point Voltage: | G13: Vk > | H13: 2000 | J13: V | W13: Highest Vk required = | AB13: =Q102 -> 598.03947
B14: Magnetizing Current: | G14: I0< | H14: 10 | J14: mA at Vk
A16: Other Burdens on same CT core:
B18: Burden of | D18: =T7 -> 7SL86 | H18: Sr' | I18: = | J18: ='CT-VT Burdens'!Q118 -> 0.1 | L18: VA
B19: Burden of | D19: =T8 -> 0 | I19: = | L19: VA
B20: Burden of | D20: =T9 -> 0 | I20: = | L20: VA
B21: Total lead burden | I21: = | J21: ='CT-VT Burdens'!S24 -> 1.0770224 | L21: VA
B22: Total lead + other burden | H22: Sl | I22: = | J22: =SUM(J18:K21) -> 1.1770224 | L22: VA
B24: Resisitance of the relay: | M24: Lead + Other resisitance connected
B25: Rr | C25: = | D25: Sr' | E25: / ( | F25: Ir | G25: x | H25: Ir | I25: ) | M25: Rl | N25: = | O25: Sl | P25: / ( | Q25: Isr | R25: x | S25: Isr | T25: )
C26: = | D26: =J18 -> 0.1 | E26: / ( | F26: ='[3]CT-VT Burdens'!S18 -> 1 | G26: x | H26: ='[3]CT-VT Burdens'!S18 -> 1 | I26: ) | N26: = | O26: =J21 -> 1.0770224 | P26: / ( | Q26: =O10 -> 1 | R26: x | S26: =O10 -> 1 | T26: )
C27: = | D27: =D26/(F26*H26) -> 0.1 | F27: W | N27: = | O27: =O26/(Q26*S26) -> 1.0770224 | Q27: W
B29: Hence, Total Burden connected to CT core, Rba | L29: = | M29: =D27 -> 0.1 | O29: + | P29: =O27 -> 1.0770224 | R29: = | S29: =M29+P29 -> 1.1770224 | U29: W
A30: CT req. as per Siprotec Manual page# 1936 and 1937 ( Refer Annexure-H) for 7SL86 with Diff + Dist. functions as follows:
A32: Diff. function:
B33: Internal Fault
B34: Ek | C34: ³ | G34: 0.5 | H34: x | I34: Isc_Int | N34: x ( | O34: Rct | P34: + | Q34: Rba | R34: ) x | S34: Isr | U34: ---(1)
I35: 1.25 | K35: x | L35: Ipr
B36: External Fault
B37: Ek | C37: ³ | G37: 1.2 | H37: x | I37: Isc_Ext | N37: x ( | O37: Rct | P37: + | Q37: Rba | R37: ) x | S37: Isr | U37: ---(2)
I38: 1.25 | K38: x | L38: Ipr
A39: Distance function:
B40: For Close-in faults:
B41: Ek | C41: ³ | G41: a | H41: x | I41: Isc_A | N41: x ( | O41: Rct | P41: + | Q41: Rba | R41: ) x | S41: Isr | U41: ---(3)
I42: 1.25 | K42: x | L42: Ipr
B43: For Zone-1 end faults:
B44: Ek | C44: ³ | G44: b | H44: x | I44: Isc_B | N44: x ( | O44: Rct | P44: + | Q44: Rba | R44: ) x | S44: Isr | U44: ---(4)
I45: 1.25 | J45: 1.3 | K45: x | L45: Ipr
B47: CT Primary Current | P47: Ipr | R47: = | S47: =H10 -> 3200 | U47: A
B48: CT Internal Resistance | P48: Rct | R48: = | S48: =H12 -> 9.8 | U48: W
B49: Burden of CT Leads and burden of relay | P49: Rba | R49: = | S49: =S29 -> 1.1770224 | U49: W
B50: Rated CT Secondary Current | P50: Isr | R50: = | S50: =O10 -> 1 | U50: A
B51: Max fault current for Through fault | P51: Isc_A / Isc_Ext | R51: = | S51: ='Parameters & Fault Cal. (4)'!M71 -> 42229.804 | U51: A
B52: Primary time constant for close in fault | P52: tp | R52: = | S52: ='Parameters & Fault Cal. (4)'!Q102 -> 27.369568
B53: Max Phase through fault current at Zone-1 end fault | P53: Isc_B (zone1 end phase fault) | R53: = | S53: ='Parameters & Fault Cal. (4)'!M112 -> 43584.822 | U53: A
B54: Primary time constant for Phase through fault current at Zone-1 end fault | P54: tp-ph | R54: = | S54: ='Parameters & Fault Cal. (4)'!Q118 -> 41.979419
B55: Max Earth through fault current at Zone-1 end fault | P55: Isc_B (zone1 end earth fault) | R55: = | S55: ='Parameters & Fault Cal. (4)'!M133 -> 44648.256 | U55: A
B56: Primary time constant for Earth through fault current at Zone-1 end fault | P56: tp-e | R56: = | S56: ='Parameters & Fault Cal. (4)'!Q142 -> 29.635037
B57: Max fault current at close-in fault | P57: Isc_Int | R57: = | S57: ='Parameters & Fault Cal. (4)'!Q32 -> 50000 | U57: A
B59: Distance protection factor Ktd for Close in faults
B60: For the primary time constant tp | I60: <= 30 ms : | M60: a | N60: = | O60: 1
B61: For the primary time constant tp | I61: <= 50 ms : | M61: a | N61: = | O61: 2
B62: For the primary time constant tp | I62: <= 250 ms : | M62: a | N62: = | O62: 4
B64: Distance protection factor Ktd for end zone-1 faults
B65: For the primary time constant tp | I65: <= 30 ms : | M65: b | N65: = | O65: 4
B66: For the primary time constant tp | I66: <= 250 ms : | M66: b | N66: = | O66: 5
A68: Substituting these values in eq. 1, 2, 3 & 4 above:
A69: Diff. function
B70: Internal Fault
B71: Ek | C71: ³ | G71: 0.5 | H71: x | I71: =S57 -> 50000 | N71: x ( | O71: =S48 -> 9.8 | P71: + | Q71: =S49 -> 1.1770224 | R71: ) x | S71: =S50 -> 1 | U71: ---(1)
I72: 1.25 | K72: x | L72: =S47 -> 3200
C73: = | D73: =G71*(I71/(I72*L72)*(O71+Q71)*S71) -> 68.60639 | F73: V
B74: External Fault
B75: Ek | C75: ³ | G75: 1.2 | H75: x | I75: =S51 -> 42229.804 | N75: x ( | O75: =S48 -> 9.8 | P75: + | Q75: =S49 -> 1.1770224 | R75: ) x | S75: =S50 -> 1 | U75: ---(2)
I76: 1.25 | K76: x | L76: =S47 -> 3200
C77: = | D77: =G75*(I75/(I76*L76)*(O75+Q75)*S75) -> 139.06725 | F77: V
A79: Distance function:
B80: For Close-in faults:
E81: Since time constant for close in fault, tp | N81: = | O81: =S52 -> 27.369568 | R81: a | S81: = | T81: =IF(O81<=30,O60,IF(O81<=50,O61,O62)) -> 1
B82: Ek | C82: ³ | G82: =T81 -> 1 | H82: x | I82: =S51 -> 42229.804 | N82: x ( | O82: =S48 -> 9.8 | P82: + | Q82: =S49 -> 1.1770224 | R82: ) x | S82: =S50 -> 1 | U82: ---(3)
I83: 1.25 | K83: x | L83: =S47 -> 3200
C84: = | D84: =G82*(I82/(I83*L83)*(O82+Q82)*S82) -> 115.88938 | F84: V
B88: For Zone-1 end phase faults:
E89: Since time constant for close in fault, tp-ph | N89: = | O89: =S54 -> 41.979419 | R89: b | S89: = | T89: =IF(O89<=30,O65,O66) -> 5
B90: Ek | C90: ³ | G90: =T89 -> 5 | H90: x | I90: =S53 -> 43584.822 | N90: x ( | O90: =S48 -> 9.8 | P90: + | Q90: =S49 -> 1.1770224 | R90: ) x | S90: =S50 -> 1 | U90: ---(4)
I91: 1.25 | K91: x | L91: =S47 -> 3200
C92: = | D92: =G90*(I90/(I91*L91)*(O90+Q90)*S90) -> 598.03947 | F92: V
B96: For Zone-1 end earth faults:
E97: Since time constant for close in fault, tp-ph | N97: = | O97: =S56 -> 29.635037 | R97: b | S97: = | T97: =IF(O97<=30,O65,O66) -> 4
B98: Ek | C98: ³ | G98: =T97 -> 4 | H98: x | I98: =S55 -> 44648.256 | N98: x ( | O98: =S48 -> 9.8 | P98: + | Q98: =S49 -> 1.1770224 | R98: ) x | S98: =S50 -> 1 | U98: ---(4)
I99: 1.25 | K99: x | L99: =S47 -> 3200
C100: = | D100: =G98*(I98/(I99*L99)*(O98+Q98)*S98) -> 490.10491 | F100: V
A102: Hence, highest Vk for Differential & Distance functions at | M102: =S47 -> 3200 | O102: A Tap = | Q102: =MAX(D73,D77,D84,D92,D100) -> 598.03947 | S102: V
D104: Available Vk | G104: =IF(E105>H105,">","<") -> > | H104: Required Vk
E105: =H13 -> 2000 | G105: =G104 -> > | H105: =Q102 -> 598.03947
F106: Hence CT is: | H106: =IF(G104=">","Suitably Dimensioned","Under Dimensioned") -> Suitably Dimensioned
A127: C. CT ADEQUECY CHECK FOR BREAKER FAILURE FUNCTION:
A128: The CTs must have a rated equivalent secondary e.m.f. Eal that is larger than the maximum of the required secondary em.f. Ealreq as per below equation (1) (Refer : Annexure-G)
A131: Ealreq = | D131: 5 | E131: x | F131: Iop | H131: x | I131: Isr | K131: x | L131: ( | M131: Rct | N131: + | O131: Rl | P131: + | Q131: Sr | T131: ) | U131: ---(1)
I132: Ipr | Q132: Ir | R132: x | S132: Ir
B133: Equivalent Secondary emf. Required | P133: Ealreq
B134: CT primary rated current(A) | P134: Ipr | Q134: = | R134: =S47 -> 3200 | T134: A
B135: Primary operate current | P135: Iop | Q135: = | R135: =S51 -> 42229.804 | T135: A
B136: CT secondary rated current | P136: Isr | Q136: = | R136: =S50 -> 1 | T136: A
B137: Relay rated current | P137: Ir | Q137: = | R137: =S50 -> 1 | T137: A
B138: CT secondary winding resistance. | P138: Rct | Q138: = | R138: =S48 -> 9.8 | T138: W
B139: Total Lead Resistance | P139: Rl | Q139: = | R139: =S49 -> 1.1770224 | T139: W
B140: Burden of REQ 650 Relay | P140: Sr | Q140: = | R140: =J19 -> 0 | T140: VA
B141: CT Iopernal Burden | F141: PE = | G141: Rct | H141: x | I141: Isr | J141: x | K141: Isr | P141: PE | Q141: = | R141: =R138*R136*R136 -> 9.8 | T141: VA
A144: Ealreq = | D144: 5 | E144: x | F144: =R135 -> 42229.804 | H144: x | I144: =R136 -> 1 | K144: x | L144: ( | M144: =R138 -> 9.8 | N144: + | O144: =R139 -> 1.1770224 | P144: + | Q144: =R140 -> 0 | T144: ) | U144: ---(1)
I145: =R134 -> 3200 | Q145: =R137 -> 1 | R145: x | S145: =R137 -> 1
C147: = | D147: =D144*F144*(I144/I145)*(M144+O144+(Q144/(Q145*S145))) -> 724.30861 | F147: V
A149: Therefore, the required knee point voltage of the CT.
A150: (Vk in terms of Ealreq as per the Manufacturer Refer Annexure-B)
O151: Vk | P151: = | Q151: Ealreq | S151: x | T151: 0.8
...

Sheet BCU+AMMETER
A1: HITACHI | H1: =Title!H1 -> CT / VT | O1: =Title!O1 -> Contract No. | R1: =Title!R1 -> N-19957.2-DF4W
H2: =Title!H2 -> ADEQUACY CHECK | O2: =Title!O2 -> Date | R2: =Title!R2 -> 46134
H3: =Title!H3 -> 132/33kV SUBSTATION DF4W AT AL DHAFRA AREA | O3: =Title!O3 -> Document No. | R3: =Title!R3 -> -
O4: =Title!O4 -> Revision No. | R4: =Title!R4 -> A
A5: =Title!A5 -> Prep. By | C5: =Title!C5 -> AP | D5: =Title!D5 -> Checked By | G5: =Title!G5 -> RB | H5: 132KV CABLE FEEDERS | O5: =Title!O5 -> Contractor | R5: =Title!R5 -> HITACHI
B6: For CT Wiring
B7: Burden of the connecting leads :
C8: Conductor cross section in mm2 | Q8: A | R8: = | S8: 6 | T8: CP-L96A | U8: mm2 | V8: **
C9: Resistance in W/km at 200 C | Q9: R20 | R9: = | S9: 3.69 | U9: Ω/km
C10: Specific resistance at 200 C | I10: (copper wires) | Q10: a | R10: = | S10: 0.00393 | U10: K-1
B12: Resistance in Ω/km at t0 C = | H12: R20 [ 1 + a ( t - 200 C ) ]
C13: Resistance in ohms/km at 750 C = | R13: = | S13: =S9*(1+S10*(75-20)) -> 4.4875935 | U13: Ω/km | W13: =J46 -> 0
C14: Resistance in ohms/m at 750 C = | Q14: R | R14: = | S14: =S13/1000 -> 0.0044875935 | U14: Ω/m
C15: Secondary current of CT | Q15: Is | R15: = | S15: 1 | U15: A
C16: Relay Rated current | Q16: Ir | R16: = | S16: 1 | U16: A
AC18: rec670 | AE18: 100A for 1 S
C19: Conductor length in meters ( CT to relay ) | Q19: l | R19: = | S19: 120 | U19: m | V19: **
C20: Lead Resistance from the CT to Relay | Q20: RL =R x l | R20: = | S20: =S14*S19 -> 0.53851122 | U20: Ω
C21: Lead Resistance of the current loop from the CT to Relay | Q21: 2RL = 2 x R x l | R21: = | S21: =2*S14*S19 -> 1.0770224 | U21: Ω
C22: VA consumption of the connecting leads | Q22: Pl = Is2 x Rl | R22: = | S22: =S15*S15*S21 -> 1.0770224 | U22: VA
B25: For VT Wiring
B26: Burden of the connecting leads :
C27: Conductor cross section in mm2 | Q27: A | R27: = | S27: 2.5 | U27: mm2 | V27: **
C28: Resistance in W/km at 200 C | Q28: R20 | R28: = | S28: 8.87 | U28: Ω/km
C29: Specific resistance at 200 C | I29: (copper wires) | Q29: a | R29: = | S29: 0.00393 | U29: K-1
B31: Resistance in Ω/km at t0 C = | I31: R20 [ 1 + a ( t - 200 C ) ]
C32: Resistance in W/km at 750 C = | R32: = | S32: =S28*(1+S29*(75-20)) -> 10.78725 | U32: Ω/km
C33: Resistance in W/m at 750 C = | Q33: R | R33: = | S33: =S32/1000 -> 0.01078725 | U33: Ω/m
C34: Primary Voltage of VT | Q34: Vp | R34: = | S34: 132 / √3 | U34: kV
C35: Secondary Voltage of VT | Q35: Vs | R35: = | S35: 0.11 / √3 | U35: kV
C38: Conductor length in meters ( VT to relay ) | Q38: l | R38: = | S38: 120 | U38: m | V38: **
C39: Lead Resistance from the VT to Relay | Q39: RL =R x l | R39: = | S39: =S33*S38 -> 1.2944701 | U39: Ω
C40: Lead Resistance of the current loop from the VT to Relay | Q40: 2RL = 2 x R x l | R40: = | S40: =2*S33*S38 -> 2.5889401 | U40: Ω
A42: The above CT Wiring and VT Wiring calculations is done for all the IEDs. The formula will be same for all the bays. But the inputs might differ for each bays.
B46: CT/VT Burden of Connected Devices (per phase): | Q46: CT at 1A | S46: VT at 110V
A47: Relion 670/650 series Relays Such as (RED670,REC670,REB650,RET670) | O47: IED 670/650 | Q47: 0.02 | S47: 0.02 | U47: VA
A49: All relion series 670 and 650 IEDs will have 0.02 burden for both CT and VT
C50: Busbar Protection Relay | O50: REB500 | Q50: 0.01 | S50: 0.15 | U50: VA
C51: ABB REx 52x Relays | O51: REJ525/REJ521/REX521 | Q51: 0.1 | S51: 0.5 | U51: VA
C52: ABB Relion 650 series Relays | O52: IED650 | Q52: 0.02 | S52: 0.02 | U52: VA
C53: ABB SPACOM Relays | O53: SPAJ/SPAU/SPAF 1xxC series | Q53: 0.1 | S53: 0.5 | U53: VA
C54: ABB REx54x series Relays | O54: REF54x/RET54x | Q54: 0.02 | S54: 0.5 | U54: VA
C55: ABB Relion 630/620 series Relays | O55: IED630/620 | Q55: 0.02 | S55: 0.05 | U55: VA | W55: =J86 -> 0
C56: ABB Relion 615 series Relays | O56: IED615 | Q56: 0.02 | S56: 0.05 | U56: VA
A57: The above values are the relay burden values. These are Standard values for Each relays.
B60: System Parameters:
C61: System Frequency | Q61: 50 | S61: Hz
C62: Bus Voltage Level | Q62: 132 | S62: kV
C63: Max. Bus fault level | Q63: 50 | S63: kA
C64: X/R Ratio | Q64: 15
C65: MV Bus Voltage Level | Q65: 132 | S65: kV
C66: MV Max. Bus fault level/Switchgear Rating | Q66: 40 | S66: kA
C67: LV X/R Ratio
B69: Power line parameters:
A70: Assumed Cable: | E70: 3 | F70: C, | G70: CU | H70: HDPE, | J70: 240 | L70: mm2, | N70: 1 | O70: Cables/phase
B71: Cable Details
C73: Positive Sequence- Resistance | O73: R1 | P73: = | Q73: 0.0221 | S73: Ω/Km
C74: Positive Sequence- Reactance | O74: X1 | P74: = | Q74: 0.16 | S74: Ω/Km
C75: Zero Sequence- Resistance | O75: R0 | P75: = | Q75: 0.13 | S75: Ω/Km
C76: Zero Sequence- Reactance | O76: X0 | P76: = | Q76: 0.06 | S76: Ω/Km
C77: Route length | P77: = | Q77: 1.74 | S77: km
C79: Cable +Ve seq. impedence | J79: Z1 | K79: = | L79: =Q73/N70 -> 0.0221 | N79: + j | O79: =Q74/N70 -> 0.16 | Q79: Ω/Km
C80: Cable Zero seq. impedence | J80: Z0 | K80: = | L80: =Q75/N70 -> 0.13 | N80: + j | O80: =Q76/N70 -> 0.06 | Q80: Ω/Km
C81: Total cable +Ve seq. impedence | J81: Z1L | K81: = | L81: =L79*Q77 -> 0.038454 | N81: + j | O81: =O79*Q77 -> 0.2784 | Q81: Ω
C82: Total cable Zero seq. impedence | J82: Z0L | K82: = | L82: =L80*Q77 -> 0.2262 | N82: + j | O82: =O80*Q77 -> 0.1044 | Q82: Ω
B84: Fault Current & Time Constant Calculations:
C85: Maximum HV Busbar fault current | P85: = | Q85: =Q63*1000 -> 50000 | S85: A
C88: HV rating of Busbar | P88: = | Q88: =Q62*1000 -> 132000 | S88: V
C89: Maximum MV Busbar fault current | P89: = | Q89: =Q66*1000 -> 40000 | S89: A
C90: MV rating of Busbar | P90: = | Q90: =Q65*1000 -> 132000 | S90: V
A92: For the above fault condition Source impedance (Zs), considering voltage | P92: = | Q92: 1 | S92: pu
E93: Zs | F93: = | G93: (V | H93: X | I93: =Q92 -> 1 | J93: ) / | K93: (√3 | L93: x | M93: I) | P93: = | Q93: =(Q88*Q92)/(SQRT(3)*Q85) -> 1.5242047 | S93: Ω
E94: Source X / R ratio | F94: = | G94: 2 | H94: x | I94: p | J94: x | K94: f | L94: x | M94: (L/R)
E95: System X/R Ratio | L95: X/R | P95: = | Q95: =Q64 -> 15
E96: System Frequency | L96: f | P96: = | Q96: =Q61 -> 50
C97: Now, | E97: Impedence Angle | L97: øs = | M97: Tan-1(X/R) | W97: =J126 -> 0
E98: Impedence Angle in radians | L98: øs | P98: = | Q98: =ATAN(Q95) -> 1.5042282
E99: Impedence Angle in Degrees | L99: øs | P99: = | Q99: =DEGREES(Q98) -> 86.185925
E101: System Resistance | K101: Rs | L101: =Zs x Cos øs | P101: = | Q101: =Q93*COS(Q98) -> 0.10138859 | S101: W
E102: System Reactance | K102: Xs | L102: =Zs x Sin øs | P102: = | Q102: =Q93*SIN(Q98) -> 1.5208288 | S102: W
C103: Hence, | E103: Source Impedence | K103: Zs | L103: = | N103: =Q101 -> 0.10138859 | P103: + j | Q103: =Q102 -> 1.5208288 | S103: W
A104: Source Impedance Ratio (SIR)
C105: SIR | D105: = | E105: Zs | F105: / | G105: (80% * Z1L) | L105: where, | N105: Z1L | O105: = | P105: =SQRT(L81^2+O81^2) -> 0.28104318 | R105: ohm
D106: = | E106: =Q93 -> 1.5242047 | G106: / | H106: ( 0.8 * | J106: =P105 -> 0.28104318 | L106: )
D107: = | E107: =E106/(0.8*J106) -> 6.7792283
A111: Determination of System Time-constant (L/R):
B112: Source X / R ratio | G112: = | H112: 2 | I112: x | J112: p | K112: x | L112: f | M112: x | N112: (L/R)
B113: System X/R Ratio | O113: X/R | P113: = | Q113: =Q64 -> 15
B114: System Frequency | O114: f | P114: = | Q114: =Q61 -> 50 | S114: Hz
B115: Hence, System tp (L/R) | G115: = | H115: X/R | I115: / | J115: 2 | K115: x | L115: p | M115: x | N115: f | P115: = | Q115: =(Q113*1000)/(J115*(22/7)*Q114) -> 47.727273 | S115: ms
A117: Determination of Fault Current for 3-ph Through Fault:
A118: Fault Impedence | E118: Z1t | F118: = | H118: Zs | I118: + | J118: Z1L
F119: = ( | G119: =N103 -> 0.10138859 | I119: + j | J119: =Q103 -> 1.5208288 | L119: ) + ( | M119: =L81 -> 0.038454 | O119: + j | P119: =O81 -> 0.2784 | R119: )
F120: = | G120: =G119+M119 -> 0.13984259 | I120: +j | J120: =J119+P119 -> 1.7992288 | L120: W
F122: = | G122: =SQRT(G120^2+J120^2) -> 1.8046552 | I122: Ð | J122: =DEGREES(ATAN(J120/G120)) -> 85.555699 | L122: W
E123: Therefore, X/R ratio | F123: = | G123: =J120/G120 -> 12.866101
B124: Hence, 3-ph fault current for Through faults | L124: = | M124: =Q88 -> 132000 | O124: x | P124: =Q92 -> 1
M125: =+G122 -> 1.8046552 | O125: x | P125: √3 | Q125: =SQRT(3) -> 1.7320508
L126: = | M126: =M124*P124/(M125*SQRT(3)) -> 42229.804 | O126: A
A129: Determination of Time-constant for 3-ph Through fault (L/R):
...

Sheet MAIN-1 BBP
A1: HITACHI | H1: =Title!H1 -> CT / VT | O1: =Title!O1 -> Contract No. | R1: =Title!R1 -> N-19957.2-DF4W
H2: =Title!H2 -> ADEQUACY CHECK | O2: =Title!O2 -> Date | R2: =Title!R2 -> 46134
H3: =Title!H3 -> 132/33kV SUBSTATION DF4W AT AL DHAFRA AREA | O3: =Title!O3 -> Document No. | R3: =Title!R3 -> -
O4: =Title!O4 -> Revision No. | R4: =Title!R4 -> A
A5: =Title!A5 -> Prep. By | C5: =Title!C5 -> AP | D5: =Title!D5 -> Checked By | G5: =Title!G5 -> RB | H5: 132KV CABLE FEEDERS | O5: =Title!O5 -> Contractor | R5: =Title!R5 -> HITACHI
B7: T1 | D7: Core4 | H7: (Low Imp. Busbar) | S7: Connected devices: | T7: 7SS522
T8: 6MU85
H9: Tap-1 | J9: Tap-2 | L9: Tap-3
B10: CT Ratio: | H10: 3200 | J10: 2000 | N10: / | O10: 1 | P10: A
B11: Class of Accuracy: | H11: PX
B12: CT Resistance: | G12: Rct< | H12: 8 | J12: W
B13: Knee Point Voltage: | G13: Vk> | H13: 900 | J13: V | W13: =H74 -> Suitably Dimensioned
B14: Magnetizing Current: | G14: I0< | H14: 10 | J14: mA at Vk
A16: Other Burdens on same CT core:
B18: Burden of | D18: =T7 -> 7SS522 | I18: = | J18: ='CT-VT Burdens'!Q153 -> 0.1 | L18: VA
B19: Burden of | D19: =T8 -> 6MU85 | I19: = | J19: ='CT-VT Burdens'!Q154 -> 0.1 | L19: VA
B20: Burden of | D20: =T9 -> 0 | I20: = | L20: VA
B21: Total lead burden | I21: = | J21: ='CT-VT Burdens'!S24 -> 1.0770224 | L21: VA
B22: Total lead + other burden | H22: PL | I22: = | J22: =SUM(J18:J21) -> 1.2770224 | L22: VA
C25: Max primary fundamental frequency fault current (ext. fault) | Q25: Issc max | R25: = | S25: ='Parameters & Fault Cal. (4)'!Q32 -> 50000 | U25: A
C26: CT Primary Current | Q26: Ipn | R26: = | S26: =H10 -> 3200 | U26: A
C27: CT Secondary Current | Q27: Isn | R27: = | S27: =O10 -> 1 | U27: A
C28: Burden of CT Leads and other connected devices | Q28: PL | R28: = | S28: =J22 -> 1.2770224 | U28: VA
C29: Resistive burden of CT Leads and other connected devices | Q29: Rb' | R29: = | S29: =J22/S27*S27 -> 1.2770224 | U29: W
C30: Ktd for stabilizing factor, k >= 0.5 | Q30: Ktd | R30: = | S30: 0.5
A33: The CT requirement is as follows:
A35: Criteria I
B36: Vk | D36: >= | E36: Ktd | F36: x | G36: Issc max | K36: x ( | L36: Rct | N36: + | O36: Rb' | Q36: ) x | R36: Isn
G37: 1.3 | H37: x | I37: Ipn
D39: = | E39: =S30 -> 0.5 | F39: x | G39: =S25 -> 50000 | K39: x ( | L39: =H12 -> 8 | N39: + | O39: =S29 -> 1.2770224 | Q39: ) x | R39: =S27 -> 1
G40: 1.3 | H40: x | I40: =S26 -> 3200
D42: = | E42: =E39*(G39/(G40*I40))*(L39+O39)*R39 -> 55.751337
A47: Criteria II
B48: Vk | D48: >= | E48: 100 | G48: x ( | H48: Rct | J48: + | K48: Rb' | M48: ) x | N48: Isn
E49: 1.3
D51: >= | E51: 100 | G51: x ( | H51: =H12 -> 8 | J51: + | K51: =S29 -> 1.2770224 | M51: ) x | N51: =S27 -> 1
E52: 1.3
D54: >= | E54: =(E51/E52)*(H51+K51)*N51 -> 713.61711
A63: Adequacy Check
B65: Criteria I
F66: Available Vk | G66: =IF(E67>H67, ">","<") -> > | H66: Required Vk | L66: (Criteria I)
E67: =H13 -> 900 | G67: =G66 -> > | H67: =E42 -> 55.751337
F68: Hence: | H68: Criteria I | J68: is | K68: =IF(G67=">", "Satisfied", "Not Satisfied") -> Satisfied
B69: Criteria II
F70: Available Vk | G70: =IF(E71>H71, ">","<") -> > | H70: Required Vk | L70: (Criteria II)
E71: =H13 -> 900 | G71: =G70 -> > | H71: =E54 -> 713.61711
F72: Hence: | H72: Criteria II | J72: is | K72: =IF(G71=">", "Satisfied", "Not Satisfied") -> Satisfied
F74: Hence CT is: | H74: =IF(AND(G66=">",G70=">"),"Suitably Dimensioned",IF(AND(G66=">",G70=">"),"Over Dimentioned",IF(G66="<","Under Dimensioned",""))) -> Suitably Dimensioned
B87: =B7 -> T1 | D87: =D7 -> Core4 | H87: (Low Imp. Busbar) | S87: Connected devices: | T87: 7SS522
T88: 6MU85
H89: Tap-1 | J89: Tap-2 | L89: Tap-3
B90: CT Ratio: | H90: =H10 -> 3200 | J90: =J10 -> 2000 | L90: =L10 -> 0 | N90: / | O90: =O10 -> 1 | P90: A
B91: Class of Accuracy: | J91: =H11 -> PX
B92: CT Resistance: | I92: Rct< | J92: 5 | L92: W
B93: Knee Point Voltage: | I93: Vk> | J93: 900 | L93: V | W93: =H154 -> Suitably Dimensioned
B94: Magnetizing Current: | I94: I0< | J94: 10 | L94: mA at Vk
A96: Other Burdens on same CT core:
B98: Burden of | D98: =T87 -> 7SS522 | I98: = | J98: =J18 -> 0.1 | L98: VA
B99: Burden of | D99: =T88 -> 6MU85 | I99: = | J99: =J19 -> 0.1 | L99: VA
B100: Burden of | D100: =T89 -> 0 | I100: = | J100: =J20 -> 0 | L100: VA
B101: Total lead burden | I101: = | J101: =J21 -> 1.0770224 | L101: VA
B102: Total lead + other burden | H102: PL | I102: = | J102: =SUM(J98:J101) -> 1.2770224 | L102: VA
C105: Max primary fundamental frequency fault current (ext. fault) | Q105: Issc max | R105: = | S105: =S25 -> 50000 | U105: A
C106: CT Primary Current | Q106: Ipn | R106: = | S106: =J90 -> 2000 | U106: A
C107: CT Secondary Current | Q107: Isn | R107: = | S107: =O90 -> 1 | U107: A
C108: Burden of CT Leads and other connected devices | Q108: PL | R108: = | S108: =J102 -> 1.2770224 | U108: VA
C109: Resistive burden of CT Leads and other connected devices | Q109: Rb' | R109: = | S109: =J102/S107*S107 -> 1.2770224 | U109: W
C110: Ktd for stabilizing factor, k >= 0.5 | Q110: Ktd | R110: = | S110: 0.5
A113: The CT requirement is as follows:
A115: Criteria I
B116: Vk | D116: >= | E116: Ktd | F116: x | G116: Issc max | K116: x ( | L116: Rct | N116: + | O116: Rb' | Q116: ) x | R116: Isn
G117: 1.3 | H117: x | I117: Ipn
D119: = | E119: =S110 -> 0.5 | F119: x | G119: =S105 -> 50000 | K119: x ( | L119: =J92 -> 5 | N119: + | O119: =S109 -> 1.2770224 | Q119: ) x | R119: =S107 -> 1
G120: 1.3 | H120: x | I120: =S106 -> 2000
D122: = | E122: =E119*(G119/(G120*I120))*(L119+O119)*R119 -> 60.355985
A127: Criteria II
B128: Vk | D128: >= | E128: 100 | G128: x ( | H128: Rct | J128: + | K128: Rb' | M128: ) x | N128: Isn
E129: 1.3
D131: >= | E131: 100 | G131: x ( | H131: =J92 -> 5 | J131: + | K131: =S109 -> 1.2770224 | M131: ) x | N131: =S107 -> 1
E132: 1.3
D134: >= | E134: =(E131/E132)*(H131+K131)*N131 -> 482.84788
A143: Adequacy Check
B145: Criteria I
F146: Available Vk | G146: =IF(E147>H147, ">","<") -> > | H146: Required Vk | L146: (Criteria I)
E147: =J93 -> 900 | G147: =G146 -> > | H147: =E122 -> 60.355985
F148: Hence: | H148: Criteria I | J148: is | K148: =IF(G147=">", "Satisfied", "Not Satisfied") -> Satisfied
B149: Criteria II
F150: Available Vk | G150: =IF(E151>H151, ">","<") -> > | H150: Required Vk | L150: (Criteria II)
E151: =J93 -> 900 | G151: =G150 -> > | H151: =E134 -> 482.84788
F152: Hence: | H152: Criteria II | J152: is | K152: =IF(G151=">", "Satisfied", "Not Satisfied") -> Satisfied
F154: Hence CT is: | H154: =IF(AND(G146=">",G150=">"),"Suitably Dimensioned",IF(AND(G146=">",G150=">"),"Over Dimentioned",IF(G146="<","Under Dimensioned",""))) -> Suitably Dimensioned
B167: =B87 -> T1 | D167: =D87 -> Core4 | H167: (Low Imp. Busbar) | S167: Connected devices: | T167: =T87 -> 7SS522
T168: =T88 -> 6MU85
H169: Tap-1 | J169: Tap-2 | L169: Tap-3 | T169: =T89 -> 0
B170: CT Ratio: | H170: =H90 -> 3200 | J170: =J90 -> 2000 | L170: =L90 -> 0 | N170: / | O170: =O90 -> 1 | P170: A
B171: Class of Accuracy: | L171: =J91 -> PX
B172: CT Resistance: | K172: Rct< | N172: W
B173: Knee Point Voltage: | K173: Vk> | N173: V | W173: =H238 -> #DIV/0!
B174: Magnetizing Current: | K174: I0< | N174: mA at Vk
A176: Other Burdens on same CT core:
...

Sheet BUP BCU(1)
A1: HITACHI | H1: =[4]Title!H1 -> CT / VT | O1: =Title!O1 -> Contract No. | R1: =Title!R1 -> N-19957.2-DF4W
H2: =[4]Title!H2 -> ADEQUACY CHECK | O2: =Title!O2 -> Date | R2: =Title!R2 -> 46134
H3: =Title!H3 -> 132/33kV SUBSTATION DF4W AT AL DHAFRA AREA | O3: =Title!O3 -> Document No. | R3: =Title!R3 -> -
O4: =Title!O4 -> Revision No. | R4: =Title!R4 -> A
A5: =[4]Title!A5 -> Prep. By | C5: =[4]Title!C5 -> AK | D5: =Title!D5 -> Checked By | G5: =[4]Title!G5 -> LN | H5: 132KV CABLE FEEDER | O5: =Title!O5 -> Contractor | R5: =[4]Title!R5 -> HITACHI ENERGY
B7: T1 | D7: Core1 | S7: Connected devices: | T7: REF650
T8: REC670
H9: Tap-1 | J9: Tap-2 | L9: Tap-3
B10: CT Ratio: | H10: 2500 | J10: - | L10: - | N10: / | O10: 1 | P10: A
B11: Class of Accuracy: | H11: 5P20
B12: CT Resistance: | G12: Rct< | H12: 5 | J12: W
B13: Knee Point Voltage: | G13: Vk> | J13: V | W13: =G61 -> Suitably Dimentioned
B14: Magnetizing Current: | G14: I0< | J14: mA at Vk
A16: Other Burdens on same CT core:
B18: Burden of | D18: =T7 -> REF650 | I18: = | J18: ='CT-VT Burdens'!Q104 -> 0.02 | L18: VA | N18: CT internal Burden
B19: Burden of | D19: =T8 -> REC670 | I19: = | J19: ='CT-VT Burdens'!Q104 -> 0.02 | L19: VA
B20: Burden of | D20: =T9 -> 0 | I20: = | L20: VA | N20: PE | O20: = | P20: In | Q20: x | R20: In | S20: x | T20: Rct
B21: Total lead burden | I21: = | J21: ='CT-VT Burdens'!S24 -> 1.0770224 | L21: VA | O21: = | P21: =O10 -> 1 | Q21: x | R21: =O10 -> 1 | S21: x | T21: =H12 -> 5
B22: Total lead + other burden | H22: PL | I22: = | J22: =SUM(J18:J21) -> 1.1170224 | L22: VA | O22: = | P22: =P21*R21*T21 -> 5 | R22: VA
A24: The design values according to BS can be approximately transferred in to IEC60044 Standard using the following formula: | W24: The design values according to BS can be approximately transferred in to IEC60044 Standard using the following formula:
C27: Vk | D27: = | E27: ( ( | F27: PN | G27: + | H27: PE | I27: ) x | J27: n | K27: ) / ( | L27: In | M27: x | N27: 1.3 | O27: )
A28: Or
C29: PN | D29: = | E29: ( ( | F29: 1.3 | G29: x | H29: Vk | J29: x | K29: In | L29: ) / | M29: n | N29: ) - | O29: PE
C31: Max through fault current at close in fault | Q31: Itkmax | R31: = | S31: ='Parameters & Fault Cal. (4)'!Q32 -> 50000 | U31: A
C32: CT Primary Current, | Q32: Ipn | R32: = | S32: =H10 -> 2500 | U32: A
C33: Rated Knee Point Voltage, | Q33: Vk | R33: = | S33: =H13 -> 0 | U33: V
C34: Internal Burden, | Q34: PE | R34: = | S34: =P22 -> 5 | U34: VA
C35: Burden of CT Leads and burden of connected devices | Q35: PL | R35: = | S35: =J22 -> 1.1170224 | U35: VA
C36: Rated Secondary Current, | Q36: In | R36: = | S36: =O10 -> 1 | U36: A
C37: CT Accuracy Limiting Factor | Q37: n | R37: = | S37: 20
C38: Rated CT Burden | Q38: PN | R38: = | S38: 30
C45: PN | D45: = | E45: ( ( | F45: 1.3 | G45: x | H45: Vk | J45: x | K45: In | L45: ) / | M45: n | N45: ) - | O45: PE
D46: = | E46: ( ( | F46: 1.3 | G46: x | H46: =S33 -> 0 | J46: x | K46: =S36 -> 1 | L46: ) / | M46: =S37 -> 20 | N46: ) - | O46: =S34 -> 5
D47: = | E47: =((F46*H46)/(K46*M46))-O46 -> -5 | G47: VA
E51: Required Kssc' | F51: = | G51: Itkmax | I51: / | J51: Ipn
F52: = | G52: =S31 -> 50000 | I52: / | J52: =S32 -> 2500
F53: = | G53: =G52/J52 -> 20
E55: Available (effective) Kssc' | F55: = | G55: n | H55: x ( ( | I55: PE | J55: + | K55: PN | L55: ) / ( | M55: PE | N55: + | O55: PL | P55: )
F56: = | G56: =S37 -> 20 | H56: x ( ( | I56: =S34 -> 5 | J56: + | K56: =S38 -> 30 | L56: ) / ( | M56: =S34 -> 5 | N56: + | O56: =S35 -> 1.1170224 | P56: )
F57: = | G57: =G56*((I56+K56)/(M56+O56)) -> 114.43476
E59: Available Kssc' | F59: =IF(D60>G60,">","<") -> > | G59: Required Kssc'
D60: =G57 -> 114.43476 | F60: =F59 -> > | G60: =G53 -> 20
E61: Hence CT is: | G61: =IF(F59=">","Suitably Dimentioned","Under Dimentioned") -> Suitably Dimentioned
A92: Summary of available CT parameters and its suitability
A93: CT / Core | D93: Ratio (A) | G93: CT Cable m/mm2 | I93: Class | K93: CT Resistance (W) @ 75OC | M93: Required Kssc' | O93: Avilable Kssc' | Q93: Relay / Instrument Type | S93: CT Suitability
A97: =B7 -> T1 | B97: =D7 -> Core1 | D97: =H10 -> 2500 | F97: =O10 -> 1 | G97: ='CT-VT Burdens'!S21 -> 120 | H97: ='CT-VT Burdens'!S10 -> 6 | I97: =H11 -> 5P20 | J97: =#REF! -> #REF! | K97: =H12 -> 5 | M97: =G60 -> 20 | O97: =D60 -> 114.43476 | Q97: =IF(T8="",T7,IF(T9="",T7&" "&T8,T7&" "&T8&" "&T9)) -> REF650 REC670 | S97: =G61 -> Suitably Dimentioned
D98: - | K98: - | M98: - | O98: - | S98: -
D99: - | K99: - | M99: - | O99: - | S99: -

Sheet BBP P743(1)
A1: HITACHI | H1: =[5]Title!H1 -> CT / VT | O1: =[5]Title!O1 -> Contract No. | R1: =Title!R1 -> N-19957.2-DF4W
H2: =[5]Title!H2 -> ADEQUACY CHECK | O2: =[5]Title!O2 -> Date | R2: =Title!R2 -> 46134
H3: =Title!H3 -> 132/33kV SUBSTATION DF4W AT AL DHAFRA AREA | O3: =[5]Title!O3 -> Document No. | R3: =Title!R3 -> -
O4: =[5]Title!O4 -> Revision No. | R4: =Title!R4 -> A
A5: =[5]Title!A5 -> Prep. By | C5: =[5]Title!C5 -> AP | D5: =[5]Title!D5 -> Checked By | G5: =[5]Title!G5 -> RB | H5: BUS SECTION COUPLER | O5: =[5]Title!O5 -> Contractor | R5: =Title!R5 -> HITACHI
B7: T1 | D7: Core2 | S7: Connected devices: | T7: P743
H9: Tap-1 | J9: Tap-2 | L9: Tap-3
B10: CT Ratio: | H10: 2500 | J10: - | L10: - | N10: / | O10: 1 | P10: A
B11: Class of Accuracy: | H11: PX-B
B12: CT Resistance: | G12: Rct< | H12: 5 | J12: W
B13: Knee Point Voltage: | G13: Vk> | H13: 750 | J13: V | W13: =H59 -> Suitably Dimentioned
B14: Magnetizing Current: | G14: I0< | H14: 60 | J14: mA at Vk
A16: Other Burdens on same CT core:
B18: Burden of | D18: =T7 -> P743 | I18: = | J18: ='CT-VT Burdens'!Q159 -> 0.1 | L18: VA
B19: Burden of | D19: =T8 -> 0 | I19: = | L19: VA
B20: Burden of | D20: =T9 -> 0 | I20: = | L20: VA
B21: Total lead burden | I21: = | J21: ='CT-VT Burdens'!S24 -> 1.0770224 | L21: VA
B22: Total lead + other burden | H22: PL | I22: = | J22: =SUM(J18:J21) -> 1.1770224 | L22: VA
C24: Max primary fault current (same for all feeders) | Q24: IFmax | R24: = | S24: ='Parameters & Fault Cal. (4)'!Q10 *1000 -> 50000 | U24: A
C25: CT Primary Current | Q25: Ipn | R25: = | S25: =H10 -> 2500 | U25: A
C26: Max secondary fault current (same for all feeders) | Q26: Ifmax | R26: = | S26: =S24/S25*O10 -> 20 | U26: A
C27: Resistive burden of CT Leads (2Rl) and other connected devices | Q27: Rb' | R27: = | S27: =J22/O10*O10 -> 1.1770224 | U27: W
C28: Max primary contribution from a feeder to an internal fault | Q28: IFmax int | R28: = | S28: =20*S25 -> 50000 | U28: A
C29: Max secondary contribution from a feeder to an internal fault | Q29: Ifmax int | R29: = | S29: =S28/S25 -> 20 | U29: A
A31: The CT requirement is as follows:
A33: Criteria I
B35: Vk | D35: >= | E35: 0.5 | F35: x | G35: Ifmax | I35: x ( | J35: Rct | L35: + | M35: Rb' | O35: )
D36: = | E36: 0.5 | F36: x | G36: =S26 -> 20 | I36: x ( | J36: =H12 -> 5 | L36: + | M36: =S27 -> 1.1770224 | O36: )
D37: = | E37: =E36*G36*(J36+M36) -> 61.770224
A39: Criteria II
B41: Vk | D41: >= | E41: Ifmax int | G41: x ( | H41: Rct | J41: + | K41: Rb' | M41: )
D42: = | E42: =S29 -> 20 | G42: x ( | H42: =H12 -> 5 | J42: + | K42: =S27 -> 1.1770224 | M42: )
D43: = | E43: =E42*(H42+K42) -> 123.54045
A48: Adequacy Check
B50: Criteria I
F51: Available Vk | G51: =IF(E52>H52, ">","<") -> > | H51: Required Vk | L51: (Criteria I)
E52: =H13 -> 750 | G52: =G51 -> > | H52: =E37 -> 61.770224
F53: Hence: | H53: Criteria I | J53: is | K53: =IF(G52=">", "Satisfied", "Not Satisfied") -> Satisfied
B54: Criteria II
F55: Available Vk | G55: =IF(E56>H56, ">","<") -> > | H55: Required Vk | L55: (Criteria II)
E56: =H13 -> 750 | G56: =G55 -> > | H56: =E43 -> 123.54045
F57: Hence: | H57: Criteria II | J57: is | K57: =IF(G56=">", "Satisfied", "Not Satisfied") -> Satisfied
F59: Hence CT is: | H59: =IF(AND(E52>H52,E56>H56),"Suitably Dimentioned","Under Dimentioned") -> Suitably Dimentioned
B89: =B7 -> T1 | D89: =D7 -> Core2 | H89: (Low Imp. Busbar) | S89: Connected devices: | T89: =T7 -> P743
T90: =T8 -> 0
H91: Tap-1 | J91: Tap-2 | L91: Tap-3 | T91: =T9 -> 0
B92: CT Ratio: | H92: =H10 -> 2500 | J92: =J10 -> - | L92: =L10 -> - | N92: / | O92: =O10 -> 1 | P92: A
B93: Class of Accuracy: | J93: =H11 -> PX-B
B94: CT Resistance: | I94: Rct< | L94: W
B95: Knee Point Voltage: | I95: Vk> | L95: V | W95: =H144 -> Under Dimentioned
B96: Magnetizing Current: | I96: I0< | L96: mA at Vk
A98: Other Burdens on same CT core:
B100: Burden of | D100: =T89 -> P743 | I100: = | J100: =J18 -> 0.1 | L100: VA
B101: Burden of | D101: =T90 -> 0 | I101: = | J101: =J19 -> 0 | L101: VA
B102: Burden of | D102: =T91 -> 0 | I102: = | J102: =J20 -> 0 | L102: VA
B103: Total lead burden | I103: = | J103: =J21 -> 1.0770224 | L103: VA
B104: Total lead + other burden | H104: PL | I104: = | J104: =SUM(J100:J103) -> 1.1770224 | L104: VA
C106: Max primary fault current (same for all feeders) | Q106: IFmax | R106: = | S106: =S24 -> 50000 | U106: A
C107: CT Primary Current | Q107: Ipn | R107: = | S107: =H92 -> 2500 | U107: A
C108: Max secondary fault current (same for all feeders) | Q108: Ifmax | R108: = | S108: =S106/S107*O92 -> 20 | U108: A
C109: Resistive burden of CT Leads (2Rl) and other connected devices | Q109: Rb' | R109: = | S109: =J104/O92*O92 -> 1.1770224 | U109: W
C110: Max primary contribution from a feeder to an internal fault | Q110: IFmax int | R110: = | S110: =S28 -> 50000 | U110: A
C111: Max secondary contribution from a feeder to an internal fault | Q111: Ifmax int | R111: = | S111: =S110/S107 -> 20 | U111: A
A113: The CT requirement is as follows:
A115: Criteria I
B117: Vk | D117: >= | E117: 0.5 | F117: x | G117: Ifmax | I117: x ( | J117: Rct | L117: + | M117: Rb' | O117: )
D118: = | E118: 0.5 | F118: x | G118: =S108 -> 20 | I118: x ( | J118: =J94 -> 0 | L118: + | M118: =S109 -> 1.1770224 | O118: )
D119: = | E119: =E118*G118*(J118+M118) -> 11.770224
A121: Criteria II
B123: Vk | D123: >= | E123: Ifmax int | G123: x ( | H123: Rct | J123: + | K123: Rb' | M123: )
D124: = | E124: =S111 -> 20 | G124: x ( | H124: =J94 -> 0 | J124: + | K124: =S109 -> 1.1770224 | M124: )
D125: = | E125: =E124*(H124+K124) -> 23.540449
A133: Adequacy Check
B135: Criteria I
F136: Available Vk | G136: =IF(E137>H137, ">","<") -> < | H136: Required Vk | L136: (Criteria I)
E137: =J95 -> 0 | G137: =G136 -> < | H137: =E119 -> 11.770224
F138: Hence: | H138: Criteria I | J138: is | K138: =IF(G137=">", "Satisfied", "Not Satisfied") -> Not Satisfied
B139: Criteria II
F140: Available Vk | G140: =IF(E141>H141, ">","<") -> < | H140: Required Vk | L140: (Criteria II)
E141: =J95 -> 0 | G141: =G140 -> < | H141: =E125 -> 23.540449
F142: Hence: | H142: Criteria II | J142: is | K142: =IF(G141=">", "Satisfied", "Not Satisfied") -> Not Satisfied
F144: Hence CT is: | H144: =IF(AND(E137>H137,E141>H141),"Suitably Dimentioned","Under Dimentioned") -> Under Dimentioned
V175: ABB
B177: =B89 -> T1 | D177: =D89 -> Core2 | H177: (Low Imp. Busbar) | S177: Connected devices: | T177: =T89 -> P743
T178: =T90 -> 0
H179: Tap-1 | J179: Tap-2 | L179: Tap-3 | T179: =T91 -> 0
B180: CT Ratio: | H180: =H92 -> 2500 | J180: =J92 -> - | L180: =L92 -> - | N180: / | O180: =O92 -> 1 | P180: A
B181: Class of Accuracy: | L181: =J93 -> PX-B
B182: CT Resistance: | K182: Rct< | N182: W
B183: Knee Point Voltage: | K183: Vk> | N183: V | W183: =H232 -> #VALUE!
B184: Magnetizing Current: | K184: I0< | N184: mA at Vk
A186: Other Burdens on same CT core:
B188: Burden of | D188: =T177 -> P743 | I188: = | J188: =J100 -> 0.1 | L188: VA
B189: Burden of | D189: =T178 -> 0 | I189: = | J189: =J101 -> 0 | L189: VA
B190: Burden of | D190: =T179 -> 0 | I190: = | J190: =J102 -> 0 | L190: VA
B191: Total lead burden | I191: = | J191: =J103 -> 1.0770224 | L191: VA
B192: Total lead + other burden | H192: PL | I192: = | J192: =SUM(J188:J191) -> 1.1770224 | L192: VA
C194: Max primary fault current (same for all feeders) | Q194: IFmax | R194: = | S194: =S106 -> 50000 | U194: A
C195: CT Primary Current | Q195: Ipn | R195: = | S195: =L180 -> - | U195: A
C196: Max secondary fault current (same for all feeders) | Q196: Ifmax | R196: = | S196: =S194/S195*O180 -> #VALUE! | U196: A
...

Sheet BCU+OC-5P SEL751+7SJ85 (2)
A1: HITACHI | H1: =Title!H1 -> CT / VT | O1: =Title!O1 -> Contract No. | R1: =Title!R1 -> N-19957.2-DF4W
H2: =Title!H2 -> ADEQUACY CHECK | O2: =Title!O2 -> Date | R2: =Title!R2 -> 46134
H3: =Title!H3 -> 132/33kV SUBSTATION DF4W AT AL DHAFRA AREA | O3: =Title!O3 -> Document No. | R3: =Title!R3 -> -
O4: =Title!O4 -> Revision No. | R4: =Title!R4 -> A
A5: =Title!A5 -> Prep. By | C5: =Title!C5 -> AP | D5: =Title!D5 -> Checked By | G5: =Title!G5 -> RB | H5: 33kV CABLE FEEDERS | O5: =Title!O5 -> Contractor | R5: =Title!R5 -> HITACHI
B7: T1 | D7: Core2 | H7: (OC +BCU) | S7: Connected devices: | T7: 7SJ85
T8: SEL751
H9: Tap-1 | J9: Tap-2 | L9: Tap-3
B10: CT Ratio: | H10: 600 | J10: 200 | L10: - | N10: / | O10: 1 | P10: A
B11: Class of Accuracy: | H11: 5P | I11: 20
B12: CT Resistance: | G12: Rct< | H12: 8 | J12: W
B13: Rated Burden | G13: PN | H13: 7.5 | J13: VA | W13: =G42 -> Under Dimensioned | AC13: 5
A15: Other Burdens on same CT core:
B17: Burden of | D17: =T7 -> 7SJ85 | I17: = | J17: ='CT-VT Burdens'!Q110 -> 0.02 | L17: VA | N17: CT internal Burden
B18: Burden of | D18: =T8 -> SEL751 | I18: = | J18: ='CT-VT Burdens'!Q111 -> 0.02 | L18: VA
B19: Burden of | D19: =T9 -> 0 | I19: = | L19: VA
B20: Burden of | L20: VA | N20: PE | O20: = | P20: In | Q20: x | R20: In | S20: x | T20: Rct
B21: Total lead burden | I21: = | J21: ='CT-VT Burdens'!S24 -> 1.0770224 | L21: VA | O21: = | P21: =O10 -> 1 | Q21: x | R21: =O10 -> 1 | S21: x | T21: =H12 -> 8
B22: Total lead + other burden | H22: PL | I22: = | J22: =SUM(J17:J21) -> 1.1170224 | L22: VA | O22: = | P22: =P21*R21*T21 -> 8 | R22: VA
C24: Max through fault current at close in fault | Q24: Itkmax | R24: = | S24: ='Parameters & Fault Cal. (4)'!Q10*1000 -> 50000 | U24: A | V24: ** | X24: This Current Must be Linked Later to Fault Setting
C25: CT Primary Current, | Q25: Ipn | R25: = | S25: =H10 -> 600 | U25: A
C26: Internal Burden, | Q26: PE | R26: = | S26: =P22 -> 8 | U26: VA
C27: Burden of CT Leads and burden of connected devices | Q27: PL | R27: = | S27: =J22 -> 1.1170224 | U27: VA
C28: Rated Secondary Current, | Q28: In | R28: = | S28: =O10 -> 1 | U28: A
C29: CT Accuracy Limiting Factor | Q29: n | R29: = | S29: =I11 -> 20
C30: CT Burden | Q30: PN | R30: = | S30: =H13 -> 7.5 | U30: VA
E32: Required Kssc' | F32: = | G32: Itkmax | I32: / | J32: Ipn
F33: = | G33: =S24 -> 50000 | I33: / | J33: =S25 -> 600
F34: = | G34: =G33/J33 -> 83.333333
E36: Available (effective) Kssc' | F36: = | G36: n | H36: x ( ( | I36: PE | J36: + | K36: PN | L36: ) / ( | M36: PE | N36: + | O36: PL | P36: )
F37: = | G37: =S29 -> 20 | H37: x ( ( | I37: =S26 -> 8 | J37: + | K37: =S30 -> 7.5 | L37: ) / ( | M37: =S26 -> 8 | N37: + | O37: =S27 -> 1.1170224 | P37: )
F38: = | G38: =G37*((I37+K37)/(M37+O37)) -> 34.002329
E40: Available Kssc' | F40: =IF(D41>G41,">","<") -> < | G40: Required Kssc'
D41: =G38 -> 34.002329 | F41: =F40 -> < | G41: =G34 -> 83.333333
E42: Hence CT is: | G42: =IF(F40=">","Suitably Dimensioned","Under Dimensioned") -> Under Dimensioned
J45: ** Assumed
B48: =B7 -> T1 | D48: =D7 -> Core2 | H48: =H7 -> (OC +BCU) | S48: Connected devices: | T48: =T7 -> 7SJ85
B49: =B8 -> 0 | T49: =T8 -> SEL751
H50: Tap-1 | J50: Tap-2 | L50: Tap-3 | T50: =T9 -> 0
B51: CT Ratio: | H51: =H10 -> 600 | J51: =J10 -> 200 | L51: =L10 -> - | N51: / | O51: =O10 -> 1 | P51: A | T51: =T10 -> 0
B52: Class of Accuracy: | J52: =H11 -> 5P | K52: =I11 -> 20
B53: CT Resistance: | I53: Rct< | J53: 4 | L53: W
B54: Rated Burden | I54: PN | J54: 5 | L54: VA | W54: =G83 -> Under Dimentioned | AD54: 5
A56: Other Burdens on same CT core:
B58: Burden of | D58: =T48 -> 7SJ85 | I58: = | J58: =J17 -> 0.02 | L58: VA | N58: CT internal Burden
B59: Burden of | D59: =T49 -> SEL751 | I59: = | J59: =J18 -> 0.02 | L59: VA
B60: Burden of | D60: =T50 -> 0 | I60: = | J60: =J19 -> 0 | L60: VA
B61: Burden of | D61: =T51 -> 0 | J61: =J20 -> 0 | L61: VA | N61: PE | O61: = | P61: In | Q61: x | R61: In | S61: x | T61: Rct
B62: Total lead burden | I62: = | J62: =J21 -> 1.0770224 | L62: VA | O62: = | P62: =O51 -> 1 | Q62: x | R62: =O51 -> 1 | S62: x | T62: =J53 -> 4
B63: Total lead + other burden | H63: PL | I63: = | J63: =SUM(J58:J62) -> 1.1170224 | L63: VA | O63: = | P63: =P62*R62*T62 -> 4 | R63: VA
C65: Max through fault current at close in fault | Q65: Itkmax | R65: = | S65: =S24 -> 50000 | U65: A
C66: CT Primary Current, | Q66: Ipn | R66: = | S66: =J51 -> 200 | U66: A
C67: Internal Burden, | Q67: PE | R67: = | S67: =P63 -> 4 | U67: VA
C68: Burden of CT Leads and burden of connected devices | Q68: PL | R68: = | S68: =J63 -> 1.1170224 | U68: VA
C69: Rated Secondary Current, | Q69: In | R69: = | S69: =O51 -> 1 | U69: A
C70: CT Accuracy Limiting Factor | Q70: n | R70: = | S70: =K52 -> 20
C71: CT Burden | Q71: PN | R71: = | S71: =J54 -> 5 | U71: VA
E73: Required Kssc' | F73: = | G73: Itkmax | I73: / | J73: Ipn
F74: = | G74: =S65 -> 50000 | I74: / | J74: =S66 -> 200
F75: = | G75: =G74/J74 -> 250
E77: Available (effective) Kssc' | F77: = | G77: n | H77: x ( ( | I77: PE | J77: + | K77: PN | L77: ) / ( | M77: PE | N77: + | O77: PL | P77: )
F78: = | G78: =S70 -> 20 | H78: x ( ( | I78: =S67 -> 4 | J78: + | K78: =S71 -> 5 | L78: ) / ( | M78: =S67 -> 4 | N78: + | O78: =S68 -> 1.1170224 | P78: )
F79: = | G79: =G78*((I78+K78)/(M78+O78)) -> 35.176707
E81: Available Kssc' | F81: =IF(D82>G82,">","<") -> < | G81: Required Kssc'
D82: =G79 -> 35.176707 | F82: =F81 -> < | G82: =G75 -> 250
E83: Hence CT is: | G83: =IF(F81=">","Suitably Dimentioned","Under Dimentioned") -> Under Dimentioned
B89: =B48 -> T1 | D89: =D48 -> Core2 | H89: =H48 -> (OC +BCU) | S89: Connected devices: | T89: =T48 -> 7SJ85
B90: =B49 -> 0 | T90: =T49 -> SEL751
H91: Tap-1 | J91: Tap-2 | L91: Tap-3 | T91: =T50 -> 0
B92: CT Ratio: | H92: =H51 -> 600 | J92: =J51 -> 200 | L92: =L51 -> - | N92: / | O92: =O51 -> 1 | P92: A
B93: Class of Accuracy: | L93: =J52 -> 5P | M93: =K52 -> 20
B94: CT Resistance: | K94: Rct< | L94: - | N94: W
B95: Rated Burden | K95: PN | L95: - | N95: VA | W95: =G123 -> #VALUE!
A97: Other Burdens on same CT core:
B99: Burden of | D99: =T89 -> 7SJ85 | I99: = | J99: =J58 -> 0.02 | L99: VA | N99: CT internal Burden
B100: Burden of | D100: =T90 -> SEL751 | I100: = | J100: =J59 -> 0.02 | L100: VA
B101: Burden of | D101: =T91 -> 0 | I101: = | J101: =J60 -> 0 | L101: VA | N101: PE | O101: = | P101: In | Q101: x | R101: In | S101: x | T101: Rct
B102: Total lead burden | I102: = | J102: =J62 -> 1.0770224 | L102: VA | O102: = | P102: =O92 -> 1 | Q102: x | R102: =O92 -> 1 | S102: x | T102: =L94 -> -
B103: Total lead + other burden | H103: PL | I103: = | J103: =SUM(J99:J102) -> 1.1170224 | L103: VA | O103: = | P103: =P102*R102*T102 -> #VALUE! | R103: VA
C105: Max through fault current at close in fault | Q105: Itkmax | R105: = | S105: =S65 -> 50000 | U105: A
C106: CT Primary Current, | Q106: Ipn | R106: = | S106: =J92 -> 200 | U106: A
C107: Internal Burden, | Q107: PE | R107: = | S107: =P103 -> #VALUE! | U107: VA
C108: Burden of CT Leads and burden of connected devices | Q108: PL | R108: = | S108: =J103 -> 1.1170224 | U108: VA
C109: Rated Secondary Current, | Q109: In | R109: = | S109: =O92 -> 1 | U109: A
C110: CT Accuracy Limiting Factor | Q110: n | R110: = | S110: =M93 -> 20
C111: CT Burden | Q111: PN | R111: = | S111: =L95 -> - | U111: VA
E113: Required Kssc' | F113: = | G113: Itkmax | I113: / | J113: Ipn
F114: = | G114: =S105 -> 50000 | I114: / | J114: =S106 -> 200
F115: = | G115: =G114/J114 -> 250
E117: Available (effective) Kssc' | F117: = | G117: n | H117: x ( ( | I117: PE | J117: + | K117: PN | L117: ) / ( | M117: PE | N117: + | O117: PL | P117: )
F118: = | G118: =S110 -> 20 | H118: x ( ( | I118: =S107 -> #VALUE! | J118: + | K118: =S111 -> - | L118: ) / ( | M118: =S107 -> #VALUE! | N118: + | O118: =S108 -> 1.1170224 | P118: )
F119: = | G119: =G118*((I118+K118)/(M118+O118)) -> #VALUE!
E121: Available Kssc' | F121: =IF(D122>G122,">","<") -> #VALUE! | G121: Required Kssc'
D122: =G119 -> #VALUE! | F122: =F121 -> #VALUE! | G122: =G115 -> 250
E123: Hence CT is: | G123: =IF(F121=">","Suitably Dimentioned","Under Dimentioned") -> #VALUE!
V131: ABB
A133: Hence, the Recommended CT Parameters for Manufacturing are:
A134: CT / Core | D134: Ratio (A) | G134: CT Cable m/mm2 | I134: Class | K134: CT Resistance (W) @ 75OC | M134: Rated Burden of CT, VA | Q134: Relay / Instrument Type | S134: CT Suitability
A138: =B89 -> T1 | B138: =D89 -> Core2 | D138: =H92 -> 600 | F138: =O92 -> 1 | G138: ='CT-VT Burdens'!S21 -> 120 | H138: ='CT-VT Burdens'!S10 -> 6 | I138: =L93 -> 5P | J138: =M93 -> 20 | K138: =H12 -> 8 | M138: =H13 -> 7.5 | O138: - | Q138: =CONCATENATE(T7," ",T8," ",T9," ",T10) -> 7SJ85 SEL751 | S138: =G42 -> Under Dimensioned
D139: =J92 -> 200 | K139: =J53 -> 4 | M139: =J54 -> 5 | O139: - | S139: =G83 -> Under Dimentioned
...

Sheet Tariff Check-0.2FS  (3)
A1: HITACHI | H1: =Title!H1 -> CT / VT | O1: =Title!O1 -> Contract No. | R1: =Title!R1 -> N-19957.2-DF4W
H2: =Title!H2 -> ADEQUACY CHECK | O2: =Title!O2 -> Date | R2: =Title!R2 -> 46134
H3: =Title!H3 -> 132/33kV SUBSTATION DF4W AT AL DHAFRA AREA | O3: =Title!O3 -> Document No. | R3: =Title!R3 -> -
O4: =Title!O4 -> Revision No. | R4: =Title!R4 -> A
A5: =Title!A5 -> Prep. By | C5: =Title!C5 -> AP | D5: =Title!D5 -> Checked By | G5: =Title!G5 -> RB | H5: 33kV DIAMOND CABLE FEEDERS | O5: =Title!O5 -> Contractor | R5: =Title!R5 -> HITACHI
B7: T1 | D7: Core4 | H7: (Tariff Meter- Check) | S7: Connected devices: | T7: XC-RACK
T8: GOSSEN
H9: Tap-1 | J9: Tap-2 | L9: Tap-3
B10: CT Ratio: | H10: 600 | J10: 200 | L10: - | N10: / | O10: 1 | P10: A
B11: Class of Accuracy: | H11: 0.2FS10
B12: CT Resistance: | G12: Rct< | H12: 8 | J12: W
B13: Factor of Safety | G13: FS | H13: 10 | W13: =J47 -> Suitable Dimensions
B14: Rated Burden | G14: PN | H14: 7.5 | J14: VA
A16: Other Burdens on same CT core:
B18: Burden of | D18: =T7 -> XC-RACK | I18: = | J18: ='CT-VT Burdens'!Q142 -> 0.008 | L18: VA | N18: CT internal Burden | AC18: rec670 | AE18: 100A for 1 S
B19: Burden of | D19: =T8 -> GOSSEN | I19: = | J19: ='CT-VT Burdens'!Q143 -> 0.25 | L19: VA
B20: Burden of | D20: =T9 -> 0 | I20: = | L20: VA | N20: PE | O20: = | P20: In | Q20: x | R20: In | S20: x | T20: Rct
B21: Burden of | D21: =T10 -> 0 | I21: = | L21: VA | O21: = | P21: =O10 -> 1 | Q21: x | R21: =O10 -> 1 | S21: x | T21: =H12 -> 8
B22: Total lead burden | I22: = | J22: ='CT-VT Burdens'!S24 -> 1.0770224 | L22: VA | O22: = | P22: =P21*R21*T21 -> 8 | R22: VA
B23: Total lead + other burden | H23: PL | I23: = | J23: =SUM(J18:K22) -> 1.3350224 | L23: VA
B25: CT Primary Current, | N25: Ipn | O25: = | P25: =H10 -> 600 | R25: A
B26: Internal Burden, | N26: PE | O26: = | P26: =H12 -> 8 | R26: VA
B27: Burden of CT Leads and burden of connected devices | N27: PL | O27: = | P27: =J23 -> 1.3350224 | R27: VA
B28: Rated Secondary Current, | N28: In | O28: = | P28: =O10 -> 1 | R28: A
B29: CT Safety Factor | N29: n | O29: = | P29: 10
B30: Safety Factor among all connected devices Fs (min) | O30: = | P30: 20 | R30: ** | S30: Assumed
C32: Minimum Safety Factor among all connected devices | Q32: Fs(min) | R32: = | S32: 20 | V32: **
C34: Total connected burden on CT | I34: = | J34: Connected devices burden | P34: + | Q34: Lead Burden
I35: = | J35: =J23 -> 1.3350224
H37: Effective Safety Factor of CT, FS' | I37: = | J37: FS | K37: x ( ( | L37: PE | M37: + | N37: PN | O37: ) / ( | P37: PE | Q37: + | R37: PL | S37: )
I38: = | J38: =H13 -> 10 | K38: x ( ( | L38: =P22 -> 8 | M38: + | N38: =H14 -> 7.5 | O38: ) / ( | P38: =P22 -> 8 | Q38: + | R38: =J23 -> 1.3350224 | S38: )
I39: = | J39: =J38*((L38+N38)/(P38+R38)) -> 16.604138
A41: CT is considered to be properly sized if following conditions are satisfied…
B42: 1 | H42: Rated CT Burden | I42: > | J42: Total Connected Burden | S42: …cond.1
G43: =H14 -> 7.5 | I43: =IF(G43>J43,">","<") -> > | J43: =J35 -> 1.3350224 | S43: =IF(G43>J43,"Satisfied","Not satisfied") -> Satisfied
B45: 2 | H45: FS(min) of connected devices | I45: > | J45: Effective Safety Factor of CT, FS' | S45: …cond.2
G46: =P30 -> 20 | I46: =IF(G46>J46,">","<") -> > | J46: =J39 -> 16.604138 | S46: =IF(G46>J46,"Satisfied","Not satisfied") -> Satisfied
H47: Hence CT is: | J47: =IF(AND(I43=">",I46=">")=TRUE,"Suitable Dimensions","Not suitable") -> Suitable Dimensions
B50: =B7 -> T1 | D50: =D7 -> Core4 | H50: =H7 -> (Tariff Meter- Check) | S50: Connected devices: | T50: =T7 -> XC-RACK
B51: =B8 -> 0 | T51: =T8 -> GOSSEN
H52: Tap-1 | J52: Tap-2 | L52: Tap-3
B53: CT Ratio: | H53: =H10 -> 600 | J53: =J10 -> 200 | L53: =L10 -> - | N53: / | O53: =O10 -> 1 | P53: A
B54: Class of Accuracy: | J54: =H11 -> 0.2FS10
B55: CT Resistance: | I55: Rct< | J55: 4 | L55: W
B56: Factor of Safety | I56: FS | J56: 10 | W56: =J90 -> Suitable Dimensions
B57: Rated Burden | I57: PN | J57: 5 | L57: VA
A59: Other Burdens on same CT core:
B61: Burden of | D61: =D18 -> XC-RACK | I61: = | J61: =J18 -> 0.008 | L61: VA | N61: CT internal Burden
B62: Burden of | D62: =D19 -> GOSSEN | I62: = | J62: =J19 -> 0.25 | L62: VA
B63: Burden of | D63: =D20 -> 0 | I63: = | J63: =J20 -> 0 | L63: VA | N63: PE | O63: = | P63: In | Q63: x | R63: In | S63: x | T63: Rct
B64: Burden of | D64: =T10 -> 0 | I64: = | J64: =J21 -> 0 | L64: VA | O64: = | P64: =O53 -> 1 | Q64: x | R64: =O53 -> 1 | S64: x | T64: =J55 -> 4
B65: Total lead burden | I65: = | J65: =J22 -> 1.0770224 | L65: VA | O65: = | P65: =P64*R64*T64 -> 4 | R65: VA
B66: Total lead + other burden | H66: PL | I66: = | J66: =J23 -> 1.3350224 | L66: VA
B68: CT Primary Current, | N68: Ipn | O68: = | P68: =J53 -> 200 | R68: A
B69: Internal Burden, | N69: PE | O69: = | P69: =J55 -> 4 | R69: VA
B70: Burden of CT Leads and burden of connected devices | N70: PL | O70: = | P70: =J66 -> 1.3350224 | R70: VA
B71: Rated Secondary Current, | N71: In | O71: = | P71: =O53 -> 1 | R71: A
B72: CT Safety Factor | N72: n | O72: = | P72: 10
B73: Safety Factor among all connected devices Fs (min) | O73: = | P73: 20 | R73: ** | S73: Assumed
C75: Minimum Safety Factor among all connected devices | Q75: Fs(min) | R75: = | S75: =S32 -> 20 | V75: **
C77: Total connected burden on CT | I77: = | J77: Connected devices burden | P77: + | Q77: Lead Burden
I78: = | J78: =J66 -> 1.3350224
H80: Effective Safety Factor of CT, FS' | I80: = | J80: FS | K80: x ( ( | L80: PE | M80: + | N80: PN | O80: ) / ( | P80: PE | Q80: + | R80: PL | S80: )
I81: = | J81: =J56 -> 10 | K81: x ( ( | L81: =P65 -> 4 | M81: + | N81: =J57 -> 5 | O81: ) / ( | P81: =P65 -> 4 | Q81: + | R81: =J66 -> 1.3350224 | S81: )
I82: = | J82: =J81*((L81+N81)/(P81+R81)) -> 16.869657
A84: CT is considered to be properly sized if following conditions are satisfied…
B85: 1 | H85: Rated CT Burden | I85: > | J85: Total Connected Burden | S85: …cond.1
G86: =J57 -> 5 | I86: =IF(G86>J86,">","<") -> > | J86: =J78 -> 1.3350224 | S86: =IF(G86>J86,"Satisfied","Not satisfied") -> Satisfied
B88: 2 | H88: FS(min) of connected devices | I88: > | J88: Effective Safety Factor of CT, FS' | S88: …cond.2
G89: =P73 -> 20 | I89: =IF(G89>J89,">","<") -> > | J89: =J82 -> 16.869657 | S89: =IF(G89>J89,"Satisfied","Not satisfied") -> Satisfied
H90: Hence CT is: | J90: =IF(AND(I86=">",I89=">")=TRUE,"Suitable Dimensions","Not suitable") -> Suitable Dimensions
B95: =B50 -> T1 | D95: =D50 -> Core4 | H95: =H50 -> (Tariff Meter- Check)
B96: =B51 -> 0
H97: Tap-1 | J97: Tap-2 | L97: Tap-3
B98: CT Ratio: | H98: =H53 -> 600 | J98: =J53 -> 200 | L98: =L53 -> - | N98: / | O98: =O53 -> 1 | P98: A
B99: Class of Accuracy: | L99: =J54 -> 0.2FS10
B100: CT Resistance: | K100: Rct< | L100: - | N100: W
B101: Factor of Safety | K101: FS | L101: - | W101: =J130 -> #VALUE!
B102: Rated Burden | K102: PN | L102: - | N102: VA
A104: Other Burdens on same CT core:
B106: Burden of | D106: =D61 -> XC-RACK | I106: = | J106: =J61 -> 0.008 | L106: VA | N106: CT internal Burden
B107: Burden of | D107: =D62 -> GOSSEN | I107: = | J107: =J62 -> 0.25 | L107: VA
B108: Burden of | D108: =D63 -> 0 | I108: = | J108: =J63 -> 0 | L108: VA | N108: PE | O108: = | P108: In | Q108: x | R108: In | S108: x | T108: Rct
B109: Burden of | D109: =T10 -> 0 | I109: = | J109: =J64 -> 0 | L109: VA | O109: = | P109: =O98 -> 1 | Q109: x | R109: =O98 -> 1 | S109: x | T109: =L100 -> -
B110: Total lead burden | I110: = | J110: =J65 -> 1.0770224 | L110: VA | O110: = | P110: =P109*R109*T109 -> #VALUE! | R110: VA
B111: Total lead + other burden | H111: PL | I111: = | J111: =J66 -> 1.3350224 | L111: VA
C113: Minimum Safety Factor among all connected devices | Q113: Fs(min) | R113: = | S113: =S75 -> 20
C115: Total connected burden on CT | I115: = | J115: CT Int. Burden | M115: + | N115: Connected Burden
I116: = | J116: =P110 -> #VALUE! | L116: + | M116: =J111 -> 1.3350224
I117: = | J117: =J116+M116 -> #VALUE!
H119: Effective Safety Factor of CT, FS' | I119: = | J119: FS | K119: x ( ( | L119: PE | M119: + | N119: PN | O119: ) / ( | P119: PE | Q119: + | R119: PL | S119: )
I120: = | J120: =L101 -> - | K120: x ( ( | L120: =P110 -> #VALUE! | M120: + | N120: =L102 -> - | O120: ) / ( | P120: =P110 -> #VALUE! | Q120: + | R120: =J111 -> 1.3350224 | S120: )
I121: = | J121: =J120*((L120+N120)/(P120+R120)) -> #VALUE!
A123: CT is considered to be properly sized if following conditions are satisfied…
B124: 1 | H124: Rated CT Burden | I124: > | J124: Total Connected Burden | S124: …cond.1
G125: =L102 -> - | I125: =IF(G125>J125,">","<") -> #VALUE! | J125: =J117 -> #VALUE! | S125: =IF(G125>J125,"Satisfied","Not satisfied") -> #VALUE!
B127: 2 | H127: FS(min) of connected devices | I127: > | J127: Effective Safety Factor of CT, FS' | S127: …cond.2
G128: =S113 -> 20 | I128: =IF(G128>J128,">","<") -> #VALUE! | J128: =J121 -> #VALUE! | S128: =IF(G128>J128,"Satisfied","Not satisfied") -> #VALUE!
H130: Hence CT is: | J130: =IF(AND(I125=">",I128=">")=TRUE,"Suitably Dimentioned","Not suitable") -> #VALUE!
V137: ABB
...

Sheet BAY2
E22: 132kV_100MVA TR. FEEDERS (E06,E11,E13)

Sheet TR. MAIN-1 MF 
A1: HITACHI | H1: =Title!H1 -> CT / VT | O1: =Title!O1 -> Contract No. | R1: =Title!R1 -> N-19957.2-DF4W
H2: =Title!H2 -> ADEQUACY CHECK | O2: =Title!O2 -> Date | R2: =Title!R2 -> 46134
H3: =Title!H3 -> 132/33kV SUBSTATION DF4W AT AL DHAFRA AREA | O3: =Title!O3 -> Document No. | R3: =Title!R3 -> -
O4: =Title!O4 -> Revision No. | R4: =Title!R4 -> A
A5: =Title!A5 -> Prep. By | C5: =Title!C5 -> AP | D5: =Title!D5 -> Checked By | G5: =Title!G5 -> RB | H5: 132kV_100MVA TR. FEEDERS | O5: =Title!O5 -> Contractor | R5: =Title!R5 -> HITACHI
B6: For CT Wiring
B7: Burden of the connecting leads : | W7: Note: CT requirements for other protection functions are different, pl. refer to the Application Manual.
C8: Conductor cross section in mm2 | Q8: A | R8: = | S8: 6 | U8: mm2 | V8: ** | W8: Note: CT requirements mentioned here are applicable for solidly earthed neutral system. For impedance earthed system, pl. refer to the Application manual
C9: Resistance in W/km at 200 C | Q9: R20 | R9: = | S9: 3.69 | U9: Ω/km | W9: Note: CT requirements are similar for REG670 / 650 relay.
C10: Specific resistance at 200 C | I10: (copper wires) | Q10: a | R10: = | S10: 0.00393 | U10: K-1
B12: Resistance in Ω/km at t0 C = | H12: R20 [ 1 + a ( t - 200 C ) ]
C13: Resistance in ohms/km at 750 C = | R13: = | S13: =S9*(1+S10*(75-20)) -> 4.4875935 | U13: Ω/km | W13: Highest Vk required = | AB13: =Q307 -> 171.17022
C14: Resistance in ohms/m at 750 C = | Q14: R | R14: = | S14: =S13/1000 -> 0.0044875935 | U14: Ω/m
C15: Secondary current of CT | Q15: Is | R15: = | S15: 1 | U15: A
C16: Relay Rated current | Q16: Ir | R16: = | S16: 1 | U16: A
C19: Conductor length in meters ( CT to relay ) | Q19: l | R19: = | S19: 120 | U19: m | V19: **
C20: Lead Resistance from the CT to Relay | Q20: RL =R x l | R20: = | S20: =S14*S19 -> 0.53851122 | U20: Ω
C21: Lead Resistance of the current loop from the CT to Relay | Q21: 2RL = 2 x R x l | R21: = | S21: =2*S14*S19 -> 1.0770224 | U21: Ω
C22: VA consumption of the connecting leads | Q22: Pl = Is2 x Rl | R22: = | S22: =S15*S15*S21 -> 1.0770224 | U22: VA
B25: For VT Wiring
B26: Burden of the connecting leads :
C27: Conductor cross section in mm2 | Q27: A | R27: = | S27: 2.5 | U27: mm2 | V27: **
C28: Resistance in W/km at 200 C | Q28: R20 | R28: = | S28: 8.87 | U28: Ω/km
C29: Specific resistance at 200 C | I29: (copper wires) | Q29: a | R29: = | S29: 0.00393 | U29: K-1
B31: Resistance in Ω/km at t0 C = | I31: R20 [ 1 + a ( t - 200 C ) ]
C32: Resistance in W/km at 750 C = | R32: = | S32: =S28*(1+S29*(75-20)) -> 10.78725 | U32: Ω/km
C33: Resistance in W/m at 750 C = | Q33: R | R33: = | S33: =S32/1000 -> 0.01078725 | U33: Ω/m
C34: Primary Voltage of VT | Q34: Vp | R34: = | S34: 132 / √3 | U34: kV
C35: Secondary Voltage of VT | Q35: Vs | R35: = | S35: 0.11 / √3 | U35: kV
C38: Conductor length in meters ( VT to relay ) | Q38: l | R38: = | S38: 120 | U38: m | V38: **
C39: Lead Resistance from the VT to Relay | Q39: RL =R x l | R39: = | S39: =S33*S38 -> 1.2944701 | U39: Ω
C40: Lead Resistance of the current loop from the VT to Relay | Q40: 2RL = 2 x R x l | R40: = | S40: =2*S33*S38 -> 2.5889401 | U40: Ω | Y40: (Refer : Annexure-B)
A42: The above CT Wiring and VT Wiring calculations is done for all the IEDs. The formula will be same for all the bays. But the inputs might differ for each bays.
B46: CT/VT Burden of Connected Devices (per phase): | Q46: CT at 1A | S46: VT at 110V
A47: Relion 670/650 series Relays Such as (RED670,REC670,REB650,RET670) | O47: IED 670/650 | Q47: 0.02 | S47: 0.02 | U47: VA
A49: All relion series 670 and 650 IEDs will have 0.02 burden for both CT and VT
C50: Busbar Protection Relay | O50: REB500 | Q50: 0.01 | S50: 0.15 | U50: VA
C51: ABB REx 52x Relays | O51: REJ525/REJ521/REX521 | Q51: 0.1 | S51: 0.5 | U51: VA
C52: ABB Relion 650 series Relays | O52: IED650 | Q52: 0.02 | S52: 0.02 | U52: VA
C53: ABB SPACOM Relays | O53: SPAJ/SPAU/SPAF 1xxC series | Q53: 0.1 | S53: 0.5 | U53: VA
C54: ABB REx54x series Relays | O54: REF54x/RET54x | Q54: 0.02 | S54: 0.5 | U54: VA
C55: ABB Relion 630/620 series Relays | O55: IED630/620 | Q55: 0.02 | S55: 0.05 | U55: VA
C56: ABB Relion 615 series Relays | O56: IED615 | Q56: 0.02 | S56: 0.05 | U56: VA
A57: The above values are the relay burden values. These are Standard values for Each relays.
B60: System Parameters:
C61: System Frequency | Q61: 50 | S61: Hz
C62: Bus Voltage Level | Q62: 132 | S62: kV
C63: Max. Bus fault level | Q63: 50 | S63: kA
C64: X/R Ratio | Q64: 15
C65: MV Bus Voltage Level | Q65: 132 | S65: kV
C66: MV Max. Bus fault level/Switchgear Rating | Q66: 40 | S66: kA
C67: LV X/R Ratio
B69: Power line parameters:
A70: Assumed Cable: | E70: 3 | F70: C, | G70: CU | H70: HDPE, | J70: 240 | L70: mm2, | N70: 1 | O70: Cables/phase
B71: Cable Details
C73: Positive Sequence- Resistance | O73: R1 | P73: = | Q73: 0.0221 | S73: Ω/Km
C74: Positive Sequence- Reactance | O74: X1 | P74: = | Q74: 0.16 | S74: Ω/Km
C75: Zero Sequence- Resistance | O75: R0 | P75: = | Q75: 0.13 | S75: Ω/Km
C76: Zero Sequence- Reactance | O76: X0 | P76: = | Q76: 0.06 | S76: Ω/Km
C77: Route length | P77: = | Q77: 1.74 | S77: km
C79: Cable +Ve seq. impedence | J79: Z1 | K79: = | L79: =Q73/N70 -> 0.0221 | N79: + j | O79: =Q74/N70 -> 0.16 | Q79: Ω/Km
C80: Cable Zero seq. impedence | J80: Z0 | K80: = | L80: =Q75/N70 -> 0.13 | N80: + j | O80: =Q76/N70 -> 0.06 | Q80: Ω/Km
C81: Total cable +Ve seq. impedence | J81: Z1L | K81: = | L81: =L79*Q77 -> 0.038454 | N81: + j | O81: =O79*Q77 -> 0.2784 | Q81: Ω
C82: Total cable Zero seq. impedence | J82: Z0L | K82: = | L82: =L80*Q77 -> 0.2262 | N82: + j | O82: =O80*Q77 -> 0.1044 | Q82: Ω
B84: Fault Current & Time Constant Calculations:
C85: Maximum HV Busbar fault current | P85: = | Q85: =Q63*1000 -> 50000 | S85: A
C88: HV rating of Busbar | P88: = | Q88: =Q62*1000 -> 132000 | S88: V
C89: Maximum MV Busbar fault current | P89: = | Q89: =Q66*1000 -> 40000 | S89: A
C90: MV rating of Busbar | P90: = | Q90: =Q65*1000 -> 132000 | S90: V
A92: For the above fault condition Source impedance (Zs), considering voltage | P92: = | Q92: 1 | S92: pu
E93: Zs | F93: = | G93: (V | H93: X | I93: =Q92 -> 1 | J93: ) / | K93: (√3 | L93: x | M93: I) | P93: = | Q93: =(Q88*Q92)/(SQRT(3)*Q85) -> 1.5242047 | S93: Ω
E94: Source X / R ratio | F94: = | G94: 2 | H94: x | I94: p | J94: x | K94: f | L94: x | M94: (L/R)
E95: System X/R Ratio | L95: X/R | P95: = | Q95: =Q64 -> 15
E96: System Frequency | L96: f | P96: = | Q96: =Q61 -> 50
C97: Now, | E97: Impedence Angle | L97: øs = | M97: Tan-1(X/R)
E98: Impedence Angle in radians | L98: øs | P98: = | Q98: =ATAN(Q95) -> 1.5042282
E99: Impedence Angle in Degrees | L99: øs | P99: = | Q99: =DEGREES(Q98) -> 86.185925
E101: System Resistance | K101: Rs | L101: =Zs x Cos øs | P101: = | Q101: =Q93*COS(Q98) -> 0.10138859 | S101: W
E102: System Reactance | K102: Xs | L102: =Zs x Sin øs | P102: = | Q102: =Q93*SIN(Q98) -> 1.5208288 | S102: W
C103: Hence, | E103: Source Impedence | K103: Zs | L103: = | N103: =Q101 -> 0.10138859 | P103: + j | Q103: =Q102 -> 1.5208288 | S103: W
A104: Source Impedance Ratio (SIR)
C105: SIR | D105: = | E105: Zs | F105: / | G105: (80% * Z1L) | L105: where, | N105: Z1L | O105: = | P105: =SQRT(L81^2+O81^2) -> 0.28104318 | R105: ohm
D106: = | E106: =Q93 -> 1.5242047 | G106: / | H106: ( 0.8 * | J106: =P105 -> 0.28104318 | L106: )
D107: = | E107: =E106/(0.8*J106) -> 6.7792283
A111: Determination of System Time-constant (L/R):
B112: Source X / R ratio | G112: = | H112: 2 | I112: x | J112: p | K112: x | L112: f | M112: x | N112: (L/R)
B113: System X/R Ratio | O113: X/R | P113: = | Q113: =Q64 -> 15
B114: System Frequency | O114: f | P114: = | Q114: =Q61 -> 50 | S114: Hz
B115: Hence, System tp (L/R) | G115: = | H115: X/R | I115: / | J115: 2 | K115: x | L115: p | M115: x | N115: f | P115: = | Q115: =(Q113*1000)/(J115*(22/7)*Q114) -> 47.727273 | S115: ms
A117: Determination of Fault Current for 3-ph Through Fault:
A118: Fault Impedence | E118: Z1t | F118: = | H118: Zs | I118: + | J118: Z1L
F119: = ( | G119: =N103 -> 0.10138859 | I119: + j | J119: =Q103 -> 1.5208288 | L119: ) + ( | M119: =L81 -> 0.038454 | O119: + j | P119: =O81 -> 0.2784 | R119: )
F120: = | G120: =G119+M119 -> 0.13984259 | I120: +j | J120: =J119+P119 -> 1.7992288 | L120: W
F122: = | G122: =SQRT(G120^2+J120^2) -> 1.8046552 | I122: Ð | J122: =DEGREES(ATAN(J120/G120)) -> 85.555699 | L122: W
E123: Therefore, X/R ratio | F123: = | G123: =J120/G120 -> 12.866101
B124: Hence, 3-ph fault current for Through faults | L124: = | M124: =Q88 -> 132000 | O124: x | P124: =Q92 -> 1
M125: =+G122 -> 1.8046552 | O125: x | P125: √3 | Q125: =SQRT(3) -> 1.7320508
L126: = | M126: =M124*P124/(M125*SQRT(3)) -> 42229.804 | O126: A
A129: Determination of Time-constant for 3-ph Through fault (L/R):
B130: X / R ratio | G130: = | H130: 2 | I130: x | J130: p | K130: x | L130: f | M130: x | N130: (L/R)
...

Sheet 7UT85
A1: HITACHI | H1: =[6]Title!H1 -> CT / VT | O1: =[6]Title!O1 -> Contract No. | R1: =[6]Title!R1 -> N-16682
H2: =Title!H2 -> ADEQUACY CHECK | O2: =[6]Title!O2 -> Date | R2: =[6]Title!R2 -> 45276
H3: =Title!H3 -> 132/33kV SUBSTATION DF4W AT AL DHAFRA AREA | O3: =[6]Title!O3 -> Document No. | R3: =[6]Title!R3 -> N16682-CB-0070-J-7901
O4: =[6]Title!O4 -> Revision No. | R4: =[6]Title!R4 -> A
A5: =[6]Title!A5 -> Prep. By | C5: =[6]Title!C5 -> PK | D5: =[6]Title!D5 -> Checked By | G5: =[6]Title!G5 -> RN | H5: 132kV_100MVA TR. FEEDERS | O5: =[6]Title!O5 -> Contractor | R5: =[6]Title!R5 -> HITACHI ENERGY
B7: T1 | D7: Core2 | H7: (Transformer Differential) | S7: Connected devices: | T7: 7UT85
T8: IDM+
H9: Tap-1 | J9: Tap-2 | L9: Tap-3
B10: CT Ratio: | H10: 600 | J10: 1800 | L10: - | N10: / | O10: 1 | P10: A
B11: Class of Accuracy: | H11: PX
B12: CT Resistance: | G12: Rct< | H12: 1.5 | J12: W
B13: Knee Point Voltage: | G13: Vk> | H13: 400 | J13: V | W13: Highest Vk required = | AB13: =D59 -> 94.16
B14: Magnetizing Current: | G14: I0< | H14: 30 | J14: mA at Vk
A16: Other Burdens on same CT core:
B18: Burden of | D18: =T7 -> 7UT85 | H18: Sr' | I18: = | J18: ='CT-VT Burdens'!Q119 -> 0.1 | L18: VA
B19: Burden of | D19: =T8 -> IDM+ | I19: = | J19: ='CT-VT Burdens'!Q149 -> 0.058 | L19: VA
B20: Burden of | D20: =T9 -> 0 | I20: = | L20: VA
B21: Total lead burden | H21: Sl' | I21: = | J21: ='CT-VT Burdens'!S30 -> 1.1667743 | L21: VA
B22: Total lead + other burden | H22: Sl | I22: = | J22: =J19+J21 -> 1.2247743 | L22: VA
B24: Resisitance of the relay: | M24: Lead + Other resisitance connected
B25: Rr | C25: = | D25: Sr' | E25: / ( | F25: Ir | G25: x | H25: Ir | I25: ) | M25: Rl | N25: = | O25: Sl | P25: / ( | Q25: Isn | R25: x | S25: Isn | T25: )
C26: = | D26: =J18 -> 0.1 | E26: / ( | F26: =S55 -> 1 | G26: x | H26: =S55 -> 1 | I26: ) | N26: = | O26: =J22 -> 1.2247743 | P26: / ( | Q26: =O10 -> 1 | R26: x | S26: =O10 -> 1 | T26: )
C27: = | D27: =D26/(F26*H26) -> 0.1 | F27: W | N27: = | O27: =O26/(Q26*S26) -> 1.2247743 | Q27: W
B29: Hence, Total Burden connected to CT core, Rb' | L29: = | M29: =D27 -> 0.1 | O29: + | P29: =O27 -> 1.2247743 | R29: = | S29: =M29+P29 -> 1.3247743 | U29: W
A30: Power Transformer Data:
B31: Power Rating | N31: = | O31: 100 | Q31: MVA
B32: Percentage Impedance | N32: = | O32: 25 | Q32: %
B33: HV Rated Voltage, | M33: Un1 | N33: = | O33: 132 | Q33: kV
A35: Transformer Full load current | H35: Int | I35: = | J35: MVA | L35: x | M35: 1000 | N35: / | O35: √3 | P35: x | Q35: Un1 | R35: )
I36: = | J36: =O31 -> 100 | L36: x | M36: 1000 | N36: / | O36: √3 | P36: x | Q36: =O33 -> 132 | R36: )
I37: = | J37: =(O31*1000)/(SQRT(3)*O33) -> 437.38657 | L37: A
A39: The internal fault current shall be 50kA.
A41: Internal Fault Current (LV Side) | N41: = | O41: 50000 | Q41: A
B43: Vk | C43: ³ | G43: 0.4 | H43: x | I43: Isccmax (int. fault) | N43: x ( | O43: Rct | P43: + | Q43: Rbc | R43: ) x | S43: Isr | U43: ---(1)
I44: Ipr
B49: Rated primary current of the current transformer | P49: Ipr | R49: = | S49: =H10 -> 600 | U49: A
B50: CT Internal Resistance | P50: Rct | R50: = | S50: =H12 -> 1.5 | U50: W
B51: Burden of CT Leads and burden of relay | P51: Rbc | R51: = | S51: =S29 -> 1.3247743 | U51: W
B52: Rated secondary current of the current transformer | P52: Isn | R52: = | S52: =O10 -> 1 | U52: A
B53: Max fault current at close-in fault | P53: Isccmax (int. fault) | R53: = | S53: =O41 -> 50000 | U53: A
B54: Transformer nominal current | P54: Ino | R54: = | S54: =J37 -> 437.38657 | U54: A
B55: Relay normal current | P55: Inrelay (Ir) | R55: = | S55: ='[6]CT-VT Burdens'!S18 -> 1 | U55: A
B57: Vk | C57: ³ | G57: =G43 -> 0.4 | H57: x | I57: =O41 -> 50000 | N57: x ( | O57: =S50 -> 1.5 | P57: + | Q57: =S51 -> 1.3247743 | R57: ) x | S57: =S52 -> 1 | U57: ---(1)
I58: =H10 -> 600
C59: = | D59: =ROUNDUP(G57*(I57/(I58)*(O57+Q57)*S57),2) -> 94.16 | F59: V
A65: Maximum through Fault Current (LV Side) | M65: Itf | N65: = | O65: Int | Q65: / | R65: =B32 -> Percentage Impedance
N66: = | O66: =J37 -> 437.38657 | Q66: / | R66: =O32% -> 0.25
M67: Itf | N67: = | O67: =O66/R66 -> 1749.5463 | Q67: A
B69: Vk | C69: ³ | G69: 1.6 | H69: x | I69: Isccmax (Ext. fault) | N69: x ( | O69: Rct | P69: + | Q69: Rbc | R69: ) x | S69: Isr | U69: ---(2)
I70: Ipr
B72: Rated primary current of the current transformer | P72: Ipr | R72: = | S72: =H10 -> 600 | U72: A
B73: CT Internal Resistance | P73: Rct | R73: = | S73: =H12 -> 1.5 | U73: W
B74: Burden of CT Leads and burden of relay | P74: Rbc | R74: = | S74: =S29 -> 1.3247743 | U74: W
B75: Rated secondary current of the current transformer | P75: Isn | R75: = | S75: =O10 -> 1 | U75: A
B76: Max fault current at close-in fault | P76: Isccmax (Ext. fault) | R76: = | S76: =O67 -> 1749.5463 | U76: A
B77: Transformer nominal current | P77: Ino | R77: = | S77: =J37 -> 437.38657 | U77: A
B78: Relay normal current | P78: Inrelay (Ir) | R78: = | S78: =O10 -> 1 | U78: A
B80: Vk | C80: ³ | G80: =G69 -> 1.6 | H80: x | I80: =O67 -> 1749.5463 | N80: x ( | O80: =S73 -> 1.5 | P80: + | Q80: =S74 -> 1.3247743 | R80: ) x | S80: =S75 -> 1 | U80: ---(2)
I81: =H10 -> 600
C82: = | D82: =ROUNDUP(G80*(I80/(I81)*(O80+Q80)*S80),2) -> 13.18 | F82: V
A92: At least | U92: ---(3)
E93: Vk | F93: ³ | G93: 20 | H93: x | I93: Isr | J93: x ( | K93: Rct | L93: + | M93: Rbc | N93: )
B94: CT Internal Resistance | P94: Rct | R94: = | S94: =H12 -> 1.5 | U94: W
B95: Burden of CT Leads and burden of relay | P95: Rbc | R95: = | S95: =S29 -> 1.3247743 | U95: W
B96: Rated secondary current of the current transformer | P96: Isr | R96: = | S96: 1 | U96: A
E98: Vk | F98: ³ | G98: =G93 -> 20 | H98: =H93 -> x | I98: =S96 -> 1 | J98: x ( | K98: =S94 -> 1.5 | L98: + | M98: =S95 -> 1.3247743 | N98: =N93 -> )
F100: = | G100: =ROUNDUP(G98*I98*(K98+M98),2) -> 56.5
D103: KPV as per Hitachi recommendation | L103: Vk | M103: ≥ | N103: =CONCATENATE(Y103,X103,D59,Z103,D82,Z103,G100,AA103) -> max(94.16,13.18,56.5) | X103: ( | Y103: max | Z103: , | AA103: )
L104: Vk | M104: ≥ | N104: =MAX(D82,D59,G100) -> 94.16
L105: =H13 -> 400 | M105: ≥ | N105: =N104 -> 94.16
F107: Hence CT is: | H107: =IF(L105>N105,"Suitably Dimensioned","Under Dimensioned") -> Suitably Dimensioned
B132: T1 | D132: Core2 | F132: HV side | H132: =H7 -> (Transformer Differential) | S132: Connected devices: | T132: =T7 -> 7UT85
T133: =T8 -> IDM+
H134: Tap-1 | J134: Tap-2 | L134: Tap-3 | T134: =T9 -> 0
B135: CT Ratio: | H135: =H10 -> 600 | J135: =J10 -> 1800 | L135: =L10 -> - | N135: / | O135: =O10 -> 1 | P135: A
B136: Class of Accuracy: | J136: =H11 -> PX
B137: CT Resistance: | I137: Rct< | J137: 5 | L137: W
B138: Knee Point Voltage: | I138: Vk> | J138: 1600 | L138: V | W138: Highest Vk required = | AB138: =D189 -> 56.746078
B139: Magnetizing Current: | I139: I0< | J139: 10 | L139: mA at Vk
A141: Other Burdens on same CT core:
B143: Burden of | D143: =T132 -> 7UT85 | H143: Sr' | I143: = | J143: =J18 -> 0.1 | L143: VA
B144: Burden of | D144: =T133 -> IDM+ | I144: = | J144: =J19 -> 0.058 | L144: VA
B145: Burden of | D145: =T134 -> 0 | I145: = | J145: =J20 -> 0 | L145: VA
B146: Total lead burden | H146: Sl' | I146: = | J146: =J21 -> 1.1667743 | L146: VA
B147: Total lead + other burden | H147: Sl | I147: = | J147: =J144+J146 -> 1.2247743 | L147: VA
B149: Resisitance of the relay: | M149: Lead + Other resisitance connected
B150: Rr | C150: = | D150: Sr' | E150: / ( | F150: Ir | G150: x | H150: Ir | I150: ) | M150: Rl | N150: = | O150: Sl | P150: / ( | Q150: Isn | R150: x | S150: Isn | T150: )
C151: = | D151: =J143 -> 0.1 | E151: / ( | F151: =F26 -> 1 | G151: x | H151: =H26 -> 1 | I151: ) | N151: = | O151: =J147 -> 1.2247743 | P151: / ( | Q151: =O135 -> 1 | R151: x | S151: =O135 -> 1 | T151: )
C152: = | D152: =D151/(F151*H151) -> 0.1 | F152: W | N152: = | O152: =O151/(Q151*S151) -> 1.2247743 | Q152: W
B154: Hence, Total Burden connected to CT core, Rb' | L154: = | M154: =D152 -> 0.1 | O154: + | P154: =O152 -> 1.2247743 | R154: = | S154: =M154+P154 -> 1.3247743 | U154: W
A155: Power Transformer Data:
B156: Power Rating | N156: = | O156: 100 | Q156: MVA
B157: Percentage Impedance | N157: = | O157: =O32 -> 25 | Q157: %
B158: HV Rated Voltage, | M158: Un1 | N158: = | O158: =O33 -> 132 | Q158: kV
A160: Transformer Full load current | H160: Int | I160: = | J160: MVA | L160: x | M160: 1000 | N160: / | O160: √3 | P160: x | Q160: Un1 | R160: )
I161: = | J161: =O156 -> 100 | L161: x | M161: 1000 | N161: / | O161: √3 | P161: x | Q161: =O158 -> 132 | R161: )
I162: = | J162: =(O156*1000)/(SQRT(3)*O158) -> 437.38657 | L162: A
A164: According to Clause 5.2 of ESI 48-3, the maximum through fault current shall be 16 times of the rated fault current.
A166: Maximum through Fault Current (HV Side) | M166: Itf | N166: = | O166: Int | Q166: x | R166: 16
N167: = | O167: =+J162 -> 437.38657 | Q167: x | R167: 16
...

Sheet BCU+PQM+AMMETER
A1: HITACHI | H1: =Title!H1 -> CT / VT | O1: =Title!O1 -> Contract No. | R1: =Title!R1 -> N-19957.2-DF4W
H2: =Title!H2 -> ADEQUACY CHECK | O2: =Title!O2 -> Date | R2: =Title!R2 -> 46134
H3: =Title!H3 -> 132/33kV SUBSTATION DF4W AT AL DHAFRA AREA | O3: =Title!O3 -> Document No. | R3: =Title!R3 -> -
O4: =Title!O4 -> Revision No. | R4: =Title!R4 -> A
A5: =Title!A5 -> Prep. By | C5: =Title!C5 -> AP | D5: =Title!D5 -> Checked By | G5: =Title!G5 -> RB | H5: 132kV_100MVA TR. FEEDERS | O5: =Title!O5 -> Contractor | R5: =Title!R5 -> HITACHI
B7: T1 | D7: Core3 | H7: (Metering + BCU + PQM) | S7: Connected devices: | T7: REC670
T8: CP-L96A
H9: Tap-1 | J9: Tap-2 | L9: Tap-3
B10: CT Ratio: | H10: 3200 | J10: 600 | L10: - | N10: / | O10: 1 | P10: A
B11: Class of Accuracy: | H11: 0.5
B12: CT Resistance: | G12: Rct< | H12: 5 | J12: W
B13: Factor of Safety | G13: FS | H13: 5 | W13: =J46 -> Suitably Dimensioned
B14: Rated Burden | G14: PN | H14: 30
A16: Other Burdens on same CT core:
B18: Burden of | D18: =T7 -> REC670 | I18: = | J18: ='CT-VT Burdens'!Q104 -> 0.02 | L18: VA | N18: CT internal Burden | AC18: rec670 | AE18: 100A for 1 S
B19: Burden of | D19: =T8 -> CP-L96A | I19: = | J19: 2 | L19: VA
B20: Burden of | D20: =T9 -> 0 | I20: = | L20: VA | N20: PE | O20: = | P20: In | Q20: x | R20: In | S20: x | T20: Rct
B21: Burden of | D21: =T10 -> 0 | I21: = | L21: VA | O21: = | P21: =O10 -> 1 | Q21: x | R21: =O10 -> 1 | S21: x | T21: =H12 -> 5
B22: Total lead burden | I22: = | J22: ='CT-VT Burdens'!S24 -> 1.0770224 | L22: VA | O22: = | P22: =P21*R21*T21 -> 5 | R22: VA
B23: Total lead + other burden | H23: PL | I23: = | J23: =SUM(J18:K22) -> 3.0970224 | L23: VA
B25: CT Primary Current, | N25: Ipn | O25: = | P25: =H10 -> 3200 | R25: A
B26: Internal Burden, | N26: PE | O26: = | P26: =H12 -> 5 | R26: VA
B27: Burden of CT Leads and burden of connected devices | N27: PL | O27: = | P27: =J23 -> 3.0970224 | R27: VA
B28: Rated Secondary Current, | N28: In | O28: = | P28: =O10 -> 1 | R28: A
B29: CT Safety Factor | N29: n | O29: = | P29: 10
B30: Safety Factor Fs (min) | O30: = | P30: 25
B31: XC-RACK = 20 A for 0.5 sec Refer annuxure mail received from manufacturer
C32: Minimum Safety Factor among all connected devices | Q32: Fs(min) | R32: = | S32: 20 | V32: **
C34: Total connected burden on CT | I34: = | J34: Connected devices burden | P34: + | Q34: Lead Burden
I35: = | J35: =J23 -> 3.0970224
H36: Effective Safety Factor of CT, FS' | I36: = | J36: FS | K36: x ( ( | L36: PE | M36: + | N36: PN | O36: ) / ( | P36: PE | Q36: + | R36: PL | S36: )
I37: = | J37: =H13 -> 5 | K37: x ( ( | L37: =P22 -> 5 | M37: + | N37: =H14 -> 30 | O37: ) / ( | P37: =P22 -> 5 | Q37: + | R37: =J23 -> 3.0970224 | S37: )
I38: = | J38: =J37*((L37+N37)/(P37+R37)) -> 21.612883
A40: CT is considered to be properly sized if following conditions are satisfied…
B41: 1 | H41: Rated CT Burden | I41: > | J41: Total Connected Burden | S41: …cond.1
G42: =H14 -> 30 | I42: =IF(G42>J42,">","<") -> > | J42: =J35 -> 3.0970224 | S42: =IF(G42>J42,"Satisfied","Not satisfied") -> Satisfied
B44: 2 | H44: FS(min) of connected devices | I44: > | J44: Effective Safety Factor of CT, FS' | S44: …cond.2
G45: =P30 -> 25 | I45: =IF(G45>J45,">","<") -> > | J45: =J38 -> 21.612883 | S45: =IF(G45>J45,"Satisfied","Not satisfied") -> Satisfied
H46: Hence CT is: | J46: =IF(AND(I42=">",I45=">")=TRUE,"Suitably Dimensioned","Not suitable") -> Suitably Dimensioned
B49: =B7 -> T1 | D49: =D7 -> Core3 | H49: =H7 -> (Metering + BCU + PQM) | S49: Connected devices: | T49: =T7 -> REC670
B50: =B8 -> 0 | T50: =T8 -> CP-L96A
H51: Tap-1 | J51: Tap-2 | L51: Tap-3 | T51: =T9 -> 0
B52: CT Ratio: | H52: =H10 -> 3200 | J52: =J10 -> 600 | L52: =L10 -> - | N52: / | O52: =O10 -> 1 | P52: A
B53: Class of Accuracy: | J53: =H11 -> 0.5
B54: CT Resistance: | I54: Rct< | J54: 1 | L54: W
B55: Factor of Safety | I55: FS | J55: 5 | W55: =J87 -> Suitably Dimensioned
B56: Rated Burden | I56: PN | J56: 10 | L56: VA
A58: Other Burdens on same CT core:
B60: Burden of | D60: =D18 -> REC670 | I60: = | J60: =J18 -> 0.02 | L60: VA | N60: CT internal Burden
B61: Burden of | D61: =D19 -> CP-L96A | I61: = | J61: =J19 -> 2 | L61: VA
B62: Burden of | D62: =D20 -> 0 | I62: = | J62: =J20 -> 0 | L62: VA | N62: PE | O62: = | P62: In | Q62: x | R62: In | S62: x | T62: Rct
B63: Burden of | D63: =T10 -> 0 | I63: = | J63: =J21 -> 0 | L63: VA | O63: = | P63: =O52 -> 1 | Q63: x | R63: =O52 -> 1 | S63: x | T63: =J54 -> 1
B64: Total lead burden | I64: = | J64: =J22 -> 1.0770224 | L64: VA | O64: = | P64: =P63*R63*T63 -> 1 | R64: VA
B65: Total lead + other burden | H65: PL | I65: = | J65: =J23 -> 3.0970224 | L65: VA
B67: CT Primary Current, | N67: Ipn | O67: = | P67: =J52 -> 600 | R67: A
B68: Internal Burden, | N68: PE | O68: = | P68: =J54 -> 1 | R68: VA
B69: Burden of CT Leads and burden of connected devices | N69: PL | O69: = | P69: =J65 -> 3.0970224 | R69: VA
B70: Rated Secondary Current, | N70: In | O70: = | P70: =O52 -> 1 | R70: A
B71: CT Safety Factor | N71: n | O71: = | P71: 10
B72: Safety Factor among all connected devices Fs (min) | O72: = | P72: 25 | R72: ** | S72: Assumed
C74: Minimum Safety Factor among all connected devices | Q74: Fs(min) | R74: = | S74: 25 | V74: **
C75: Total connected burden on CT | I75: = | J75: Connected devices burden | P75: + | Q75: Lead Burden
I76: = | J76: =J65 -> 3.0970224
H78: Effective Safety Factor of CT, FS' | I78: = | J78: FS | K78: x ( ( | L78: PE | M78: + | N78: PN | O78: ) / ( | P78: PE | Q78: + | R78: PL | S78: )
I79: = | J79: =J55 -> 5 | K79: x ( ( | L79: =P64 -> 1 | M79: + | N79: =J56 -> 10 | O79: ) / ( | P79: =P64 -> 1 | Q79: + | R79: =J65 -> 3.0970224 | S79: )
I80: = | J80: =J79*((L79+N79)/(P79+R79)) -> 13.424383
A81: CT is considered to be properly sized if following conditions are satisfied…
B82: 1 | H82: Rated CT Burden | I82: > | J82: Total Connected Burden | S82: …cond.1
G83: =J56 -> 10 | I83: =IF(G83>J83,">","<") -> > | J83: =J76 -> 3.0970224 | S83: =IF(G83>J83,"Satisfied","Not satisfied") -> Satisfied
B85: 2 | H85: FS(min) of connected devices | I85: > | J85: Effective Safety Factor of CT, FS' | S85: …cond.2
G86: =P72 -> 25 | I86: =IF(G86>J86,">","<") -> > | J86: =J80 -> 13.424383 | S86: =IF(G86>J86,"Satisfied","Not satisfied") -> Satisfied
H87: Hence CT is: | J87: =IF(AND(I83=">",I86=">")=TRUE,"Suitably Dimensioned","Not suitable") -> Suitably Dimensioned
B92: =B49 -> T1 | D92: =D49 -> Core3 | H92: =H49 -> (Metering + BCU + PQM)
B93: =B50 -> 0
H94: Tap-1 | J94: Tap-2 | L94: Tap-3
B95: CT Ratio: | H95: =H52 -> 3200 | J95: =J52 -> 600 | L95: =L52 -> - | N95: / | O95: =O52 -> 1 | P95: A
B96: Class of Accuracy: | L96: =J53 -> 0.5
B97: CT Resistance: | K97: Rct< | L97: - | N97: W
B98: Factor of Safety | K98: FS | L98: - | W98: =J127 -> #VALUE!
B99: Rated Burden | K99: PN | L99: - | N99: VA
A101: Other Burdens on same CT core:
B103: Burden of | D103: =D60 -> REC670 | I103: = | J103: =J60 -> 0.02 | L103: VA | N103: CT internal Burden
B104: Burden of | D104: =D61 -> CP-L96A | I104: = | J104: =J61 -> 2 | L104: VA
B105: Burden of | D105: =D62 -> 0 | I105: = | J105: =J62 -> 0 | L105: VA | N105: PE | O105: = | P105: In | Q105: x | R105: In | S105: x | T105: Rct
B106: Burden of | D106: =T10 -> 0 | I106: = | J106: =J63 -> 0 | L106: VA | O106: = | P106: =O95 -> 1 | Q106: x | R106: =O95 -> 1 | S106: x | T106: =L97 -> -
B107: Total lead burden | I107: = | J107: =J64 -> 1.0770224 | L107: VA | O107: = | P107: =P106*R106*T106 -> #VALUE! | R107: VA
B108: Total lead + other burden | H108: PL | I108: = | J108: =J65 -> 3.0970224 | L108: VA
C110: Minimum Safety Factor among all connected devices | Q110: Fs(min) | R110: = | S110: =S74 -> 25
C112: Total connected burden on CT | I112: = | J112: CT Int. Burden | M112: + | N112: Connected Burden
I113: = | J113: =P107 -> #VALUE! | L113: + | M113: =J108 -> 3.0970224
I114: = | J114: =J113+M113 -> #VALUE!
H116: Effective Safety Factor of CT, FS' | I116: = | J116: FS | K116: x ( ( | L116: PE | M116: + | N116: PN | O116: ) / ( | P116: PE | Q116: + | R116: PL | S116: )
I117: = | J117: =L98 -> - | K117: x ( ( | L117: =P107 -> #VALUE! | M117: + | N117: =L99 -> - | O117: ) / ( | P117: =P107 -> #VALUE! | Q117: + | R117: =J108 -> 3.0970224 | S117: )
I118: = | J118: =J117*((L117+N117)/(P117+R117)) -> #VALUE!
A120: CT is considered to be properly sized if following conditions are satisfied…
B121: 1 | H121: Rated CT Burden | I121: > | J121: Total Connected Burden | S121: …cond.1
G122: =L99 -> - | I122: =IF(G122>J122,">","<") -> #VALUE! | J122: =J114 -> #VALUE! | S122: =IF(G122>J122,"Satisfied","Not satisfied") -> #VALUE!
B124: 2 | H124: FS(min) of connected devices | I124: > | J124: Effective Safety Factor of CT, FS' | S124: …cond.2
G125: =S110 -> 25 | I125: =IF(G125>J125,">","<") -> #VALUE! | J125: =J118 -> #VALUE! | S125: =IF(G125>J125,"Satisfied","Not satisfied") -> #VALUE!
H127: Hence CT is: | J127: =IF(AND(I122=">",I125=">")=TRUE,"Suitably Dimentioned","Not suitable") -> #VALUE!
...

Sheet MAIN-2 BBP (2)
A1: HITACHI | H1: =Title!H1 -> CT / VT | O1: =Title!O1 -> Contract No. | R1: =Title!R1 -> N-19957.2-DF4W
H2: =Title!H2 -> ADEQUACY CHECK | O2: =Title!O2 -> Date | R2: =Title!R2 -> 46134
H3: =Title!H3 -> 132/33kV SUBSTATION DF4W AT AL DHAFRA AREA | O3: =Title!O3 -> Document No. | R3: =Title!R3 -> -
O4: =Title!O4 -> Revision No. | R4: =Title!R4 -> A
A5: =Title!A5 -> Prep. By | C5: =Title!C5 -> AP | D5: =Title!D5 -> Checked By | G5: =Title!G5 -> RB | H5: 132kV_100MVA TR. FEEDERS | O5: =Title!O5 -> Contractor | R5: =Title!R5 -> HITACHI
B7: T1 | D7: Core5 | H7: (Low Imp. Busbar) | S7: Connected devices: | T7: REB500
H9: Tap-1 | J9: Tap-2 | L9: Tap-3
B10: CT Ratio: | H10: 2000 | J10: 3200 | L10: - | N10: / | O10: 1 | P10: A
B11: Class of Accuracy: | H11: PX
B12: CT Resistance: | G12: Rct< | H12: 3.5 | J12: W
B13: Knee Point Voltage: | G13: Vk> | H13: 500 | J13: V | W13: =#REF! -> #REF!
B14: Magnetizing Current: | G14: I0< | H14: 20 | J14: mA at Vk
A16: Other Burdens on same CT core:
B18: Burden of | D18: =T7 -> REB500 | I18: = | J18: ='CT-VT Burdens'!Q105 -> 0.01 | L18: VA | N18: CT internal Burden
B19: Burden of | D19: =T8 -> 0 | I19: = | L19: VA | N19: PE | O19: = | P19: In | Q19: x | R19: In | S19: x | T19: Rct
B20: Burden of | D20: =T9 -> 0 | I20: = | L20: VA | O20: = | P20: =O10 -> 1 | Q20: x | R20: =O10 -> 1 | S20: x | T20: =H12 -> 3.5
B21: Total lead burden | I21: = | J21: ='CT-VT Burdens'!S24 -> 1.0770224 | L21: VA | O21: = | P21: =P20*R20*T20 -> 3.5 | R21: VA
B22: Total lead + other burden | H22: PL | I22: = | J22: =SUM(J18:J21) -> 1.0870224 | L22: VA
B24: CT-Requirements for BB Protection
C25: Maximum Primary Fault Current | Q25: Isc | R25: = | S25: ='Parameters & Fault Cal. (4)'!Q10 *1000 -> 50000 | U25: A
C26: CT Primary Current, | Q26: Ipn | R26: = | S26: =H10 -> 2000 | U26: A
C27: Rated Voltage | Q27: UN2 | R27: = | S27: 400 | U27: kV
C28: Rated Knee Point Voltage, | Q28: Vk | R28: = | S28: =H13 -> 500 | U28: V
C29: Internal Resistance CT | Q29: Rct | R29: = | S29: =P21 -> 3.5 | U29: VA
C30: Conn. Lead + Relay Burden | Q30: RL | R30: = | S30: =J22 -> 1.0870224 | U30: VA
C31: Rated Secondary Current, | Q31: Isc | R31: = | S31: =O10 -> 1 | U31: A
C32: Nominal Frequency of the network | Q32: fn | R32: = | S32: 50
C34: Required OC factor condition. 1:
D35: At Max. Through fault current CT’s shall not saturate for currents below 5 times rated current.
I36: n' | J36: = | K36: Isc
K37: 5 * Ipn
C38: Required OC factor Condition 2:
D39: n2' >= 10 for TN <=120 msec
D40: n2' >= 20 for 120ms <= TN <=300 ms
B41: Where, | D41: n' = Required OC factor
D42: Isc = max. bus fault current
D43: Ipn = Rated primary current (A)
B47: Required OC factor condition 1:
C49: n'(1) | D49: = | E49: =S25 -> 50000
E50: ="5 x "&S26&"" -> 5 x 2000
C52: n'(1) | D52: = | E52: =S25/5/S26 -> 5
B54: Required OC factor condition 2:
E55: TN = | F55: 1 | H55: X | I55: X
G56: 2* ϖ* fn | I56: R
F58: 1 | J58: x | K58: 15
D59: TN | E59: = | F59: 2 * 3.14 * 50
E61: = | F61: =1*K58/(2*3.14*50) -> 0.047770701 | H61: sec
D62: TN | E62: = | F62: =F61*1000 -> 47.770701 | H62: ms
B64: Hence n'(2) 10 | E64: = | F64: 10
B66: Required OC factor n' >= max( n'(1) ; n'(2))
E67: n' >=max(4 ; 10)
B69: Therefore
C70: n' | D70: = | E70: 10 | G70: Necessary Condition
B72: Required secondary equivalent limiting secondary e.m.f
B73: Eal >= n' *(RCT+RL+Rr)*Isn
B74: = | C74: =E70 -> 10 | D74: x | E74: ( | F74: =S29 -> 3.5 | H74: + | I74: =S30 -> 1.0870224 | J74: + | K74: =J18 -> 0.01 | L74: ) | M74: x | N74: 1
B75: Eal | C75: = | D75: =C74*(F74+I74+K74)*N74 -> 45.970224 | E75: V
B77: According to IEC 61869 class PX | J77: Eknee | L77: > | N77: 0.8*Eal
L78: = | N78: =0.8*D75 -> 36.77618
F79: With design margin 120% | L79: = | N79: =N78*1.2 -> 44.131415
K80: Available Vk | L80: =IF(I81>M81,">","<") -> > | M80: Required Vk
I81: =S28 -> 500 | L81: =IF(I81>=M81,">","<") -> > | M81: =N79 -> 44.131415
K82: Hence CT is: | M82: =IF(I81>M81,"Suitably Dimensioned","Under Dimensioned") -> Suitably Dimensioned
B89: =B7 -> T1 | D89: =D7 -> Core5 | H89: =H7 -> (Low Imp. Busbar) | S89: Connected devices: | T89: =T7 -> REB500
T90: =T8 -> 0
H91: Tap-1 | J91: Tap-2 | L91: Tap-3 | T91: =T9 -> 0
B92: CT Ratio: | H92: =H10 -> 2000 | J92: =J10 -> 3200 | L92: =L10 -> - | N92: / | O92: =O10 -> 1 | P92: A
B93: Class of Accuracy: | J93: =H11 -> PX
B94: CT Resistance: | I94: Rct< | J94: 5 | L94: W
B95: Knee Point Voltage: | I95: Vk> | J95: 900 | L95: V | W95: =M162 -> Required Vk
B96: Magnetizing Current: | I96: I0< | J96: 10 | L96: mA at Vk
A98: Other Burdens on same CT core:
B100: Burden of | D100: =T89 -> REB500 | I100: = | J100: =J18 -> 0.01 | L100: VA | N100: CT internal Burden
B101: Burden of | D101: =T90 -> 0 | I101: = | J101: =J19 -> 0 | L101: VA | N101: PE | O101: = | P101: In | Q101: x | R101: In | S101: x | T101: Rct
B102: Burden of | D102: =T91 -> 0 | I102: = | J102: =J20 -> 0 | L102: VA | O102: = | P102: =O92 -> 1 | Q102: x | R102: =O92 -> 1 | S102: x | T102: =J94 -> 5
B103: Total lead burden | I103: = | J103: =J21 -> 1.0770224 | L103: VA | O103: = | P103: =P102*R102*T102 -> 5 | R103: VA
B104: Total lead + other burden | H104: PL | I104: = | J104: =SUM(J100:J103) -> 1.0870224 | L104: VA
B106: CT-Requirements for BB Protection
C107: Maximum Primary Fault Current | Q107: Isc | R107: = | S107: 31500 | U107: A | V107: **
C108: CT Primary Current, | Q108: Ipn | R108: = | S108: =J92 -> 3200 | U108: A
C109: Rated Voltage | Q109: UN2 | R109: = | S109: 33 | U109: kV
C110: Rated Knee Point Voltage, | Q110: Vk | R110: = | S110: =J95 -> 900 | U110: V
C111: Internal Resistance CT | Q111: Rct | R111: = | S111: =P103 -> 5 | U111: VA
C112: Conn. Lead + Relay Burden | Q112: RL | R112: = | S112: =J104 -> 1.0870224 | U112: VA
C113: Rated Secondary Current, | Q113: Isc | R113: = | S113: =O92 -> 1 | U113: A
C114: Nominal Frequency of the network | Q114: fn | R114: = | S114: 50
C116: Required OC factor condition. 1:
D117: At Max. Through fault current CT’s shall not saturate for currents below 5 times rated current.
I118: n' | J118: = | K118: Isc
K119: 5 * Ipn
B120: Required OC factor Condition 2:
C121: n2' >= 10 for TN <=120 msec
C122: n2' >= 20 for 120ms <= TN <=300 ms
B123: Where,
C124: n' = Required OC factor
C125: Isc = max. bus fault current
C126: Ipn = Rated primary current (A)
K127: ** | L127: Rated Bus fault current
B130: Required OC factor condition 1:
C132: n'(1) | D132: = | E132: =S107 -> 31500
...

Sheet HVC1 - REF650
A1: HITACHI | H1: =[4]Title!H1 -> CT / VT | O1: =Title!O1 -> Contract No. | R1: =Title!R1 -> N-19957.2-DF4W
H2: =[4]Title!H2 -> ADEQUACY CHECK | O2: =Title!O2 -> Date | R2: =Title!R2 -> 46134
H3: =Title!H3 -> 132/33kV SUBSTATION DF4W AT AL DHAFRA AREA | O3: =Title!O3 -> Document No. | R3: =Title!R3 -> -
O4: =Title!O4 -> Revision No. | R4: =Title!R4 -> A
A5: =[4]Title!A5 -> Prep. By | C5: =[4]Title!C5 -> AK | D5: =[4]Title!D5 -> Checked By | G5: =[4]Title!G5 -> LN | H5: Transformer | O5: =Title!O5 -> Contractor | R5: =Title!R5 -> HITACHI
B7: T1 | D7: Core1 | S7: Connected devices: | T7: REF650
H9: Tap-1 | J9: Tap-2 | L9: Tap-3
B10: CT Ratio: | H10: 1250 | J10: - | L10: - | N10: / | O10: 1 | P10: A
B11: Class of Accuracy: | H11: PX-B
B12: CT Resistance: | G12: Rct< | H12: 5 | J12: W
B13: Knee Point Voltage: | G13: Vk> | H13: 750 | J13: V | W13: =G56 -> Suitably Dimentioned
B14: Magnetizing Current: | G14: I0< | H14: 60 | J14: mA at Vk
A16: Other Burdens on same CT core:
B18: Burden of | D18: =T7 -> REF650 | I18: = | J18: ='CT-VT Burdens'!Q104 -> 0.02 | L18: VA | N18: CT internal Burden
B19: Burden of | D19: =T8 -> 0 | I19: = | L19: VA
B20: Burden of | D20: =T9 -> 0 | I20: = | L20: VA | N20: PE | O20: = | P20: In | Q20: x | R20: In | S20: x | T20: Rct
B21: Total lead burden | I21: = | J21: ='CT-VT Burdens'!S69 -> 2.5889401 | L21: VA | O21: = | P21: =O10 -> 1 | Q21: x | R21: =O10 -> 1 | S21: x | T21: =H12 -> 5
B22: Total lead + other burden | H22: PL | I22: = | J22: =SUM(J18:J21) -> 2.6089401 | L22: VA | O22: = | P22: =P21*R21*T21 -> 5 | R22: VA
A24: The design values according to BS can be approximately transferred in to IEC60044 Standard using the following formula:
C27: Vk | D27: = | E27: ( ( | F27: PN | G27: + | H27: PE | I27: ) x | J27: n | K27: ) / ( | L27: In | M27: x | N27: 1.3 | O27: )
A28: Or
C29: PN | D29: = | E29: ( ( | F29: 1.3 | G29: x | H29: Vk | J29: x | K29: In | L29: ) / | M29: n | N29: ) - | O29: PE
C31: Max through fault current at close in fault | Q31: Itkmax | R31: = | S31: ='Parameters & Fault Cal. (4)'!Q10 *1000 -> 50000 | U31: A
C32: CT Primary Current, | Q32: Ipn | R32: = | S32: =H10 -> 1250 | U32: A
C33: Rated Knee Point Voltage, | Q33: Vk | R33: = | S33: =H13 -> 750 | U33: V
C34: Internal Burden, | Q34: PE | R34: = | S34: =P22 -> 5 | U34: VA
C35: Burden of CT Leads and burden of connected devices | Q35: PL | R35: = | S35: =J22 -> 2.6089401 | U35: VA
C36: Rated Secondary Current, | Q36: In | R36: = | S36: =O10 -> 1 | U36: A
C37: CT Accuracy Limiting Factor | Q37: n | R37: = | S37: 20
C38: Rated CT Burden | Q38: PN | R38: = | S38: =E42 -> 43.75
C40: PN | D40: = | E40: ( ( | F40: 1.3 | G40: x | H40: Vk | J40: x | K40: In | L40: ) / | M40: n | N40: ) - | O40: PE
D41: = | E41: ( ( | F41: 1.3 | G41: x | H41: =S33 -> 750 | J41: x | K41: =S36 -> 1 | L41: ) / | M41: =S37 -> 20 | N41: ) - | O41: =S34 -> 5
D42: = | E42: =((F41*H41)/(K41*M41))-O41 -> 43.75 | G42: VA
E46: Required Kssc' | F46: = | G46: Itkmax | I46: / | J46: Ipn
F47: = | G47: =S31 -> 50000 | I47: / | J47: =S32 -> 1250
F48: = | G48: =G47/J47 -> 40
E50: Available (effective) Kssc' | F50: = | G50: n | H50: x ( ( | I50: PE | J50: + | K50: PN | L50: ) / ( | M50: PE | N50: + | O50: PL | P50: )
F51: = | G51: =S37 -> 20 | H51: x ( ( | I51: =S34 -> 5 | J51: + | K51: =E42 -> 43.75 | L51: ) / ( | M51: =S34 -> 5 | N51: + | O51: =S35 -> 2.6089401 | P51: )
F52: = | G52: =G51*((I51+K51)/(M51+O51)) -> 128.13874
E54: Available Kssc' | F54: =IF(D55>G55,">","<") -> > | G54: Required Kssc'
D55: =G52 -> 128.13874 | F55: =F54 -> > | G55: =G48 -> 40
E56: Hence CT is: | G56: =IF(F54=">","Suitably Dimentioned","Under Dimentioned") -> Suitably Dimentioned
B88: =B7 -> T1 | D88: =D7 -> Core1 | H88: =H7 -> 0 | S88: Connected devices: | T88: =T7 -> REF650
B89: =B8 -> 0 | T89: =T8 -> 0
H90: Tap-1 | J90: Tap-2 | L90: Tap-3 | T90: =T9 -> 0
B91: CT Ratio: | H91: =H10 -> 1250 | J91: =J10 -> - | L91: =L10 -> - | N91: / | O91: =O10 -> 1 | P91: A
B92: Class of Accuracy: | J92: =H11 -> PX-B
B93: CT Resistance: | I93: Rct< | J93: 5 | L93: W
B94: Knee Point Voltage: | I94: Vk> | J94: 500 | L94: V | W94: =G142 -> #VALUE!
B95: Magnetizing Current: | I95: I0< | J95: 50 | L95: mA at Vk
A97: Other Burdens on same CT core:
B99: Burden of | D99: =T88 -> REF650 | I99: = | J99: =J18 -> 0.02 | L99: VA | N99: CT internal Burden
B100: Burden of | D100: =T89 -> 0 | I100: = | J100: =J19 -> 0 | L100: VA
B101: Burden of | D101: =T90 -> 0 | I101: = | J101: =J20 -> 0 | L101: VA | N101: PE | O101: = | P101: In | Q101: x | R101: In | S101: x | T101: Rct
B102: Total lead burden | I102: = | J102: =J21 -> 2.5889401 | L102: VA | O102: = | P102: =O91 -> 1 | Q102: x | R102: =O91 -> 1 | S102: x | T102: =J93 -> 5
B103: Total lead + other burden | H103: PL | I103: = | J103: =SUM(J99:J102) -> 2.6089401 | L103: VA | O103: = | P103: =P102*R102*T102 -> 5 | R103: VA
A105: The design values according to BS can be approximately transferred in to IEC60044 Standard using the following formula:
C108: Vk | D108: = | E108: ( ( | F108: PN | G108: + | H108: PE | I108: ) x | J108: n | K108: ) / ( | L108: In | M108: x | N108: 1.3 | O108: )
A109: Or
C110: PN | D110: = | E110: ( ( | F110: 1.3 | G110: x | H110: Vk | J110: x | K110: In | L110: ) / | M110: n | N110: ) - | O110: PE
C112: Max through fault current at close in fault | Q112: Itkmax | R112: = | S112: 40000 | U112: A
C113: CT Primary Current, | Q113: Ipn | R113: = | S113: =J91 -> - | U113: A
C114: Rated Knee Point Voltage, | Q114: Vk | R114: = | S114: =J94 -> 500 | U114: V
C115: Internal Burden, | Q115: PE | R115: = | S115: =P103 -> 5 | U115: VA
C116: Burden of CT Leads and burden of connected devices | Q116: PL | R116: = | S116: =J103 -> 2.6089401 | U116: VA
C117: Rated Secondary Current, | Q117: In | R117: = | S117: =O91 -> 1 | U117: A
C118: CT Accuracy Limiting Factor | Q118: n | R118: = | S118: 20
C119: Rated CT Burden | Q119: PN
C121: PN | D121: = | E121: ( ( | F121: 1.3 | G121: x | H121: Vk | J121: x | K121: In | L121: ) / | M121: n | N121: ) - | O121: PE
D122: = | E122: ( ( | F122: 1.3 | G122: x | H122: =S114 -> 500 | J122: x | K122: =S117 -> 1 | L122: ) / | M122: =S118 -> 20 | N122: ) - | O122: =S115 -> 5
D123: = | E123: =((F122*H122)/(K122*M122))-O122 -> 27.5 | G123: VA
V130: ABB
E132: Required Kssc' | F132: = | G132: Itkmax | I132: / | J132: Ipn
F133: = | G133: =S112 -> 40000 | I133: / | J133: =S113 -> -
F134: = | G134: =G133/J133 -> #VALUE!
E136: Available (effective) Kssc' | F136: = | G136: n | H136: x ( ( | I136: PE | J136: + | K136: PN | L136: ) / ( | M136: PE | N136: + | O136: PL | P136: )
F137: = | G137: =S118 -> 20 | H137: x ( ( | I137: =S115 -> 5 | J137: + | K137: =E123 -> 27.5 | L137: ) / ( | M137: =S115 -> 5 | N137: + | O137: =S116 -> 2.6089401 | P137: )
F138: = | G138: =G137*((I137+K137)/(M137+O137)) -> 85.425827
E140: Available Kssc' | F140: =IF(D141>G141,">","<") -> #VALUE! | G140: Required Kssc'
D141: =G138 -> 85.425827 | F141: =F140 -> #VALUE! | G141: =G134 -> #VALUE!
E142: Hence CT is: | G142: =IF(F140=">","Suitably Dimentioned","Under Dimentioned") -> #VALUE!
V174: ABB
B176: =B88 -> T1 | D176: =D88 -> Core1 | H176: =H88 -> 0 | S176: Connected devices: | T176: =T88 -> REF650
B177: =B89 -> 0 | T177: =T89 -> 0
H178: Tap-1 | J178: Tap-2 | L178: Tap-3 | T178: =T90 -> 0
B179: CT Ratio: | H179: =H91 -> 1250 | J179: =J91 -> - | L179: =L91 -> - | N179: / | O179: =O91 -> 1 | P179: A
B180: Class of Accuracy: | L180: =J92 -> PX-B
B181: CT Resistance: | K181: Rct< | L181: 3 | N181: W
B182: Knee Point Voltage: | K182: Vk> | L182: 300 | N182: V | W182: =G230 -> #VALUE!
B183: Magnetizing Current: | K183: I0< | L183: 75 | N183: mA at Vk
A185: Other Burdens on same CT core:
B187: Burden of | D187: =T176 -> REF650 | I187: = | J187: =J99 -> 0.02 | L187: VA | N187: CT internal Burden
B188: Burden of | D188: =T177 -> 0 | I188: = | J188: =J100 -> 0 | L188: VA
B189: Burden of | D189: =T178 -> 0 | I189: = | J189: =J101 -> 0 | L189: VA | N189: PE | O189: = | P189: In | Q189: x | R189: In | S189: x | T189: Rct
B190: Total lead burden | I190: = | J190: =J102 -> 2.5889401 | L190: VA | O190: = | P190: =O179 -> 1 | Q190: x | R190: =O179 -> 1 | S190: x | T190: =L181 -> 3
B191: Total lead + other burden | H191: PL | I191: = | J191: =SUM(J187:J190) -> 2.6089401 | L191: VA | O191: = | P191: =P190*R190*T190 -> 3 | R191: VA
A193: The design values according to BS can be approximately transferred in to IEC60044 Standard using the following formula:
C196: Vk | D196: = | E196: ( ( | F196: PN | G196: + | H196: PE | I196: ) x | J196: n | K196: ) / ( | L196: In | M196: x | N196: 1.3 | O196: )
A197: Or
C198: PN | D198: = | E198: ( ( | F198: 1.3 | G198: x | H198: Vk | J198: x | K198: In | L198: ) / | M198: n | N198: ) - | O198: PE
...

Sheet MFAC+MVTP
A1: HITACHI | H1: =[5]Title!H1 -> CT / VT | O1: =[5]Title!O1 -> Contract No. | R1: =Title!R1 -> N-19957.2-DF4W
H2: =[5]Title!H2 -> ADEQUACY CHECK | O2: =[5]Title!O2 -> Date | R2: =Title!R2 -> 46134
H3: =Title!H3 -> 132/33kV SUBSTATION DF4W AT AL DHAFRA AREA | O3: =[5]Title!O3 -> Document No. | R3: =Title!R3 -> -
O4: =[5]Title!O4 -> Revision No. | R4: =Title!R4 -> A
A5: =[5]Title!A5 -> Prep. By | C5: =[5]Title!C5 -> AP | D5: =[5]Title!D5 -> Checked By | G5: =[5]Title!G5 -> RB | H5: Transformer | O5: =[5]Title!O5 -> Contractor | R5: =Title!R5 -> HITACHI
B7: T1 | D7: Core2 | S7: Connected devices: | T7: MFAC
T8: MVTP
H9: Tap-1 | J9: Tap-2 | L9: Tap-3
B10: CT Ratio: | H10: 1250 | J10: - | L10: - | N10: / | O10: 1 | P10: A
B11: Class of Accuracy: | H11: PX-B
B12: CT Resistance: | G12: Rct< | H12: 5 | J12: W
B13: Knee Point Voltage: | G13: Vk> | H13: 750 | J13: V | W13: =#REF! -> #REF!
B14: Magnetizing Current: | G14: I0< | H14: 60 | J14: mA at Vk
A16: Other Burdens on same CT core:
B18: Burden of | D18: =T7 -> MFAC | I18: = | J18: ='CT-VT Burdens'!Q104 -> 0.02 | L18: VA
B19: Burden of | D19: =T8 -> MVTP | I19: = | J19: ='CT-VT Burdens'!Q104 -> 0.02 | L19: VA
B20: Burden of | D20: =T9 -> 0 | I20: = | L20: VA
B21: Total lead burden | I21: = | J21: ='CT-VT Burdens'!S24 -> 1.0770224 | L21: VA
B22: Total lead + other burden | H22: PL | I22: = | J22: =SUM(J18:J21) -> 1.1170224 | L22: VA
C24: Max primary through fault current for which stability is required | Q24: IF | R24: = | S24: ='Parameters & Fault Cal. (4)'!M71 -> 42229.804 | U24: A
C25: CT Primary Current | Q25: Ipn | R25: = | S25: =H10 -> 1250 | U25: A
C26: Max secondary fault current (same for all feeders) | Q26: Ifmax | R26: = | S26: =S24/S25*O10 -> 33.783843 | U26: A
C27: Resistance of each lead between the relay and CT | Q27: 2Rw | R27: = | S27: =J22/O10*O10 -> 1.1170224 | U27: W
C28: Max primary contribution from a feeder to an internal fault | Q28: IFmax int | R28: = | S28: =20*S25 -> 25000 | U28: A
C29: Max secondary contribution from a feeder to an internal fault | Q29: Ifmax int | R29: = | S29: =S28/S25 -> 20 | U29: A
A31: The CT requirement is as follows:
A33: Criteria I
B35: Vk | D35: >= | E35: 2 | F35: x | G35: IF | I35: x ( | J35: Rct | L35: + | M35: 2Rw | O35: )
D36: = | E36: 2 | F36: x | G36: =S26 -> 33.783843 | I36: x ( | J36: =H12 -> 5 | L36: + | M36: =S27 -> 1.1170224 | O36: )
D37: = | E37: =E36*G36*(J36+M36) -> 413.31306
A39: Adequacy Check
F42: Available Vk | G42: =IF(E43>H43, ">","<") -> > | H42: Required Vk
E43: =H13 -> 750 | G43: =G42 -> > | H43: =E37 -> 413.31306
F45: Hence CT is: | H45: =IF(G43=">","Suitably Dimentioned","Under Dimentioned") -> Suitably Dimentioned
A49: Summary of available CT parameters and its suitability
A50: CT / Core | D50: Ratio (A) | G50: CT Cable m/mm2 | I50: Class | K50: Rct @ 75OC (Ω) | M50: Rated Vk (V) | O50: Im @ Vk (mA) | Q50: Connected Devices | S50: CT Suitability
A51: =B7 -> T1 | B51: =D7 -> Core2 | D51: =H10 -> 1250 | F51: =O10 -> 1 | G51: ='CT-VT Burdens'!S21 -> 120 | H51: ='CT-VT Burdens'!S10 -> 6 | I51: =H11 -> PX-B | K51: =H12 -> 5 | M51: =H13 -> 750 | O51: =H14 -> 60 | Q51: =IF(T8="",T7,IF(T9="",T7&" "&T8,T7&" "&T8&" "&T9)) -> MFAC MVTP | S51: =H45 -> Suitably Dimentioned
D52: - | K52: - | M52: - | O52: - | S52: -
D53: - | K53: - | M53: - | O53: - | S53: -

Sheet BUP BCU(2)
A1: HITACHI | H1: =[4]Title!H1 -> CT / VT | O1: =Title!O1 -> Contract No. | R1: =Title!R1 -> N-19957.2-DF4W
H2: =[4]Title!H2 -> ADEQUACY CHECK | O2: =Title!O2 -> Date | R2: =Title!R2 -> 46134
H3: =Title!H3 -> 132/33kV SUBSTATION DF4W AT AL DHAFRA AREA | O3: =Title!O3 -> Document No. | R3: =Title!R3 -> -
O4: =Title!O4 -> Revision No. | R4: =Title!R4 -> A
A5: =[4]Title!A5 -> Prep. By | C5: =[4]Title!C5 -> AK | D5: =[4]Title!D5 -> Checked By | G5: =[4]Title!G5 -> LN | H5: Transformer | O5: =Title!O5 -> Contractor | R5: =Title!R5 -> HITACHI
B7: T1 | D7: Core3 | S7: Connected devices: | T7: REF650
T8: REC670
H9: Tap-1 | J9: Tap-2 | L9: Tap-3 | T9: IDM+18
B10: CT Ratio: | H10: 1250 | J10: - | L10: - | N10: / | O10: 1 | P10: A | T10: P141
B11: Class of Accuracy: | H11: 5P20 | T11: PQ100
B12: CT Resistance: | G12: Rct< | H12: 5 | J12: W | T12: PM7500
B13: Knee Point Voltage: | G13: Vk> | J13: V | W13: =G60 -> Suitably Dimentioned
B14: Magnetizing Current: | G14: I0< | J14: mA at Vk
A16: Other Burdens on same CT core:
B18: Burden of | D18: =T7 -> REF650 | I18: = | J18: ='CT-VT Burdens'!Q104 -> 0.02 | L18: VA | N18: CT internal Burden
B19: Burden of | D19: =T8 -> REC670 | I19: = | J19: ='CT-VT Burdens'!Q104 -> 0.02 | L19: VA
B20: Burden of | D20: =T9 -> IDM+18 | I20: = | J20: ='CT-VT Burdens'!Q149 -> 0.058 | L20: VA | N20: PE | O20: = | P20: In | Q20: x | R20: In | S20: x | T20: Rct
B21: Burden of | D21: =T10 -> P141 | J21: ='CT-VT Burdens'!Q161 -> 0.04
B22: Burden of | D22: =T11 -> PQ100
B23: Total lead burden | I23: = | J23: ='CT-VT Burdens'!S24 -> 1.0770224 | L23: VA | O23: = | P23: =O10 -> 1 | Q23: x | R23: =O10 -> 1 | S23: x | T23: =H12 -> 5
B24: Total lead + other burden | H24: PL | I24: = | J24: =SUM(J18:J23) -> 1.2150224 | L24: VA | O24: = | P24: =P23*R23*T23 -> 5 | R24: VA
A26: The design values according to BS can be approximately transferred in to IEC60044 Standard using the following formula: | W26: The design values according to BS can be approximately transferred in to IEC60044 Standard using the following formula:
C29: Vk | D29: = | E29: ( ( | F29: PN | G29: + | H29: PE | I29: ) x | J29: n | K29: ) / ( | L29: In | M29: x | N29: 1.3 | O29: )
A30: Or
C31: PN | D31: = | E31: ( ( | F31: 1.3 | G31: x | H31: Vk | J31: x | K31: In | L31: ) / | M31: n | N31: ) - | O31: PE
C33: Max through fault current at close in fault | Q33: Itkmax | R33: = | S33: ='Parameters & Fault Cal. (4)'!Q32 -> 50000 | U33: A
C34: CT Primary Current, | Q34: Ipn | R34: = | S34: =H10 -> 1250 | U34: A
C35: Rated Knee Point Voltage, | Q35: Vk | R35: = | S35: =H13 -> 0 | U35: V
C36: Internal Burden, | Q36: PE | R36: = | S36: =P24 -> 5 | U36: VA
C37: Burden of CT Leads and burden of connected devices | Q37: PL | R37: = | S37: =J24 -> 1.2150224 | U37: VA
C38: Rated Secondary Current, | Q38: In | R38: = | S38: =O10 -> 1 | U38: A
C39: CT Accuracy Limiting Factor | Q39: n | R39: = | S39: 20
C40: Rated CT Burden | Q40: PN | R40: = | S40: 30
C44: PN | D44: = | E44: ( ( | F44: 1.3 | G44: x | H44: Vk | J44: x | K44: In | L44: ) / | M44: n | N44: ) - | O44: PE
D45: = | E45: ( ( | F45: 1.3 | G45: x | H45: =S35 -> 0 | J45: x | K45: =S38 -> 1 | L45: ) / | M45: =S39 -> 20 | N45: ) - | O45: =S36 -> 5
D46: = | E46: =((F45*H45)/(K45*M45))-O45 -> -5 | G46: VA
E50: Required Kssc' | F50: = | G50: Itkmax | I50: / | J50: Ipn
F51: = | G51: =S33 -> 50000 | I51: / | J51: =S34 -> 1250
F52: = | G52: =G51/J51 -> 40
E54: Available (effective) Kssc' | F54: = | G54: n | H54: x ( ( | I54: PE | J54: + | K54: PN | L54: ) / ( | M54: PE | N54: + | O54: PL | P54: )
F55: = | G55: =S39 -> 20 | H55: x ( ( | I55: =S36 -> 5 | J55: + | K55: =S40 -> 30 | L55: ) / ( | M55: =S36 -> 5 | N55: + | O55: =S37 -> 1.2150224 | P55: )
F56: = | G56: =G55*((I55+K55)/(M55+O55)) -> 112.63033
E58: Available Kssc' | F58: =IF(D59>G59,">","<") -> > | G58: Required Kssc'
D59: =G56 -> 112.63033 | F59: =F58 -> > | G59: =G52 -> 40
E60: Hence CT is: | G60: =IF(F58=">","Suitably Dimentioned","Under Dimentioned") -> Suitably Dimentioned
A90: Summary of available CT parameters and its suitability
A91: CT / Core | D91: Ratio (A) | G91: CT Cable m/mm2 | I91: Class | K91: CT Resistance (W) @ 75OC | M91: Limiting Secondary Voltage (Ual), V | O91: Mag. Current (Io), mA at Vk | Q91: Relay / Instrument Type | S91: CT Suitability
A95: =B7 -> T1 | B95: =D7 -> Core3 | D95: =H10 -> 1250 | F95: =O10 -> 1 | G95: ='CT-VT Burdens'!S21 -> 120 | H95: ='CT-VT Burdens'!S10 -> 6 | I95: =H11 -> 5P20 | J95: =#REF! -> #REF! | K95: =H12 -> 5 | M95: - | O95: - | Q95: =IF(T8="",T7,IF(T9="",T7&" "&T8,T7&" "&T8&" "&T9)) -> REF650 REC670 IDM+18 | S95: =G60 -> Suitably Dimentioned
D96: - | K96: - | M96: - | O96: - | S96: -
D97: - | K97: - | M97: - | O97: - | S97: -

Sheet BBP FU1 - REB500 (2)
A1: HITACHI | H1: =Title!H1 -> CT / VT | O1: =Title!O1 -> Contract No. | R1: =Title!R1 -> N-19957.2-DF4W
H2: =Title!H2 -> ADEQUACY CHECK | O2: =Title!O2 -> Date | R2: =Title!R2 -> 46134
H3: =Title!H3 -> 132/33kV SUBSTATION DF4W AT AL DHAFRA AREA | O3: =Title!O3 -> Document No. | R3: =Title!R3 -> -
O4: =Title!O4 -> Revision No. | R4: =Title!R4 -> A
A5: =Title!A5 -> Prep. By | C5: =Title!C5 -> AP | D5: =Title!D5 -> Checked By | G5: =Title!G5 -> RB | H5: Transformer | O5: =Title!O5 -> Contractor | R5: =Title!R5 -> HITACHI
B7: T1 | D7: Core4 | S7: Connected devices: | T7: REB500
H9: Tap-1 | J9: Tap-2 | L9: Tap-3
B10: CT Ratio: | H10: 2500 | J10: - | L10: - | N10: / | O10: 1 | P10: A
B11: Class of Accuracy: | H11: PX-B
B12: CT Resistance: | G12: Rct< | H12: 5 | J12: W
B13: Knee Point Voltage: | G13: Vk> | H13: 750 | J13: V | W13: =#REF! -> #REF!
B14: Magnetizing Current: | G14: I0< | H14: 60 | J14: mA at Vk
A16: Other Burdens on same CT core:
B18: Burden of | D18: =T7 -> REB500 | I18: = | J18: ='CT-VT Burdens'!Q105 -> 0.01 | L18: VA | N18: CT internal Burden
B19: Burden of | D19: =T8 -> 0 | I19: = | L19: VA | N19: PE | O19: = | P19: In | Q19: x | R19: In | S19: x | T19: Rct
B20: Burden of | D20: =T9 -> 0 | I20: = | L20: VA | O20: = | P20: =O10 -> 1 | Q20: x | R20: =O10 -> 1 | S20: x | T20: =H12 -> 5
B21: Total lead burden | I21: = | J21: ='CT-VT Burdens'!S24 -> 1.0770224 | L21: VA | O21: = | P21: =P20*R20*T20 -> 5 | R21: VA
B22: Total lead + other burden | H22: PL | I22: = | J22: =SUM(J18:J21) -> 1.0870224 | L22: VA
B24: CT-Requirements for BB Protection
C25: Maximum Primary Fault Current | Q25: Isc | R25: = | S25: ='Parameters & Fault Cal. (4)'!Q10 *1000 -> 50000 | U25: A
C26: CT Primary Current, | Q26: Ipn | R26: = | S26: =H10 -> 2500 | U26: A
C27: Rated Voltage | Q27: UN2 | R27: = | S27: 400 | U27: kV
C28: Rated Knee Point Voltage, | Q28: Vk | R28: = | S28: =H13 -> 750 | U28: V
C29: Internal Resistance CT | Q29: Rct | R29: = | S29: =P21 -> 5 | U29: VA
C30: Conn. Lead + Relay Burden | Q30: RL | R30: = | S30: =J22 -> 1.0870224 | U30: VA
C31: Rated Secondary Current, | Q31: Isc | R31: = | S31: =O10 -> 1 | U31: A
C32: Nominal Frequency of the network | Q32: fn | R32: = | S32: 50
C34: Required OC factor condition. 1:
D35: At Max. Through fault current CT’s shall not saturate for currents below 5 times rated current.
I36: n' | J36: = | K36: Isc
K37: 5 * Ipn
C38: Required OC factor Condition 2:
D39: n2' >= 10 for TN <=120 msec
D40: n2' >= 20 for 120ms <= TN <=300 ms
B41: Where, | D41: n' = Required OC factor
D42: Isc = max. bus fault current
D43: Ipn = Rated primary current (A)
AB45: ** | AC45: Rated Bus fault current
B48: Required OC factor condition 1:
C50: n'(1) | D50: = | E50: =S25 -> 50000
E51: ="5 x "&S26&"" -> 5 x 2500
C53: n'(1) | D53: = | E53: =S25/5/S26 -> 4
B55: Required OC factor condition 2:
E56: TN = | F56: 1 | H56: X | I56: X
G57: 2* ϖ* fn | I57: R
F59: 1 | J59: x | K59: 15
D60: TN | E60: = | F60: 2 * 3.14 * 50
E62: = | F62: =1*K59/(2*3.14*50) -> 0.047770701 | H62: sec
D63: TN | E63: = | F63: =F62*1000 -> 47.770701 | H63: ms
B65: Hence n'(2) 10 | E65: = | F65: 10
B67: Required OC factor n' >= max( n'(1) ; n'(2))
E68: n' >=max(4 ; 10)
B70: Therefore
C71: n' | D71: = | E71: 10 | G71: Necessary Condition
B73: Required secondary equivalent limiting secondary e.m.f
B74: Eal >= n' *(RCT+RL+Rr)*Isn
B75: = | C75: =E71 -> 10 | D75: x | E75: ( | F75: =S29 -> 5 | H75: + | I75: =S30 -> 1.0870224 | J75: + | K75: =J18 -> 0.01 | L75: ) | M75: x | N75: 1
B76: Eal | C76: = | D76: =C75*(F75+I75+K75)*N75 -> 60.970224 | E76: V
B78: According to IEC 61869 class PX | J78: Eknee | L78: > | N78: 0.8*Eal
L79: = | N79: =0.8*D76 -> 48.77618
F80: With design margin 120% | L80: = | N80: =N79*1.2 -> 58.531415
K81: Available Vk | L81: =IF(I82>M82,">","<") -> > | M81: Required Vk
I82: =S28 -> 750 | L82: =IF(I82>=M82,">","<") -> > | M82: =N80 -> 58.531415
K83: Hence CT is: | M83: =IF(I82>M82,"Suitable Dimensions","Under Dimensioned") -> Suitable Dimensions
B89: =B7 -> T1 | D89: =D7 -> Core4 | H89: =H7 -> 0 | S89: Connected devices: | T89: =T7 -> REB500
T90: =T8 -> 0
H91: Tap-1 | J91: Tap-2 | L91: Tap-3 | T91: =T9 -> 0
B92: CT Ratio: | H92: =H10 -> 2500 | J92: =J10 -> - | L92: =L10 -> - | N92: / | O92: =O10 -> 1 | P92: A
B93: Class of Accuracy: | J93: =H11 -> PX-B
B94: CT Resistance: | I94: Rct< | J94: 9.3 | L94: W
B95: Knee Point Voltage: | I95: Vk> | J95: 500 | L95: V | W95: =M162 -> Required Vk
B96: Magnetizing Current: | I96: I0< | J96: 60 | L96: mA at Vk
A98: Other Burdens on same CT core:
B100: Burden of | D100: =T89 -> REB500 | I100: = | J100: =J18 -> 0.01 | L100: VA | N100: CT internal Burden
B101: Burden of | D101: =T90 -> 0 | I101: = | J101: =J19 -> 0 | L101: VA | N101: PE | O101: = | P101: In | Q101: x | R101: In | S101: x | T101: Rct
B102: Burden of | D102: =T91 -> 0 | I102: = | J102: =J20 -> 0 | L102: VA | O102: = | P102: =O92 -> 1 | Q102: x | R102: =O92 -> 1 | S102: x | T102: =J94 -> 9.3
B103: Total lead burden | I103: = | J103: =J21 -> 1.0770224 | L103: VA | O103: = | P103: =P102*R102*T102 -> 9.3 | R103: VA
B104: Total lead + other burden | H104: PL | I104: = | J104: =SUM(J100:J103) -> 1.0870224 | L104: VA
B106: CT-Requirements for BB Protection
C107: Maximum Primary Fault Current | Q107: Isc | R107: = | S107: 31500 | U107: A | V107: **
C108: CT Primary Current, | Q108: Ipn | R108: = | S108: =J92 -> - | U108: A
C109: Rated Voltage | Q109: UN2 | R109: = | S109: 33 | U109: kV
C110: Rated Knee Point Voltage, | Q110: Vk | R110: = | S110: =J95 -> 500 | U110: V
C111: Internal Resistance CT | Q111: Rct | R111: = | S111: =P103 -> 9.3 | U111: VA
C112: Conn. Lead + Relay Burden | Q112: RL | R112: = | S112: =J104 -> 1.0870224 | U112: VA
C113: Rated Secondary Current, | Q113: Isc | R113: = | S113: =O92 -> 1 | U113: A
C114: Nominal Frequency of the network | Q114: fn | R114: = | S114: 50
C116: Required OC factor condition. 1:
D117: At Max. Through fault current CT’s shall not saturate for currents below 5 times rated current.
I118: n' | J118: = | K118: Isc
K119: 5 * Ipn
B120: Required OC factor Condition 2:
C121: n2' >= 10 for TN <=120 msec
C122: n2' >= 20 for 120ms <= TN <=300 ms
B123: Where,
C124: n' = Required OC factor
C125: Isc = max. bus fault current
C126: Ipn = Rated primary current (A)
K127: ** | L127: Rated Bus fault current
B130: Required OC factor condition 1:
...

Sheet BBP 743(2)
A1: HITACHI | H1: =[5]Title!H1 -> CT / VT | O1: =[5]Title!O1 -> Contract No. | R1: =Title!R1 -> N-19957.2-DF4W
H2: =[5]Title!H2 -> ADEQUACY CHECK | O2: =[5]Title!O2 -> Date | R2: =Title!R2 -> 46134
H3: =Title!H3 -> 132/33kV SUBSTATION DF4W AT AL DHAFRA AREA | O3: =[5]Title!O3 -> Document No. | R3: =Title!R3 -> -
O4: =[5]Title!O4 -> Revision No. | R4: =Title!R4 -> A
A5: =[5]Title!A5 -> Prep. By | C5: =[5]Title!C5 -> AP | D5: =[5]Title!D5 -> Checked By | G5: =[5]Title!G5 -> RB | H5: Transformer | O5: =[5]Title!O5 -> Contractor | R5: =Title!R5 -> HITACHI
B7: T1 | D7: Core5 | S7: Connected devices: | T7: P743
H9: Tap-1 | J9: Tap-2 | L9: Tap-3
B10: CT Ratio: | H10: 2500 | J10: - | L10: - | N10: / | O10: 1 | P10: A
B11: Class of Accuracy: | H11: PX-B
B12: CT Resistance: | G12: Rct< | H12: 5 | J12: W
B13: Knee Point Voltage: | G13: Vk> | H13: 750 | J13: V | W13: =H58 -> Suitably Dimentioned
B14: Magnetizing Current: | G14: I0< | H14: 60 | J14: mA at Vk
A16: Other Burdens on same CT core:
B18: Burden of | D18: =T7 -> P743 | I18: = | J18: ='CT-VT Burdens'!Q159 -> 0.1 | L18: VA
B19: Burden of | D19: =T8 -> 0 | I19: = | L19: VA
B20: Burden of | D20: =T9 -> 0 | I20: = | L20: VA
B21: Total lead burden | I21: = | J21: ='CT-VT Burdens'!S24 -> 1.0770224 | L21: VA
B22: Total lead + other burden | H22: PL | I22: = | J22: =SUM(J18:J21) -> 1.1770224 | L22: VA
C24: Max primary fault current (same for all feeders) | Q24: IFmax | R24: = | S24: ='Parameters & Fault Cal. (4)'!Q10 *1000 -> 50000 | U24: A
C25: CT Primary Current | Q25: Ipn | R25: = | S25: =H10 -> 2500 | U25: A
C26: Max secondary fault current (same for all feeders) | Q26: Ifmax | R26: = | S26: =S24/S25*O10 -> 20 | U26: A
C27: Resistive burden of CT Leads (2Rl) and other connected devices | Q27: Rb' | R27: = | S27: =J22/O10*O10 -> 1.1770224 | U27: W
C28: Max primary contribution from a feeder to an internal fault | Q28: IFmax int | R28: = | S28: =20*S25 -> 50000 | U28: A
C29: Max secondary contribution from a feeder to an internal fault | Q29: Ifmax int | R29: = | S29: =S28/S25 -> 20 | U29: A
A31: The CT requirement is as follows:
A33: Criteria I
B35: Vk | D35: >= | E35: 0.5 | F35: x | G35: Ifmax | I35: x ( | J35: Rct | L35: + | M35: Rb' | O35: )
D36: = | E36: 0.5 | F36: x | G36: =S26 -> 20 | I36: x ( | J36: =H12 -> 5 | L36: + | M36: =S27 -> 1.1770224 | O36: )
D37: = | E37: =E36*G36*(J36+M36) -> 61.770224
A39: Criteria II
B41: Vk | D41: >= | E41: Ifmax int | G41: x ( | H41: Rct | J41: + | K41: Rb' | M41: )
D42: = | E42: =S29 -> 20 | G42: x ( | H42: =H12 -> 5 | J42: + | K42: =S27 -> 1.1770224 | M42: )
D43: = | E43: =E42*(H42+K42) -> 123.54045
A47: Adequacy Check
B49: Criteria I
F50: Available Vk | G50: =IF(E51>H51, ">","<") -> > | H50: Required Vk | L50: (Criteria I)
E51: =H13 -> 750 | G51: =G50 -> > | H51: =E37 -> 61.770224
F52: Hence: | H52: Criteria I | J52: is | K52: =IF(G51=">", "Satisfied", "Not Satisfied") -> Satisfied
B53: Criteria II
F54: Available Vk | G54: =IF(E55>H55, ">","<") -> > | H54: Required Vk | L54: (Criteria II)
E55: =H13 -> 750 | G55: =G54 -> > | H55: =E43 -> 123.54045
F56: Hence: | H56: Criteria II | J56: is | K56: =IF(G55=">", "Satisfied", "Not Satisfied") -> Satisfied
